TimeQuest Timing Analyzer report for q7
Sun Aug 23 19:23:00 2026
Quartus II 64-Bit Version 13.0.1 Build 232 06/12/2013 Service Pack 1 SJ Web Edition


---------------------
; Table of Contents ;
---------------------
  1. Legal Notice
  2. TimeQuest Timing Analyzer Summary
  3. Parallel Compilation
  4. Clocks
  5. Slow 1200mV 85C Model Fmax Summary
  6. Timing Closure Recommendations
  7. Slow 1200mV 85C Model Setup Summary
  8. Slow 1200mV 85C Model Hold Summary
  9. Slow 1200mV 85C Model Recovery Summary
 10. Slow 1200mV 85C Model Removal Summary
 11. Slow 1200mV 85C Model Minimum Pulse Width Summary
 12. Slow 1200mV 85C Model Setup: 'clk'
 13. Slow 1200mV 85C Model Hold: 'clk'
 14. Slow 1200mV 85C Model Minimum Pulse Width: 'clk'
 15. Setup Times
 16. Hold Times
 17. Clock to Output Times
 18. Minimum Clock to Output Times
 19. Slow 1200mV 85C Model Metastability Report
 20. Slow 1200mV 0C Model Fmax Summary
 21. Slow 1200mV 0C Model Setup Summary
 22. Slow 1200mV 0C Model Hold Summary
 23. Slow 1200mV 0C Model Recovery Summary
 24. Slow 1200mV 0C Model Removal Summary
 25. Slow 1200mV 0C Model Minimum Pulse Width Summary
 26. Slow 1200mV 0C Model Setup: 'clk'
 27. Slow 1200mV 0C Model Hold: 'clk'
 28. Slow 1200mV 0C Model Minimum Pulse Width: 'clk'
 29. Setup Times
 30. Hold Times
 31. Clock to Output Times
 32. Minimum Clock to Output Times
 33. Slow 1200mV 0C Model Metastability Report
 34. Fast 1200mV 0C Model Setup Summary
 35. Fast 1200mV 0C Model Hold Summary
 36. Fast 1200mV 0C Model Recovery Summary
 37. Fast 1200mV 0C Model Removal Summary
 38. Fast 1200mV 0C Model Minimum Pulse Width Summary
 39. Fast 1200mV 0C Model Setup: 'clk'
 40. Fast 1200mV 0C Model Hold: 'clk'
 41. Fast 1200mV 0C Model Minimum Pulse Width: 'clk'
 42. Setup Times
 43. Hold Times
 44. Clock to Output Times
 45. Minimum Clock to Output Times
 46. Fast 1200mV 0C Model Metastability Report
 47. Multicorner Timing Analysis Summary
 48. Setup Times
 49. Hold Times
 50. Clock to Output Times
 51. Minimum Clock to Output Times
 52. Board Trace Model Assignments
 53. Input Transition Times
 54. Signal Integrity Metrics (Slow 1200mv 0c Model)
 55. Signal Integrity Metrics (Slow 1200mv 85c Model)
 56. Signal Integrity Metrics (Fast 1200mv 0c Model)
 57. Setup Transfers
 58. Hold Transfers
 59. Report TCCS
 60. Report RSKM
 61. Unconstrained Paths
 62. TimeQuest Timing Analyzer Messages



----------------
; Legal Notice ;
----------------
Copyright (C) 1991-2013 Altera Corporation
Your use of Altera Corporation's design tools, logic functions 
and other software and tools, and its AMPP partner logic 
functions, and any output files from any of the foregoing 
(including device programming or simulation files), and any 
associated documentation or information are expressly subject 
to the terms and conditions of the Altera Program License 
Subscription Agreement, Altera MegaCore Function License 
Agreement, or other applicable license agreement, including, 
without limitation, that your use is for the sole purpose of 
programming logic devices manufactured by Altera and sold by 
Altera or its authorized distributors.  Please refer to the 
applicable agreement for further details.



+----------------------------------------------------------------------------------------+
; TimeQuest Timing Analyzer Summary                                                      ;
+--------------------+-------------------------------------------------------------------+
; Quartus II Version ; Version 13.0.1 Build 232 06/12/2013 Service Pack 1 SJ Web Edition ;
; Revision Name      ; q7                                                                ;
; Device Family      ; Cyclone IV GX                                                     ;
; Device Name        ; EP4CGX15BF14C6                                                    ;
; Timing Models      ; Final                                                             ;
; Delay Model        ; Combined                                                          ;
; Rise/Fall Delays   ; Enabled                                                           ;
+--------------------+-------------------------------------------------------------------+


Parallel compilation was disabled, but you have multiple processors available. Enable parallel compilation to reduce compilation time.
+-------------------------------------+
; Parallel Compilation                ;
+----------------------------+--------+
; Processors                 ; Number ;
+----------------------------+--------+
; Number detected on machine ; 8      ;
; Maximum allowed            ; 1      ;
+----------------------------+--------+


+---------------------------------------------------------------------------------------------------------------------------------------------------------------------------------+
; Clocks                                                                                                                                                                          ;
+------------+------+--------+------------+-------+-------+------------+-----------+-------------+-------+--------+-----------+------------+----------+--------+--------+---------+
; Clock Name ; Type ; Period ; Frequency  ; Rise  ; Fall  ; Duty Cycle ; Divide by ; Multiply by ; Phase ; Offset ; Edge List ; Edge Shift ; Inverted ; Master ; Source ; Targets ;
+------------+------+--------+------------+-------+-------+------------+-----------+-------------+-------+--------+-----------+------------+----------+--------+--------+---------+
; clk        ; Base ; 1.000  ; 1000.0 MHz ; 0.000 ; 0.500 ;            ;           ;             ;       ;        ;           ;            ;          ;        ;        ; { clk } ;
+------------+------+--------+------------+-------+-------+------------+-----------+-------------+-------+--------+-----------+------------+----------+--------+--------+---------+


+-----------------------------------------------------------------------------------------------------------+
; Slow 1200mV 85C Model Fmax Summary                                                                        ;
+------------+-----------------+------------+---------------------------------------------------------------+
; Fmax       ; Restricted Fmax ; Clock Name ; Note                                                          ;
+------------+-----------------+------------+---------------------------------------------------------------+
; 380.95 MHz ; 250.0 MHz       ; clk        ; limit due to minimum period restriction (max I/O toggle rate) ;
+------------+-----------------+------------+---------------------------------------------------------------+
This panel reports FMAX for every clock in the design, regardless of the user-specified clock periods.  FMAX is only computed for paths where the source and destination registers or ports are driven by the same clock.  Paths of different clocks, including generated clocks, are ignored.  For paths between a clock and its inversion, FMAX is computed as if the rising and falling edges are scaled along with FMAX, such that the duty cycle (in terms of a percentage) is maintained. Altera recommends that you always use clock constraints and other slack reports for sign-off analysis.


----------------------------------
; Timing Closure Recommendations ;
----------------------------------
HTML report is unavailable in plain text report export.


+-------------------------------------+
; Slow 1200mV 85C Model Setup Summary ;
+-------+--------+--------------------+
; Clock ; Slack  ; End Point TNS      ;
+-------+--------+--------------------+
; clk   ; -1.625 ; -75.322            ;
+-------+--------+--------------------+


+------------------------------------+
; Slow 1200mV 85C Model Hold Summary ;
+-------+-------+--------------------+
; Clock ; Slack ; End Point TNS      ;
+-------+-------+--------------------+
; clk   ; 0.246 ; 0.000              ;
+-------+-------+--------------------+


------------------------------------------
; Slow 1200mV 85C Model Recovery Summary ;
------------------------------------------
No paths to report.


-----------------------------------------
; Slow 1200mV 85C Model Removal Summary ;
-----------------------------------------
No paths to report.


+---------------------------------------------------+
; Slow 1200mV 85C Model Minimum Pulse Width Summary ;
+-------+--------+----------------------------------+
; Clock ; Slack  ; End Point TNS                    ;
+-------+--------+----------------------------------+
; clk   ; -3.000 ; -64.000                          ;
+-------+--------+----------------------------------+


+----------------------------------------------------------------------------------------------------------------------------------------------------------+
; Slow 1200mV 85C Model Setup: 'clk'                                                                                                                       ;
+--------+-------------------------------------+-------------------------------------+--------------+-------------+--------------+------------+------------+
; Slack  ; From Node                           ; To Node                             ; Launch Clock ; Latch Clock ; Relationship ; Clock Skew ; Data Delay ;
+--------+-------------------------------------+-------------------------------------+--------------+-------------+--------------+------------+------------+
; -1.625 ; UARTReceiver:receiver|tick_count[1] ; UARTReceiver:receiver|rec_data[0]   ; clk          ; clk         ; 1.000        ; -0.065     ; 2.555      ;
; -1.625 ; UARTReceiver:receiver|tick_count[1] ; UARTReceiver:receiver|rec_data[1]   ; clk          ; clk         ; 1.000        ; -0.065     ; 2.555      ;
; -1.625 ; UARTReceiver:receiver|tick_count[1] ; UARTReceiver:receiver|rec_data[2]   ; clk          ; clk         ; 1.000        ; -0.065     ; 2.555      ;
; -1.625 ; UARTReceiver:receiver|tick_count[1] ; UARTReceiver:receiver|rec_data[3]   ; clk          ; clk         ; 1.000        ; -0.065     ; 2.555      ;
; -1.625 ; UARTReceiver:receiver|tick_count[1] ; UARTReceiver:receiver|rec_data[4]   ; clk          ; clk         ; 1.000        ; -0.065     ; 2.555      ;
; -1.625 ; UARTReceiver:receiver|tick_count[1] ; UARTReceiver:receiver|rec_data[5]   ; clk          ; clk         ; 1.000        ; -0.065     ; 2.555      ;
; -1.625 ; UARTReceiver:receiver|tick_count[1] ; UARTReceiver:receiver|rec_data[6]   ; clk          ; clk         ; 1.000        ; -0.065     ; 2.555      ;
; -1.595 ; UARTReceiver:receiver|tick_count[7] ; UARTReceiver:receiver|rec_data[0]   ; clk          ; clk         ; 1.000        ; -0.065     ; 2.525      ;
; -1.595 ; UARTReceiver:receiver|tick_count[7] ; UARTReceiver:receiver|rec_data[1]   ; clk          ; clk         ; 1.000        ; -0.065     ; 2.525      ;
; -1.595 ; UARTReceiver:receiver|tick_count[7] ; UARTReceiver:receiver|rec_data[2]   ; clk          ; clk         ; 1.000        ; -0.065     ; 2.525      ;
; -1.595 ; UARTReceiver:receiver|tick_count[7] ; UARTReceiver:receiver|rec_data[3]   ; clk          ; clk         ; 1.000        ; -0.065     ; 2.525      ;
; -1.595 ; UARTReceiver:receiver|tick_count[7] ; UARTReceiver:receiver|rec_data[4]   ; clk          ; clk         ; 1.000        ; -0.065     ; 2.525      ;
; -1.595 ; UARTReceiver:receiver|tick_count[7] ; UARTReceiver:receiver|rec_data[5]   ; clk          ; clk         ; 1.000        ; -0.065     ; 2.525      ;
; -1.595 ; UARTReceiver:receiver|tick_count[7] ; UARTReceiver:receiver|rec_data[6]   ; clk          ; clk         ; 1.000        ; -0.065     ; 2.525      ;
; -1.555 ; UARTReceiver:receiver|tick_count[1] ; UARTReceiver:receiver|state.START   ; clk          ; clk         ; 1.000        ; -0.064     ; 2.486      ;
; -1.537 ; UARTReceiver:receiver|tick_count[7] ; UARTReceiver:receiver|state.START   ; clk          ; clk         ; 1.000        ; -0.064     ; 2.468      ;
; -1.520 ; UARTReceiver:receiver|tick_count[3] ; UARTReceiver:receiver|tick_count[0] ; clk          ; clk         ; 1.000        ; -0.064     ; 2.451      ;
; -1.520 ; UARTReceiver:receiver|tick_count[3] ; UARTReceiver:receiver|tick_count[1] ; clk          ; clk         ; 1.000        ; -0.064     ; 2.451      ;
; -1.520 ; UARTReceiver:receiver|tick_count[3] ; UARTReceiver:receiver|tick_count[2] ; clk          ; clk         ; 1.000        ; -0.064     ; 2.451      ;
; -1.520 ; UARTReceiver:receiver|tick_count[3] ; UARTReceiver:receiver|tick_count[3] ; clk          ; clk         ; 1.000        ; -0.064     ; 2.451      ;
; -1.520 ; UARTReceiver:receiver|tick_count[3] ; UARTReceiver:receiver|tick_count[5] ; clk          ; clk         ; 1.000        ; -0.064     ; 2.451      ;
; -1.520 ; UARTReceiver:receiver|tick_count[3] ; UARTReceiver:receiver|tick_count[6] ; clk          ; clk         ; 1.000        ; -0.064     ; 2.451      ;
; -1.520 ; UARTReceiver:receiver|tick_count[3] ; UARTReceiver:receiver|tick_count[7] ; clk          ; clk         ; 1.000        ; -0.064     ; 2.451      ;
; -1.520 ; UARTReceiver:receiver|tick_count[3] ; UARTReceiver:receiver|tick_count[8] ; clk          ; clk         ; 1.000        ; -0.064     ; 2.451      ;
; -1.520 ; UARTReceiver:receiver|tick_count[3] ; UARTReceiver:receiver|tick_count[4] ; clk          ; clk         ; 1.000        ; -0.064     ; 2.451      ;
; -1.517 ; UARTReceiver:receiver|tick_count[3] ; UARTReceiver:receiver|rec_data[0]   ; clk          ; clk         ; 1.000        ; -0.065     ; 2.447      ;
; -1.517 ; UARTReceiver:receiver|tick_count[3] ; UARTReceiver:receiver|rec_data[1]   ; clk          ; clk         ; 1.000        ; -0.065     ; 2.447      ;
; -1.517 ; UARTReceiver:receiver|tick_count[3] ; UARTReceiver:receiver|rec_data[2]   ; clk          ; clk         ; 1.000        ; -0.065     ; 2.447      ;
; -1.517 ; UARTReceiver:receiver|tick_count[3] ; UARTReceiver:receiver|rec_data[3]   ; clk          ; clk         ; 1.000        ; -0.065     ; 2.447      ;
; -1.517 ; UARTReceiver:receiver|tick_count[3] ; UARTReceiver:receiver|rec_data[4]   ; clk          ; clk         ; 1.000        ; -0.065     ; 2.447      ;
; -1.517 ; UARTReceiver:receiver|tick_count[3] ; UARTReceiver:receiver|rec_data[5]   ; clk          ; clk         ; 1.000        ; -0.065     ; 2.447      ;
; -1.517 ; UARTReceiver:receiver|tick_count[3] ; UARTReceiver:receiver|rec_data[6]   ; clk          ; clk         ; 1.000        ; -0.065     ; 2.447      ;
; -1.510 ; UARTReceiver:receiver|tick_count[0] ; UARTReceiver:receiver|tick_count[0] ; clk          ; clk         ; 1.000        ; -0.064     ; 2.441      ;
; -1.510 ; UARTReceiver:receiver|tick_count[0] ; UARTReceiver:receiver|tick_count[1] ; clk          ; clk         ; 1.000        ; -0.064     ; 2.441      ;
; -1.510 ; UARTReceiver:receiver|tick_count[0] ; UARTReceiver:receiver|tick_count[2] ; clk          ; clk         ; 1.000        ; -0.064     ; 2.441      ;
; -1.510 ; UARTReceiver:receiver|tick_count[0] ; UARTReceiver:receiver|tick_count[3] ; clk          ; clk         ; 1.000        ; -0.064     ; 2.441      ;
; -1.510 ; UARTReceiver:receiver|tick_count[0] ; UARTReceiver:receiver|tick_count[5] ; clk          ; clk         ; 1.000        ; -0.064     ; 2.441      ;
; -1.510 ; UARTReceiver:receiver|tick_count[0] ; UARTReceiver:receiver|tick_count[6] ; clk          ; clk         ; 1.000        ; -0.064     ; 2.441      ;
; -1.510 ; UARTReceiver:receiver|tick_count[0] ; UARTReceiver:receiver|tick_count[7] ; clk          ; clk         ; 1.000        ; -0.064     ; 2.441      ;
; -1.510 ; UARTReceiver:receiver|tick_count[0] ; UARTReceiver:receiver|tick_count[8] ; clk          ; clk         ; 1.000        ; -0.064     ; 2.441      ;
; -1.510 ; UARTReceiver:receiver|tick_count[0] ; UARTReceiver:receiver|tick_count[4] ; clk          ; clk         ; 1.000        ; -0.064     ; 2.441      ;
; -1.500 ; UARTSender:sender|tick_count[5]     ; UARTSender:sender|bit_index[1]      ; clk          ; clk         ; 1.000        ; -0.065     ; 2.430      ;
; -1.499 ; UARTSender:sender|tick_count[5]     ; UARTSender:sender|bit_index[0]      ; clk          ; clk         ; 1.000        ; -0.065     ; 2.429      ;
; -1.488 ; UARTReceiver:receiver|tick_count[1] ; UARTReceiver:receiver|bit_index[1]  ; clk          ; clk         ; 1.000        ; -0.064     ; 2.419      ;
; -1.484 ; UARTReceiver:receiver|data_latch[6] ; UARTReceiver:receiver|rec_data[0]   ; clk          ; clk         ; 1.000        ; -0.066     ; 2.413      ;
; -1.484 ; UARTReceiver:receiver|data_latch[6] ; UARTReceiver:receiver|rec_data[1]   ; clk          ; clk         ; 1.000        ; -0.066     ; 2.413      ;
; -1.484 ; UARTReceiver:receiver|data_latch[6] ; UARTReceiver:receiver|rec_data[2]   ; clk          ; clk         ; 1.000        ; -0.066     ; 2.413      ;
; -1.484 ; UARTReceiver:receiver|data_latch[6] ; UARTReceiver:receiver|rec_data[3]   ; clk          ; clk         ; 1.000        ; -0.066     ; 2.413      ;
; -1.484 ; UARTReceiver:receiver|data_latch[6] ; UARTReceiver:receiver|rec_data[4]   ; clk          ; clk         ; 1.000        ; -0.066     ; 2.413      ;
; -1.484 ; UARTReceiver:receiver|data_latch[6] ; UARTReceiver:receiver|rec_data[5]   ; clk          ; clk         ; 1.000        ; -0.066     ; 2.413      ;
; -1.484 ; UARTReceiver:receiver|data_latch[6] ; UARTReceiver:receiver|rec_data[6]   ; clk          ; clk         ; 1.000        ; -0.066     ; 2.413      ;
; -1.480 ; UARTReceiver:receiver|tick_count[2] ; UARTReceiver:receiver|rec_data[0]   ; clk          ; clk         ; 1.000        ; -0.065     ; 2.410      ;
; -1.480 ; UARTReceiver:receiver|tick_count[2] ; UARTReceiver:receiver|rec_data[1]   ; clk          ; clk         ; 1.000        ; -0.065     ; 2.410      ;
; -1.480 ; UARTReceiver:receiver|tick_count[2] ; UARTReceiver:receiver|rec_data[2]   ; clk          ; clk         ; 1.000        ; -0.065     ; 2.410      ;
; -1.480 ; UARTReceiver:receiver|tick_count[2] ; UARTReceiver:receiver|rec_data[3]   ; clk          ; clk         ; 1.000        ; -0.065     ; 2.410      ;
; -1.480 ; UARTReceiver:receiver|tick_count[2] ; UARTReceiver:receiver|rec_data[4]   ; clk          ; clk         ; 1.000        ; -0.065     ; 2.410      ;
; -1.480 ; UARTReceiver:receiver|tick_count[2] ; UARTReceiver:receiver|rec_data[5]   ; clk          ; clk         ; 1.000        ; -0.065     ; 2.410      ;
; -1.480 ; UARTReceiver:receiver|tick_count[2] ; UARTReceiver:receiver|rec_data[6]   ; clk          ; clk         ; 1.000        ; -0.065     ; 2.410      ;
; -1.477 ; UARTSender:sender|tick_count[7]     ; UARTSender:sender|bit_index[1]      ; clk          ; clk         ; 1.000        ; -0.065     ; 2.407      ;
; -1.476 ; UARTSender:sender|tick_count[7]     ; UARTSender:sender|bit_index[0]      ; clk          ; clk         ; 1.000        ; -0.065     ; 2.406      ;
; -1.471 ; UARTReceiver:receiver|tick_count[0] ; UARTReceiver:receiver|rec_data[0]   ; clk          ; clk         ; 1.000        ; -0.065     ; 2.401      ;
; -1.471 ; UARTReceiver:receiver|tick_count[0] ; UARTReceiver:receiver|rec_data[1]   ; clk          ; clk         ; 1.000        ; -0.065     ; 2.401      ;
; -1.471 ; UARTReceiver:receiver|tick_count[0] ; UARTReceiver:receiver|rec_data[2]   ; clk          ; clk         ; 1.000        ; -0.065     ; 2.401      ;
; -1.471 ; UARTReceiver:receiver|tick_count[0] ; UARTReceiver:receiver|rec_data[3]   ; clk          ; clk         ; 1.000        ; -0.065     ; 2.401      ;
; -1.471 ; UARTReceiver:receiver|tick_count[0] ; UARTReceiver:receiver|rec_data[4]   ; clk          ; clk         ; 1.000        ; -0.065     ; 2.401      ;
; -1.471 ; UARTReceiver:receiver|tick_count[0] ; UARTReceiver:receiver|rec_data[5]   ; clk          ; clk         ; 1.000        ; -0.065     ; 2.401      ;
; -1.471 ; UARTReceiver:receiver|tick_count[0] ; UARTReceiver:receiver|rec_data[6]   ; clk          ; clk         ; 1.000        ; -0.065     ; 2.401      ;
; -1.469 ; UARTReceiver:receiver|tick_count[7] ; UARTReceiver:receiver|bit_index[1]  ; clk          ; clk         ; 1.000        ; -0.064     ; 2.400      ;
; -1.465 ; UARTSender:sender|bit_index[1]      ; UARTReceiver:receiver|rx_meta       ; clk          ; clk         ; 1.000        ; -0.065     ; 2.395      ;
; -1.464 ; UARTReceiver:receiver|bit_index[0]  ; UARTReceiver:receiver|bit_index[1]  ; clk          ; clk         ; 1.000        ; -0.423     ; 2.036      ;
; -1.437 ; UARTReceiver:receiver|tick_count[3] ; UARTReceiver:receiver|state.START   ; clk          ; clk         ; 1.000        ; -0.064     ; 2.368      ;
; -1.420 ; UARTReceiver:receiver|bit_index[2]  ; UARTReceiver:receiver|bit_index[1]  ; clk          ; clk         ; 1.000        ; -0.423     ; 1.992      ;
; -1.411 ; UARTReceiver:receiver|tick_count[6] ; UARTReceiver:receiver|tick_count[0] ; clk          ; clk         ; 1.000        ; -0.064     ; 2.342      ;
; -1.411 ; UARTReceiver:receiver|tick_count[6] ; UARTReceiver:receiver|tick_count[1] ; clk          ; clk         ; 1.000        ; -0.064     ; 2.342      ;
; -1.411 ; UARTReceiver:receiver|tick_count[6] ; UARTReceiver:receiver|tick_count[2] ; clk          ; clk         ; 1.000        ; -0.064     ; 2.342      ;
; -1.411 ; UARTReceiver:receiver|tick_count[6] ; UARTReceiver:receiver|tick_count[3] ; clk          ; clk         ; 1.000        ; -0.064     ; 2.342      ;
; -1.411 ; UARTReceiver:receiver|tick_count[6] ; UARTReceiver:receiver|tick_count[5] ; clk          ; clk         ; 1.000        ; -0.064     ; 2.342      ;
; -1.411 ; UARTReceiver:receiver|tick_count[6] ; UARTReceiver:receiver|tick_count[6] ; clk          ; clk         ; 1.000        ; -0.064     ; 2.342      ;
; -1.411 ; UARTReceiver:receiver|tick_count[6] ; UARTReceiver:receiver|tick_count[7] ; clk          ; clk         ; 1.000        ; -0.064     ; 2.342      ;
; -1.411 ; UARTReceiver:receiver|tick_count[6] ; UARTReceiver:receiver|tick_count[8] ; clk          ; clk         ; 1.000        ; -0.064     ; 2.342      ;
; -1.411 ; UARTReceiver:receiver|tick_count[6] ; UARTReceiver:receiver|tick_count[4] ; clk          ; clk         ; 1.000        ; -0.064     ; 2.342      ;
; -1.410 ; UARTReceiver:receiver|tick_count[2] ; UARTReceiver:receiver|state.START   ; clk          ; clk         ; 1.000        ; -0.064     ; 2.341      ;
; -1.403 ; UARTReceiver:receiver|tick_count[1] ; UARTReceiver:receiver|state.STOP    ; clk          ; clk         ; 1.000        ; -0.064     ; 2.334      ;
; -1.403 ; UARTReceiver:receiver|tick_count[0] ; UARTReceiver:receiver|state.START   ; clk          ; clk         ; 1.000        ; -0.064     ; 2.334      ;
; -1.393 ; UARTReceiver:receiver|state.START   ; UARTReceiver:receiver|tick_count[0] ; clk          ; clk         ; 1.000        ; -0.065     ; 2.323      ;
; -1.393 ; UARTReceiver:receiver|state.START   ; UARTReceiver:receiver|tick_count[1] ; clk          ; clk         ; 1.000        ; -0.065     ; 2.323      ;
; -1.393 ; UARTReceiver:receiver|state.START   ; UARTReceiver:receiver|tick_count[2] ; clk          ; clk         ; 1.000        ; -0.065     ; 2.323      ;
; -1.393 ; UARTReceiver:receiver|state.START   ; UARTReceiver:receiver|tick_count[3] ; clk          ; clk         ; 1.000        ; -0.065     ; 2.323      ;
; -1.393 ; UARTReceiver:receiver|state.START   ; UARTReceiver:receiver|tick_count[5] ; clk          ; clk         ; 1.000        ; -0.065     ; 2.323      ;
; -1.393 ; UARTReceiver:receiver|state.START   ; UARTReceiver:receiver|tick_count[6] ; clk          ; clk         ; 1.000        ; -0.065     ; 2.323      ;
; -1.393 ; UARTReceiver:receiver|state.START   ; UARTReceiver:receiver|tick_count[7] ; clk          ; clk         ; 1.000        ; -0.065     ; 2.323      ;
; -1.393 ; UARTReceiver:receiver|state.START   ; UARTReceiver:receiver|tick_count[8] ; clk          ; clk         ; 1.000        ; -0.065     ; 2.323      ;
; -1.393 ; UARTReceiver:receiver|state.START   ; UARTReceiver:receiver|tick_count[4] ; clk          ; clk         ; 1.000        ; -0.065     ; 2.323      ;
; -1.392 ; UARTReceiver:receiver|tick_count[4] ; UARTReceiver:receiver|rec_data[0]   ; clk          ; clk         ; 1.000        ; -0.065     ; 2.322      ;
; -1.392 ; UARTReceiver:receiver|tick_count[4] ; UARTReceiver:receiver|rec_data[1]   ; clk          ; clk         ; 1.000        ; -0.065     ; 2.322      ;
; -1.392 ; UARTReceiver:receiver|tick_count[4] ; UARTReceiver:receiver|rec_data[2]   ; clk          ; clk         ; 1.000        ; -0.065     ; 2.322      ;
; -1.392 ; UARTReceiver:receiver|tick_count[4] ; UARTReceiver:receiver|rec_data[3]   ; clk          ; clk         ; 1.000        ; -0.065     ; 2.322      ;
; -1.392 ; UARTReceiver:receiver|tick_count[4] ; UARTReceiver:receiver|rec_data[4]   ; clk          ; clk         ; 1.000        ; -0.065     ; 2.322      ;
; -1.392 ; UARTReceiver:receiver|tick_count[4] ; UARTReceiver:receiver|rec_data[5]   ; clk          ; clk         ; 1.000        ; -0.065     ; 2.322      ;
; -1.392 ; UARTReceiver:receiver|tick_count[4] ; UARTReceiver:receiver|rec_data[6]   ; clk          ; clk         ; 1.000        ; -0.065     ; 2.322      ;
+--------+-------------------------------------+-------------------------------------+--------------+-------------+--------------+------------+------------+


+---------------------------------------------------------------------------------------------------------------------------------------------------------+
; Slow 1200mV 85C Model Hold: 'clk'                                                                                                                       ;
+-------+-------------------------------------+-------------------------------------+--------------+-------------+--------------+------------+------------+
; Slack ; From Node                           ; To Node                             ; Launch Clock ; Latch Clock ; Relationship ; Clock Skew ; Data Delay ;
+-------+-------------------------------------+-------------------------------------+--------------+-------------+--------------+------------+------------+
; 0.246 ; UARTReceiver:receiver|rx_sync       ; UARTReceiver:receiver|state.IDLE    ; clk          ; clk         ; 0.000        ; 0.423      ; 0.826      ;
; 0.341 ; UARTSender:sender|state.START       ; UARTSender:sender|state.START       ; clk          ; clk         ; 0.000        ; 0.079      ; 0.577      ;
; 0.341 ; UARTSender:sender|state.PARITY      ; UARTSender:sender|state.PARITY      ; clk          ; clk         ; 0.000        ; 0.079      ; 0.577      ;
; 0.341 ; UARTReceiver:receiver|state.PARITY  ; UARTReceiver:receiver|state.PARITY  ; clk          ; clk         ; 0.000        ; 0.079      ; 0.577      ;
; 0.341 ; UARTReceiver:receiver|bit_index[0]  ; UARTReceiver:receiver|bit_index[0]  ; clk          ; clk         ; 0.000        ; 0.079      ; 0.577      ;
; 0.341 ; UARTReceiver:receiver|bit_index[2]  ; UARTReceiver:receiver|bit_index[2]  ; clk          ; clk         ; 0.000        ; 0.079      ; 0.577      ;
; 0.341 ; UARTReceiver:receiver|state.IDLE    ; UARTReceiver:receiver|state.IDLE    ; clk          ; clk         ; 0.000        ; 0.079      ; 0.577      ;
; 0.355 ; UARTSender:sender|state.DATA        ; UARTSender:sender|state.DATA        ; clk          ; clk         ; 0.000        ; 0.065      ; 0.577      ;
; 0.355 ; UARTSender:sender|bit_index[0]      ; UARTSender:sender|bit_index[0]      ; clk          ; clk         ; 0.000        ; 0.065      ; 0.577      ;
; 0.355 ; UARTSender:sender|bit_index[1]      ; UARTSender:sender|bit_index[1]      ; clk          ; clk         ; 0.000        ; 0.065      ; 0.577      ;
; 0.355 ; UARTSender:sender|bit_index[2]      ; UARTSender:sender|bit_index[2]      ; clk          ; clk         ; 0.000        ; 0.065      ; 0.577      ;
; 0.355 ; UARTSender:sender|state.STOP        ; UARTSender:sender|state.STOP        ; clk          ; clk         ; 0.000        ; 0.065      ; 0.577      ;
; 0.355 ; UARTSender:sender|state.IDLE        ; UARTSender:sender|state.IDLE        ; clk          ; clk         ; 0.000        ; 0.065      ; 0.577      ;
; 0.355 ; UARTReceiver:receiver|bit_index[1]  ; UARTReceiver:receiver|bit_index[1]  ; clk          ; clk         ; 0.000        ; 0.065      ; 0.577      ;
; 0.355 ; UARTReceiver:receiver|state.STOP    ; UARTReceiver:receiver|state.STOP    ; clk          ; clk         ; 0.000        ; 0.065      ; 0.577      ;
; 0.355 ; UARTReceiver:receiver|state.DATA    ; UARTReceiver:receiver|state.DATA    ; clk          ; clk         ; 0.000        ; 0.065      ; 0.577      ;
; 0.355 ; UARTReceiver:receiver|data_latch[2] ; UARTReceiver:receiver|data_latch[2] ; clk          ; clk         ; 0.000        ; 0.065      ; 0.577      ;
; 0.355 ; UARTReceiver:receiver|data_latch[0] ; UARTReceiver:receiver|data_latch[0] ; clk          ; clk         ; 0.000        ; 0.065      ; 0.577      ;
; 0.355 ; UARTReceiver:receiver|parity_latch  ; UARTReceiver:receiver|parity_latch  ; clk          ; clk         ; 0.000        ; 0.065      ; 0.577      ;
; 0.355 ; UARTReceiver:receiver|data_latch[1] ; UARTReceiver:receiver|data_latch[1] ; clk          ; clk         ; 0.000        ; 0.065      ; 0.577      ;
; 0.355 ; UARTReceiver:receiver|data_latch[4] ; UARTReceiver:receiver|data_latch[4] ; clk          ; clk         ; 0.000        ; 0.065      ; 0.577      ;
; 0.355 ; UARTReceiver:receiver|data_latch[6] ; UARTReceiver:receiver|data_latch[6] ; clk          ; clk         ; 0.000        ; 0.065      ; 0.577      ;
; 0.355 ; UARTReceiver:receiver|data_latch[5] ; UARTReceiver:receiver|data_latch[5] ; clk          ; clk         ; 0.000        ; 0.065      ; 0.577      ;
; 0.355 ; UARTReceiver:receiver|data_latch[3] ; UARTReceiver:receiver|data_latch[3] ; clk          ; clk         ; 0.000        ; 0.065      ; 0.577      ;
; 0.375 ; UARTReceiver:receiver|data_latch[5] ; UARTReceiver:receiver|rec_data[5]   ; clk          ; clk         ; 0.000        ; 0.065      ; 0.597      ;
; 0.375 ; UARTSender:sender|state.STOP        ; UARTSender:sender|state.IDLE        ; clk          ; clk         ; 0.000        ; 0.065      ; 0.597      ;
; 0.378 ; UARTReceiver:receiver|data_latch[1] ; UARTReceiver:receiver|rec_data[1]   ; clk          ; clk         ; 0.000        ; 0.065      ; 0.600      ;
; 0.411 ; UARTReceiver:receiver|rx_sync       ; UARTReceiver:receiver|state.PARITY  ; clk          ; clk         ; 0.000        ; 0.423      ; 0.991      ;
; 0.453 ; UARTSender:sender|state.DATA        ; UARTSender:sender|state.START       ; clk          ; clk         ; 0.000        ; 0.423      ; 1.033      ;
; 0.464 ; UARTReceiver:receiver|state.DATA    ; UARTReceiver:receiver|bit_index[2]  ; clk          ; clk         ; 0.000        ; 0.423      ; 1.044      ;
; 0.475 ; UARTReceiver:receiver|state.DATA    ; UARTReceiver:receiver|bit_index[0]  ; clk          ; clk         ; 0.000        ; 0.423      ; 1.055      ;
; 0.487 ; UARTReceiver:receiver|data_latch[3] ; UARTReceiver:receiver|rec_data[3]   ; clk          ; clk         ; 0.000        ; 0.065      ; 0.709      ;
; 0.547 ; UARTReceiver:receiver|tick_count[8] ; UARTReceiver:receiver|tick_count[8] ; clk          ; clk         ; 0.000        ; 0.064      ; 0.768      ;
; 0.562 ; UARTReceiver:receiver|tick_count[1] ; UARTReceiver:receiver|tick_count[1] ; clk          ; clk         ; 0.000        ; 0.064      ; 0.783      ;
; 0.562 ; UARTReceiver:receiver|tick_count[7] ; UARTReceiver:receiver|tick_count[7] ; clk          ; clk         ; 0.000        ; 0.064      ; 0.783      ;
; 0.564 ; UARTReceiver:receiver|tick_count[2] ; UARTReceiver:receiver|tick_count[2] ; clk          ; clk         ; 0.000        ; 0.064      ; 0.785      ;
; 0.567 ; UARTReceiver:receiver|tick_count[5] ; UARTReceiver:receiver|tick_count[5] ; clk          ; clk         ; 0.000        ; 0.064      ; 0.788      ;
; 0.567 ; UARTSender:sender|state.IDLE        ; UARTSender:sender|tick_count[6]     ; clk          ; clk         ; 0.000        ; 0.065      ; 0.789      ;
; 0.568 ; UARTReceiver:receiver|tick_count[6] ; UARTReceiver:receiver|tick_count[6] ; clk          ; clk         ; 0.000        ; 0.064      ; 0.789      ;
; 0.569 ; UARTSender:sender|state.START       ; UARTSender:sender|state.PARITY      ; clk          ; clk         ; 0.000        ; 0.079      ; 0.805      ;
; 0.570 ; UARTReceiver:receiver|tick_count[3] ; UARTReceiver:receiver|tick_count[3] ; clk          ; clk         ; 0.000        ; 0.064      ; 0.791      ;
; 0.590 ; UARTReceiver:receiver|tick_count[0] ; UARTReceiver:receiver|tick_count[0] ; clk          ; clk         ; 0.000        ; 0.064      ; 0.811      ;
; 0.599 ; UARTSender:sender|state.DATA        ; UARTSender:sender|state.STOP        ; clk          ; clk         ; 0.000        ; 0.065      ; 0.821      ;
; 0.600 ; UARTReceiver:receiver|tick_count[8] ; UARTReceiver:receiver|rec_new_data  ; clk          ; clk         ; 0.000        ; 0.064      ; 0.821      ;
; 0.610 ; UARTReceiver:receiver|rx_sync       ; UARTReceiver:receiver|data_latch[4] ; clk          ; clk         ; 0.000        ; 0.065      ; 0.832      ;
; 0.615 ; UARTReceiver:receiver|rx_sync       ; UARTReceiver:receiver|data_latch[0] ; clk          ; clk         ; 0.000        ; 0.065      ; 0.837      ;
; 0.636 ; UARTSender:sender|state.DATA        ; UARTSender:sender|bit_index[2]      ; clk          ; clk         ; 0.000        ; 0.065      ; 0.858      ;
; 0.638 ; UARTSender:sender|state.IDLE        ; UARTSender:sender|state.START       ; clk          ; clk         ; 0.000        ; 0.423      ; 1.218      ;
; 0.641 ; UARTSender:sender|bit_index[0]      ; UARTSender:sender|bit_index[1]      ; clk          ; clk         ; 0.000        ; 0.065      ; 0.863      ;
; 0.677 ; UARTReceiver:receiver|rx_meta       ; UARTReceiver:receiver|rx_sync       ; clk          ; clk         ; 0.000        ; 0.064      ; 0.898      ;
; 0.691 ; UARTReceiver:receiver|tick_count[5] ; UARTReceiver:receiver|rec_new_data  ; clk          ; clk         ; 0.000        ; 0.064      ; 0.912      ;
; 0.702 ; UARTReceiver:receiver|tick_count[4] ; UARTReceiver:receiver|tick_count[4] ; clk          ; clk         ; 0.000        ; 0.064      ; 0.923      ;
; 0.706 ; UARTReceiver:receiver|state.STOP    ; UARTReceiver:receiver|rec_new_data  ; clk          ; clk         ; 0.000        ; 0.064      ; 0.927      ;
; 0.720 ; UARTSender:sender|state.IDLE        ; UARTSender:sender|tick_count[2]     ; clk          ; clk         ; 0.000        ; 0.065      ; 0.942      ;
; 0.737 ; UARTReceiver:receiver|data_latch[2] ; UARTReceiver:receiver|rec_data[2]   ; clk          ; clk         ; 0.000        ; 0.064      ; 0.958      ;
; 0.737 ; UARTSender:sender|tick_count[0]     ; UARTSender:sender|state.PARITY      ; clk          ; clk         ; 0.000        ; 0.423      ; 1.317      ;
; 0.744 ; UARTReceiver:receiver|data_latch[4] ; UARTReceiver:receiver|rec_data[4]   ; clk          ; clk         ; 0.000        ; 0.064      ; 0.965      ;
; 0.762 ; UARTReceiver:receiver|bit_index[1]  ; UARTReceiver:receiver|data_latch[4] ; clk          ; clk         ; 0.000        ; 0.065      ; 0.984      ;
; 0.763 ; UARTSender:sender|state.IDLE        ; UARTSender:sender|tick_count[3]     ; clk          ; clk         ; 0.000        ; 0.065      ; 0.985      ;
; 0.764 ; UARTReceiver:receiver|bit_index[1]  ; UARTReceiver:receiver|data_latch[0] ; clk          ; clk         ; 0.000        ; 0.065      ; 0.986      ;
; 0.767 ; UARTSender:sender|state.IDLE        ; UARTSender:sender|tick_count[5]     ; clk          ; clk         ; 0.000        ; 0.065      ; 0.989      ;
; 0.767 ; UARTSender:sender|state.IDLE        ; UARTSender:sender|tick_count[7]     ; clk          ; clk         ; 0.000        ; 0.065      ; 0.989      ;
; 0.768 ; UARTSender:sender|state.IDLE        ; UARTSender:sender|tick_count[0]     ; clk          ; clk         ; 0.000        ; 0.065      ; 0.990      ;
; 0.784 ; UARTReceiver:receiver|rx_sync       ; UARTReceiver:receiver|data_latch[2] ; clk          ; clk         ; 0.000        ; 0.065      ; 1.006      ;
; 0.786 ; UARTReceiver:receiver|state.START   ; UARTReceiver:receiver|state.IDLE    ; clk          ; clk         ; 0.000        ; 0.423      ; 1.366      ;
; 0.787 ; UARTSender:sender|tick_count[4]     ; UARTSender:sender|state.PARITY      ; clk          ; clk         ; 0.000        ; 0.423      ; 1.367      ;
; 0.789 ; UARTReceiver:receiver|state.START   ; UARTReceiver:receiver|state.PARITY  ; clk          ; clk         ; 0.000        ; 0.423      ; 1.369      ;
; 0.795 ; UARTReceiver:receiver|state.START   ; UARTReceiver:receiver|state.START   ; clk          ; clk         ; 0.000        ; 0.065      ; 1.017      ;
; 0.797 ; UARTReceiver:receiver|bit_index[1]  ; UARTReceiver:receiver|bit_index[2]  ; clk          ; clk         ; 0.000        ; 0.423      ; 1.377      ;
; 0.798 ; UARTReceiver:receiver|tick_count[5] ; UARTReceiver:receiver|state.PARITY  ; clk          ; clk         ; 0.000        ; 0.423      ; 1.378      ;
; 0.803 ; UARTSender:sender|state.DATA        ; UARTSender:sender|bit_index[1]      ; clk          ; clk         ; 0.000        ; 0.065      ; 1.025      ;
; 0.804 ; UARTSender:sender|state.DATA        ; UARTSender:sender|bit_index[0]      ; clk          ; clk         ; 0.000        ; 0.065      ; 1.026      ;
; 0.805 ; UARTSender:sender|state.IDLE        ; UARTSender:sender|tick_count[1]     ; clk          ; clk         ; 0.000        ; 0.065      ; 1.027      ;
; 0.805 ; UARTSender:sender|state.IDLE        ; UARTSender:sender|tick_count[8]     ; clk          ; clk         ; 0.000        ; 0.065      ; 1.027      ;
; 0.807 ; UARTReceiver:receiver|rx_sync       ; UARTReceiver:receiver|data_latch[6] ; clk          ; clk         ; 0.000        ; 0.065      ; 1.029      ;
; 0.808 ; UARTReceiver:receiver|tick_count[6] ; UARTReceiver:receiver|rec_new_data  ; clk          ; clk         ; 0.000        ; 0.064      ; 1.029      ;
; 0.810 ; UARTReceiver:receiver|tick_count[5] ; UARTReceiver:receiver|state.IDLE    ; clk          ; clk         ; 0.000        ; 0.423      ; 1.390      ;
; 0.813 ; UARTReceiver:receiver|tick_count[4] ; UARTReceiver:receiver|rec_new_data  ; clk          ; clk         ; 0.000        ; 0.064      ; 1.034      ;
; 0.818 ; UARTReceiver:receiver|state.DATA    ; UARTReceiver:receiver|data_latch[0] ; clk          ; clk         ; 0.000        ; 0.065      ; 1.040      ;
; 0.820 ; UARTReceiver:receiver|state.DATA    ; UARTReceiver:receiver|data_latch[4] ; clk          ; clk         ; 0.000        ; 0.065      ; 1.042      ;
; 0.835 ; UARTSender:sender|tick_count[3]     ; UARTSender:sender|state.PARITY      ; clk          ; clk         ; 0.000        ; 0.423      ; 1.415      ;
; 0.836 ; UARTReceiver:receiver|tick_count[7] ; UARTReceiver:receiver|tick_count[8] ; clk          ; clk         ; 0.000        ; 0.064      ; 1.057      ;
; 0.837 ; UARTReceiver:receiver|tick_count[1] ; UARTReceiver:receiver|tick_count[2] ; clk          ; clk         ; 0.000        ; 0.064      ; 1.058      ;
; 0.841 ; UARTReceiver:receiver|tick_count[5] ; UARTReceiver:receiver|tick_count[6] ; clk          ; clk         ; 0.000        ; 0.064      ; 1.062      ;
; 0.844 ; UARTReceiver:receiver|tick_count[3] ; UARTReceiver:receiver|tick_count[4] ; clk          ; clk         ; 0.000        ; 0.064      ; 1.065      ;
; 0.849 ; UARTReceiver:receiver|state.DATA    ; UARTReceiver:receiver|data_latch[2] ; clk          ; clk         ; 0.000        ; 0.065      ; 1.071      ;
; 0.850 ; UARTReceiver:receiver|state.DATA    ; UARTReceiver:receiver|data_latch[6] ; clk          ; clk         ; 0.000        ; 0.065      ; 1.072      ;
; 0.851 ; UARTReceiver:receiver|data_latch[0] ; UARTReceiver:receiver|rec_data[0]   ; clk          ; clk         ; 0.000        ; 0.064      ; 1.072      ;
; 0.851 ; UARTReceiver:receiver|data_latch[6] ; UARTReceiver:receiver|rec_data[6]   ; clk          ; clk         ; 0.000        ; 0.064      ; 1.072      ;
; 0.851 ; UARTReceiver:receiver|tick_count[2] ; UARTReceiver:receiver|tick_count[3] ; clk          ; clk         ; 0.000        ; 0.064      ; 1.072      ;
; 0.853 ; UARTReceiver:receiver|state.DATA    ; UARTReceiver:receiver|state.STOP    ; clk          ; clk         ; 0.000        ; 0.065      ; 1.075      ;
; 0.853 ; UARTReceiver:receiver|tick_count[2] ; UARTReceiver:receiver|tick_count[4] ; clk          ; clk         ; 0.000        ; 0.064      ; 1.074      ;
; 0.856 ; UARTReceiver:receiver|tick_count[6] ; UARTReceiver:receiver|tick_count[7] ; clk          ; clk         ; 0.000        ; 0.064      ; 1.077      ;
; 0.858 ; UARTReceiver:receiver|tick_count[6] ; UARTReceiver:receiver|tick_count[8] ; clk          ; clk         ; 0.000        ; 0.064      ; 1.079      ;
; 0.860 ; UARTReceiver:receiver|tick_count[0] ; UARTReceiver:receiver|tick_count[1] ; clk          ; clk         ; 0.000        ; 0.064      ; 1.081      ;
; 0.862 ; UARTReceiver:receiver|tick_count[0] ; UARTReceiver:receiver|tick_count[2] ; clk          ; clk         ; 0.000        ; 0.064      ; 1.083      ;
; 0.865 ; UARTSender:sender|tick_count[3]     ; UARTSender:sender|tick_count[3]     ; clk          ; clk         ; 0.000        ; 0.065      ; 1.087      ;
; 0.866 ; UARTSender:sender|tick_count[5]     ; UARTSender:sender|tick_count[5]     ; clk          ; clk         ; 0.000        ; 0.065      ; 1.088      ;
; 0.867 ; UARTSender:sender|tick_count[7]     ; UARTSender:sender|tick_count[7]     ; clk          ; clk         ; 0.000        ; 0.065      ; 1.089      ;
; 0.889 ; UARTReceiver:receiver|tick_count[8] ; UARTReceiver:receiver|state.PARITY  ; clk          ; clk         ; 0.000        ; 0.423      ; 1.469      ;
+-------+-------------------------------------+-------------------------------------+--------------+-------------+--------------+------------+------------+


+---------------------------------------------------------------------------------------------------------------------+
; Slow 1200mV 85C Model Minimum Pulse Width: 'clk'                                                                    ;
+--------+--------------+----------------+-----------------+-------+------------+-------------------------------------+
; Slack  ; Actual Width ; Required Width ; Type            ; Clock ; Clock Edge ; Target                              ;
+--------+--------------+----------------+-----------------+-------+------------+-------------------------------------+
; -3.000 ; 1.000        ; 4.000          ; Port Rate       ; clk   ; Rise       ; clk                                 ;
; -1.000 ; 1.000        ; 2.000          ; Min Period      ; clk   ; Rise       ; UARTReceiver:receiver|bit_index[0]  ;
; -1.000 ; 1.000        ; 2.000          ; Min Period      ; clk   ; Rise       ; UARTReceiver:receiver|bit_index[1]  ;
; -1.000 ; 1.000        ; 2.000          ; Min Period      ; clk   ; Rise       ; UARTReceiver:receiver|bit_index[2]  ;
; -1.000 ; 1.000        ; 2.000          ; Min Period      ; clk   ; Rise       ; UARTReceiver:receiver|correct_data  ;
; -1.000 ; 1.000        ; 2.000          ; Min Period      ; clk   ; Rise       ; UARTReceiver:receiver|data_latch[0] ;
; -1.000 ; 1.000        ; 2.000          ; Min Period      ; clk   ; Rise       ; UARTReceiver:receiver|data_latch[1] ;
; -1.000 ; 1.000        ; 2.000          ; Min Period      ; clk   ; Rise       ; UARTReceiver:receiver|data_latch[2] ;
; -1.000 ; 1.000        ; 2.000          ; Min Period      ; clk   ; Rise       ; UARTReceiver:receiver|data_latch[3] ;
; -1.000 ; 1.000        ; 2.000          ; Min Period      ; clk   ; Rise       ; UARTReceiver:receiver|data_latch[4] ;
; -1.000 ; 1.000        ; 2.000          ; Min Period      ; clk   ; Rise       ; UARTReceiver:receiver|data_latch[5] ;
; -1.000 ; 1.000        ; 2.000          ; Min Period      ; clk   ; Rise       ; UARTReceiver:receiver|data_latch[6] ;
; -1.000 ; 1.000        ; 2.000          ; Min Period      ; clk   ; Rise       ; UARTReceiver:receiver|parity_latch  ;
; -1.000 ; 1.000        ; 2.000          ; Min Period      ; clk   ; Rise       ; UARTReceiver:receiver|rec_data[0]   ;
; -1.000 ; 1.000        ; 2.000          ; Min Period      ; clk   ; Rise       ; UARTReceiver:receiver|rec_data[1]   ;
; -1.000 ; 1.000        ; 2.000          ; Min Period      ; clk   ; Rise       ; UARTReceiver:receiver|rec_data[2]   ;
; -1.000 ; 1.000        ; 2.000          ; Min Period      ; clk   ; Rise       ; UARTReceiver:receiver|rec_data[3]   ;
; -1.000 ; 1.000        ; 2.000          ; Min Period      ; clk   ; Rise       ; UARTReceiver:receiver|rec_data[4]   ;
; -1.000 ; 1.000        ; 2.000          ; Min Period      ; clk   ; Rise       ; UARTReceiver:receiver|rec_data[5]   ;
; -1.000 ; 1.000        ; 2.000          ; Min Period      ; clk   ; Rise       ; UARTReceiver:receiver|rec_data[6]   ;
; -1.000 ; 1.000        ; 2.000          ; Min Period      ; clk   ; Rise       ; UARTReceiver:receiver|rec_new_data  ;
; -1.000 ; 1.000        ; 2.000          ; Min Period      ; clk   ; Rise       ; UARTReceiver:receiver|rx_meta       ;
; -1.000 ; 1.000        ; 2.000          ; Min Period      ; clk   ; Rise       ; UARTReceiver:receiver|rx_sync       ;
; -1.000 ; 1.000        ; 2.000          ; Min Period      ; clk   ; Rise       ; UARTReceiver:receiver|state.DATA    ;
; -1.000 ; 1.000        ; 2.000          ; Min Period      ; clk   ; Rise       ; UARTReceiver:receiver|state.IDLE    ;
; -1.000 ; 1.000        ; 2.000          ; Min Period      ; clk   ; Rise       ; UARTReceiver:receiver|state.PARITY  ;
; -1.000 ; 1.000        ; 2.000          ; Min Period      ; clk   ; Rise       ; UARTReceiver:receiver|state.START   ;
; -1.000 ; 1.000        ; 2.000          ; Min Period      ; clk   ; Rise       ; UARTReceiver:receiver|state.STOP    ;
; -1.000 ; 1.000        ; 2.000          ; Min Period      ; clk   ; Rise       ; UARTReceiver:receiver|tick_count[0] ;
; -1.000 ; 1.000        ; 2.000          ; Min Period      ; clk   ; Rise       ; UARTReceiver:receiver|tick_count[1] ;
; -1.000 ; 1.000        ; 2.000          ; Min Period      ; clk   ; Rise       ; UARTReceiver:receiver|tick_count[2] ;
; -1.000 ; 1.000        ; 2.000          ; Min Period      ; clk   ; Rise       ; UARTReceiver:receiver|tick_count[3] ;
; -1.000 ; 1.000        ; 2.000          ; Min Period      ; clk   ; Rise       ; UARTReceiver:receiver|tick_count[4] ;
; -1.000 ; 1.000        ; 2.000          ; Min Period      ; clk   ; Rise       ; UARTReceiver:receiver|tick_count[5] ;
; -1.000 ; 1.000        ; 2.000          ; Min Period      ; clk   ; Rise       ; UARTReceiver:receiver|tick_count[6] ;
; -1.000 ; 1.000        ; 2.000          ; Min Period      ; clk   ; Rise       ; UARTReceiver:receiver|tick_count[7] ;
; -1.000 ; 1.000        ; 2.000          ; Min Period      ; clk   ; Rise       ; UARTReceiver:receiver|tick_count[8] ;
; -1.000 ; 1.000        ; 2.000          ; Min Period      ; clk   ; Rise       ; UARTSender:sender|bit_index[0]      ;
; -1.000 ; 1.000        ; 2.000          ; Min Period      ; clk   ; Rise       ; UARTSender:sender|bit_index[1]      ;
; -1.000 ; 1.000        ; 2.000          ; Min Period      ; clk   ; Rise       ; UARTSender:sender|bit_index[2]      ;
; -1.000 ; 1.000        ; 2.000          ; Min Period      ; clk   ; Rise       ; UARTSender:sender|data_latch[0]     ;
; -1.000 ; 1.000        ; 2.000          ; Min Period      ; clk   ; Rise       ; UARTSender:sender|data_latch[1]     ;
; -1.000 ; 1.000        ; 2.000          ; Min Period      ; clk   ; Rise       ; UARTSender:sender|data_latch[2]     ;
; -1.000 ; 1.000        ; 2.000          ; Min Period      ; clk   ; Rise       ; UARTSender:sender|data_latch[3]     ;
; -1.000 ; 1.000        ; 2.000          ; Min Period      ; clk   ; Rise       ; UARTSender:sender|data_latch[4]     ;
; -1.000 ; 1.000        ; 2.000          ; Min Period      ; clk   ; Rise       ; UARTSender:sender|data_latch[5]     ;
; -1.000 ; 1.000        ; 2.000          ; Min Period      ; clk   ; Rise       ; UARTSender:sender|data_latch[6]     ;
; -1.000 ; 1.000        ; 2.000          ; Min Period      ; clk   ; Rise       ; UARTSender:sender|parity_latch      ;
; -1.000 ; 1.000        ; 2.000          ; Min Period      ; clk   ; Rise       ; UARTSender:sender|state.DATA        ;
; -1.000 ; 1.000        ; 2.000          ; Min Period      ; clk   ; Rise       ; UARTSender:sender|state.IDLE        ;
; -1.000 ; 1.000        ; 2.000          ; Min Period      ; clk   ; Rise       ; UARTSender:sender|state.PARITY      ;
; -1.000 ; 1.000        ; 2.000          ; Min Period      ; clk   ; Rise       ; UARTSender:sender|state.START       ;
; -1.000 ; 1.000        ; 2.000          ; Min Period      ; clk   ; Rise       ; UARTSender:sender|state.STOP        ;
; -1.000 ; 1.000        ; 2.000          ; Min Period      ; clk   ; Rise       ; UARTSender:sender|tick_count[0]     ;
; -1.000 ; 1.000        ; 2.000          ; Min Period      ; clk   ; Rise       ; UARTSender:sender|tick_count[1]     ;
; -1.000 ; 1.000        ; 2.000          ; Min Period      ; clk   ; Rise       ; UARTSender:sender|tick_count[2]     ;
; -1.000 ; 1.000        ; 2.000          ; Min Period      ; clk   ; Rise       ; UARTSender:sender|tick_count[3]     ;
; -1.000 ; 1.000        ; 2.000          ; Min Period      ; clk   ; Rise       ; UARTSender:sender|tick_count[4]     ;
; -1.000 ; 1.000        ; 2.000          ; Min Period      ; clk   ; Rise       ; UARTSender:sender|tick_count[5]     ;
; -1.000 ; 1.000        ; 2.000          ; Min Period      ; clk   ; Rise       ; UARTSender:sender|tick_count[6]     ;
; -1.000 ; 1.000        ; 2.000          ; Min Period      ; clk   ; Rise       ; UARTSender:sender|tick_count[7]     ;
; -1.000 ; 1.000        ; 2.000          ; Min Period      ; clk   ; Rise       ; UARTSender:sender|tick_count[8]     ;
; 0.192  ; 0.376        ; 0.184          ; Low Pulse Width ; clk   ; Rise       ; UARTReceiver:receiver|bit_index[0]  ;
; 0.192  ; 0.376        ; 0.184          ; Low Pulse Width ; clk   ; Rise       ; UARTReceiver:receiver|bit_index[2]  ;
; 0.193  ; 0.377        ; 0.184          ; Low Pulse Width ; clk   ; Rise       ; UARTReceiver:receiver|state.IDLE    ;
; 0.193  ; 0.377        ; 0.184          ; Low Pulse Width ; clk   ; Rise       ; UARTReceiver:receiver|state.PARITY  ;
; 0.193  ; 0.377        ; 0.184          ; Low Pulse Width ; clk   ; Rise       ; UARTSender:sender|state.PARITY      ;
; 0.193  ; 0.377        ; 0.184          ; Low Pulse Width ; clk   ; Rise       ; UARTSender:sender|state.START       ;
; 0.210  ; 0.394        ; 0.184          ; Low Pulse Width ; clk   ; Rise       ; UARTReceiver:receiver|bit_index[1]  ;
; 0.210  ; 0.394        ; 0.184          ; Low Pulse Width ; clk   ; Rise       ; UARTReceiver:receiver|correct_data  ;
; 0.210  ; 0.394        ; 0.184          ; Low Pulse Width ; clk   ; Rise       ; UARTReceiver:receiver|data_latch[1] ;
; 0.210  ; 0.394        ; 0.184          ; Low Pulse Width ; clk   ; Rise       ; UARTReceiver:receiver|data_latch[3] ;
; 0.210  ; 0.394        ; 0.184          ; Low Pulse Width ; clk   ; Rise       ; UARTReceiver:receiver|data_latch[5] ;
; 0.210  ; 0.394        ; 0.184          ; Low Pulse Width ; clk   ; Rise       ; UARTReceiver:receiver|parity_latch  ;
; 0.210  ; 0.394        ; 0.184          ; Low Pulse Width ; clk   ; Rise       ; UARTReceiver:receiver|rec_data[0]   ;
; 0.210  ; 0.394        ; 0.184          ; Low Pulse Width ; clk   ; Rise       ; UARTReceiver:receiver|rec_data[1]   ;
; 0.210  ; 0.394        ; 0.184          ; Low Pulse Width ; clk   ; Rise       ; UARTReceiver:receiver|rec_data[2]   ;
; 0.210  ; 0.394        ; 0.184          ; Low Pulse Width ; clk   ; Rise       ; UARTReceiver:receiver|rec_data[3]   ;
; 0.210  ; 0.394        ; 0.184          ; Low Pulse Width ; clk   ; Rise       ; UARTReceiver:receiver|rec_data[4]   ;
; 0.210  ; 0.394        ; 0.184          ; Low Pulse Width ; clk   ; Rise       ; UARTReceiver:receiver|rec_data[5]   ;
; 0.210  ; 0.394        ; 0.184          ; Low Pulse Width ; clk   ; Rise       ; UARTReceiver:receiver|rec_data[6]   ;
; 0.210  ; 0.394        ; 0.184          ; Low Pulse Width ; clk   ; Rise       ; UARTReceiver:receiver|rx_meta       ;
; 0.210  ; 0.394        ; 0.184          ; Low Pulse Width ; clk   ; Rise       ; UARTReceiver:receiver|state.START   ;
; 0.210  ; 0.394        ; 0.184          ; Low Pulse Width ; clk   ; Rise       ; UARTSender:sender|bit_index[0]      ;
; 0.210  ; 0.394        ; 0.184          ; Low Pulse Width ; clk   ; Rise       ; UARTSender:sender|bit_index[1]      ;
; 0.210  ; 0.394        ; 0.184          ; Low Pulse Width ; clk   ; Rise       ; UARTSender:sender|bit_index[2]      ;
; 0.210  ; 0.394        ; 0.184          ; Low Pulse Width ; clk   ; Rise       ; UARTSender:sender|data_latch[0]     ;
; 0.210  ; 0.394        ; 0.184          ; Low Pulse Width ; clk   ; Rise       ; UARTSender:sender|data_latch[1]     ;
; 0.210  ; 0.394        ; 0.184          ; Low Pulse Width ; clk   ; Rise       ; UARTSender:sender|data_latch[2]     ;
; 0.210  ; 0.394        ; 0.184          ; Low Pulse Width ; clk   ; Rise       ; UARTSender:sender|data_latch[3]     ;
; 0.210  ; 0.394        ; 0.184          ; Low Pulse Width ; clk   ; Rise       ; UARTSender:sender|data_latch[4]     ;
; 0.210  ; 0.394        ; 0.184          ; Low Pulse Width ; clk   ; Rise       ; UARTSender:sender|data_latch[5]     ;
; 0.210  ; 0.394        ; 0.184          ; Low Pulse Width ; clk   ; Rise       ; UARTSender:sender|data_latch[6]     ;
; 0.210  ; 0.394        ; 0.184          ; Low Pulse Width ; clk   ; Rise       ; UARTSender:sender|parity_latch      ;
; 0.210  ; 0.394        ; 0.184          ; Low Pulse Width ; clk   ; Rise       ; UARTSender:sender|state.DATA        ;
; 0.210  ; 0.394        ; 0.184          ; Low Pulse Width ; clk   ; Rise       ; UARTSender:sender|state.IDLE        ;
; 0.210  ; 0.394        ; 0.184          ; Low Pulse Width ; clk   ; Rise       ; UARTSender:sender|state.STOP        ;
; 0.210  ; 0.394        ; 0.184          ; Low Pulse Width ; clk   ; Rise       ; UARTSender:sender|tick_count[2]     ;
; 0.210  ; 0.394        ; 0.184          ; Low Pulse Width ; clk   ; Rise       ; UARTSender:sender|tick_count[4]     ;
; 0.211  ; 0.395        ; 0.184          ; Low Pulse Width ; clk   ; Rise       ; UARTReceiver:receiver|data_latch[0] ;
+--------+--------------+----------------+-----------------+-------+------------+-------------------------------------+


+---------------------------------------------------------------------------+
; Setup Times                                                               ;
+---------------+------------+-------+-------+------------+-----------------+
; Data Port     ; Clock Port ; Rise  ; Fall  ; Clock Edge ; Clock Reference ;
+---------------+------------+-------+-------+------------+-----------------+
; new_data      ; clk        ; 1.167 ; 1.299 ; Rise       ; clk             ;
; send_data[*]  ; clk        ; 2.641 ; 3.059 ; Rise       ; clk             ;
;  send_data[0] ; clk        ; 2.440 ; 2.857 ; Rise       ; clk             ;
;  send_data[1] ; clk        ; 2.473 ; 2.897 ; Rise       ; clk             ;
;  send_data[2] ; clk        ; 0.946 ; 1.082 ; Rise       ; clk             ;
;  send_data[3] ; clk        ; 2.641 ; 3.059 ; Rise       ; clk             ;
;  send_data[4] ; clk        ; 2.070 ; 2.486 ; Rise       ; clk             ;
;  send_data[5] ; clk        ; 1.854 ; 2.275 ; Rise       ; clk             ;
;  send_data[6] ; clk        ; 1.675 ; 2.110 ; Rise       ; clk             ;
+---------------+------------+-------+-------+------------+-----------------+


+-----------------------------------------------------------------------------+
; Hold Times                                                                  ;
+---------------+------------+--------+--------+------------+-----------------+
; Data Port     ; Clock Port ; Rise   ; Fall   ; Clock Edge ; Clock Reference ;
+---------------+------------+--------+--------+------------+-----------------+
; new_data      ; clk        ; 0.222  ; 0.104  ; Rise       ; clk             ;
; send_data[*]  ; clk        ; 0.000  ; -0.128 ; Rise       ; clk             ;
;  send_data[0] ; clk        ; -1.300 ; -1.720 ; Rise       ; clk             ;
;  send_data[1] ; clk        ; -1.187 ; -1.597 ; Rise       ; clk             ;
;  send_data[2] ; clk        ; 0.000  ; -0.128 ; Rise       ; clk             ;
;  send_data[3] ; clk        ; -1.671 ; -2.066 ; Rise       ; clk             ;
;  send_data[4] ; clk        ; -1.564 ; -1.958 ; Rise       ; clk             ;
;  send_data[5] ; clk        ; -1.310 ; -1.735 ; Rise       ; clk             ;
;  send_data[6] ; clk        ; -1.249 ; -1.662 ; Rise       ; clk             ;
+---------------+------------+--------+--------+------------+-----------------+


+--------------------------------------------------------------------------+
; Clock to Output Times                                                    ;
+--------------+------------+-------+-------+------------+-----------------+
; Data Port    ; Clock Port ; Rise  ; Fall  ; Clock Edge ; Clock Reference ;
+--------------+------------+-------+-------+------------+-----------------+
; busy         ; clk        ; 5.924 ; 5.858 ; Rise       ; clk             ;
; correct_data ; clk        ; 5.821 ; 5.758 ; Rise       ; clk             ;
; rec_data[*]  ; clk        ; 6.720 ; 6.708 ; Rise       ; clk             ;
;  rec_data[0] ; clk        ; 6.141 ; 6.109 ; Rise       ; clk             ;
;  rec_data[1] ; clk        ; 6.720 ; 6.708 ; Rise       ; clk             ;
;  rec_data[2] ; clk        ; 6.120 ; 6.080 ; Rise       ; clk             ;
;  rec_data[3] ; clk        ; 6.166 ; 6.106 ; Rise       ; clk             ;
;  rec_data[4] ; clk        ; 6.079 ; 6.017 ; Rise       ; clk             ;
;  rec_data[5] ; clk        ; 6.132 ; 6.060 ; Rise       ; clk             ;
;  rec_data[6] ; clk        ; 5.777 ; 5.713 ; Rise       ; clk             ;
; rec_new_data ; clk        ; 6.276 ; 6.204 ; Rise       ; clk             ;
; tx           ; clk        ; 7.813 ; 7.726 ; Rise       ; clk             ;
+--------------+------------+-------+-------+------------+-----------------+


+--------------------------------------------------------------------------+
; Minimum Clock to Output Times                                            ;
+--------------+------------+-------+-------+------------+-----------------+
; Data Port    ; Clock Port ; Rise  ; Fall  ; Clock Edge ; Clock Reference ;
+--------------+------------+-------+-------+------------+-----------------+
; busy         ; clk        ; 5.732 ; 5.664 ; Rise       ; clk             ;
; correct_data ; clk        ; 5.638 ; 5.573 ; Rise       ; clk             ;
; rec_data[*]  ; clk        ; 5.595 ; 5.530 ; Rise       ; clk             ;
;  rec_data[0] ; clk        ; 5.941 ; 5.907 ; Rise       ; clk             ;
;  rec_data[1] ; clk        ; 6.529 ; 6.516 ; Rise       ; clk             ;
;  rec_data[2] ; clk        ; 5.921 ; 5.880 ; Rise       ; clk             ;
;  rec_data[3] ; clk        ; 5.964 ; 5.902 ; Rise       ; clk             ;
;  rec_data[4] ; clk        ; 5.885 ; 5.822 ; Rise       ; clk             ;
;  rec_data[5] ; clk        ; 5.931 ; 5.858 ; Rise       ; clk             ;
;  rec_data[6] ; clk        ; 5.595 ; 5.530 ; Rise       ; clk             ;
; rec_new_data ; clk        ; 6.075 ; 6.002 ; Rise       ; clk             ;
; tx           ; clk        ; 6.525 ; 6.453 ; Rise       ; clk             ;
+--------------+------------+-------+-------+------------+-----------------+


----------------------------------------------
; Slow 1200mV 85C Model Metastability Report ;
----------------------------------------------
No synchronizer chains to report.


+-----------------------------------------------------------------------------------------------------------+
; Slow 1200mV 0C Model Fmax Summary                                                                         ;
+------------+-----------------+------------+---------------------------------------------------------------+
; Fmax       ; Restricted Fmax ; Clock Name ; Note                                                          ;
+------------+-----------------+------------+---------------------------------------------------------------+
; 421.59 MHz ; 250.0 MHz       ; clk        ; limit due to minimum period restriction (max I/O toggle rate) ;
+------------+-----------------+------------+---------------------------------------------------------------+
This panel reports FMAX for every clock in the design, regardless of the user-specified clock periods.  FMAX is only computed for paths where the source and destination registers or ports are driven by the same clock.  Paths of different clocks, including generated clocks, are ignored.  For paths between a clock and its inversion, FMAX is computed as if the rising and falling edges are scaled along with FMAX, such that the duty cycle (in terms of a percentage) is maintained. Altera recommends that you always use clock constraints and other slack reports for sign-off analysis.


+------------------------------------+
; Slow 1200mV 0C Model Setup Summary ;
+-------+--------+-------------------+
; Clock ; Slack  ; End Point TNS     ;
+-------+--------+-------------------+
; clk   ; -1.372 ; -61.530           ;
+-------+--------+-------------------+


+-----------------------------------+
; Slow 1200mV 0C Model Hold Summary ;
+-------+-------+-------------------+
; Clock ; Slack ; End Point TNS     ;
+-------+-------+-------------------+
; clk   ; 0.221 ; 0.000             ;
+-------+-------+-------------------+


-----------------------------------------
; Slow 1200mV 0C Model Recovery Summary ;
-----------------------------------------
No paths to report.


----------------------------------------
; Slow 1200mV 0C Model Removal Summary ;
----------------------------------------
No paths to report.


+--------------------------------------------------+
; Slow 1200mV 0C Model Minimum Pulse Width Summary ;
+-------+--------+---------------------------------+
; Clock ; Slack  ; End Point TNS                   ;
+-------+--------+---------------------------------+
; clk   ; -3.000 ; -64.000                         ;
+-------+--------+---------------------------------+


+----------------------------------------------------------------------------------------------------------------------------------------------------------+
; Slow 1200mV 0C Model Setup: 'clk'                                                                                                                        ;
+--------+-------------------------------------+-------------------------------------+--------------+-------------+--------------+------------+------------+
; Slack  ; From Node                           ; To Node                             ; Launch Clock ; Latch Clock ; Relationship ; Clock Skew ; Data Delay ;
+--------+-------------------------------------+-------------------------------------+--------------+-------------+--------------+------------+------------+
; -1.372 ; UARTReceiver:receiver|tick_count[1] ; UARTReceiver:receiver|rec_data[0]   ; clk          ; clk         ; 1.000        ; -0.057     ; 2.310      ;
; -1.372 ; UARTReceiver:receiver|tick_count[1] ; UARTReceiver:receiver|rec_data[1]   ; clk          ; clk         ; 1.000        ; -0.057     ; 2.310      ;
; -1.372 ; UARTReceiver:receiver|tick_count[1] ; UARTReceiver:receiver|rec_data[2]   ; clk          ; clk         ; 1.000        ; -0.057     ; 2.310      ;
; -1.372 ; UARTReceiver:receiver|tick_count[1] ; UARTReceiver:receiver|rec_data[3]   ; clk          ; clk         ; 1.000        ; -0.057     ; 2.310      ;
; -1.372 ; UARTReceiver:receiver|tick_count[1] ; UARTReceiver:receiver|rec_data[4]   ; clk          ; clk         ; 1.000        ; -0.057     ; 2.310      ;
; -1.372 ; UARTReceiver:receiver|tick_count[1] ; UARTReceiver:receiver|rec_data[5]   ; clk          ; clk         ; 1.000        ; -0.057     ; 2.310      ;
; -1.372 ; UARTReceiver:receiver|tick_count[1] ; UARTReceiver:receiver|rec_data[6]   ; clk          ; clk         ; 1.000        ; -0.057     ; 2.310      ;
; -1.326 ; UARTReceiver:receiver|tick_count[7] ; UARTReceiver:receiver|rec_data[0]   ; clk          ; clk         ; 1.000        ; -0.057     ; 2.264      ;
; -1.326 ; UARTReceiver:receiver|tick_count[7] ; UARTReceiver:receiver|rec_data[1]   ; clk          ; clk         ; 1.000        ; -0.057     ; 2.264      ;
; -1.326 ; UARTReceiver:receiver|tick_count[7] ; UARTReceiver:receiver|rec_data[2]   ; clk          ; clk         ; 1.000        ; -0.057     ; 2.264      ;
; -1.326 ; UARTReceiver:receiver|tick_count[7] ; UARTReceiver:receiver|rec_data[3]   ; clk          ; clk         ; 1.000        ; -0.057     ; 2.264      ;
; -1.326 ; UARTReceiver:receiver|tick_count[7] ; UARTReceiver:receiver|rec_data[4]   ; clk          ; clk         ; 1.000        ; -0.057     ; 2.264      ;
; -1.326 ; UARTReceiver:receiver|tick_count[7] ; UARTReceiver:receiver|rec_data[5]   ; clk          ; clk         ; 1.000        ; -0.057     ; 2.264      ;
; -1.326 ; UARTReceiver:receiver|tick_count[7] ; UARTReceiver:receiver|rec_data[6]   ; clk          ; clk         ; 1.000        ; -0.057     ; 2.264      ;
; -1.315 ; UARTReceiver:receiver|tick_count[1] ; UARTReceiver:receiver|state.START   ; clk          ; clk         ; 1.000        ; -0.056     ; 2.254      ;
; -1.275 ; UARTReceiver:receiver|tick_count[3] ; UARTReceiver:receiver|rec_data[0]   ; clk          ; clk         ; 1.000        ; -0.057     ; 2.213      ;
; -1.275 ; UARTReceiver:receiver|tick_count[3] ; UARTReceiver:receiver|rec_data[1]   ; clk          ; clk         ; 1.000        ; -0.057     ; 2.213      ;
; -1.275 ; UARTReceiver:receiver|tick_count[3] ; UARTReceiver:receiver|rec_data[2]   ; clk          ; clk         ; 1.000        ; -0.057     ; 2.213      ;
; -1.275 ; UARTReceiver:receiver|tick_count[3] ; UARTReceiver:receiver|rec_data[3]   ; clk          ; clk         ; 1.000        ; -0.057     ; 2.213      ;
; -1.275 ; UARTReceiver:receiver|tick_count[3] ; UARTReceiver:receiver|rec_data[4]   ; clk          ; clk         ; 1.000        ; -0.057     ; 2.213      ;
; -1.275 ; UARTReceiver:receiver|tick_count[3] ; UARTReceiver:receiver|rec_data[5]   ; clk          ; clk         ; 1.000        ; -0.057     ; 2.213      ;
; -1.275 ; UARTReceiver:receiver|tick_count[3] ; UARTReceiver:receiver|rec_data[6]   ; clk          ; clk         ; 1.000        ; -0.057     ; 2.213      ;
; -1.268 ; UARTReceiver:receiver|tick_count[3] ; UARTReceiver:receiver|tick_count[0] ; clk          ; clk         ; 1.000        ; -0.057     ; 2.206      ;
; -1.268 ; UARTReceiver:receiver|tick_count[3] ; UARTReceiver:receiver|tick_count[1] ; clk          ; clk         ; 1.000        ; -0.057     ; 2.206      ;
; -1.268 ; UARTReceiver:receiver|tick_count[3] ; UARTReceiver:receiver|tick_count[2] ; clk          ; clk         ; 1.000        ; -0.057     ; 2.206      ;
; -1.268 ; UARTReceiver:receiver|tick_count[3] ; UARTReceiver:receiver|tick_count[3] ; clk          ; clk         ; 1.000        ; -0.057     ; 2.206      ;
; -1.268 ; UARTReceiver:receiver|tick_count[3] ; UARTReceiver:receiver|tick_count[5] ; clk          ; clk         ; 1.000        ; -0.057     ; 2.206      ;
; -1.268 ; UARTReceiver:receiver|tick_count[3] ; UARTReceiver:receiver|tick_count[6] ; clk          ; clk         ; 1.000        ; -0.057     ; 2.206      ;
; -1.268 ; UARTReceiver:receiver|tick_count[3] ; UARTReceiver:receiver|tick_count[7] ; clk          ; clk         ; 1.000        ; -0.057     ; 2.206      ;
; -1.268 ; UARTReceiver:receiver|tick_count[3] ; UARTReceiver:receiver|tick_count[8] ; clk          ; clk         ; 1.000        ; -0.057     ; 2.206      ;
; -1.268 ; UARTReceiver:receiver|tick_count[3] ; UARTReceiver:receiver|tick_count[4] ; clk          ; clk         ; 1.000        ; -0.057     ; 2.206      ;
; -1.267 ; UARTReceiver:receiver|tick_count[0] ; UARTReceiver:receiver|tick_count[0] ; clk          ; clk         ; 1.000        ; -0.057     ; 2.205      ;
; -1.267 ; UARTReceiver:receiver|tick_count[0] ; UARTReceiver:receiver|tick_count[1] ; clk          ; clk         ; 1.000        ; -0.057     ; 2.205      ;
; -1.267 ; UARTReceiver:receiver|tick_count[0] ; UARTReceiver:receiver|tick_count[2] ; clk          ; clk         ; 1.000        ; -0.057     ; 2.205      ;
; -1.267 ; UARTReceiver:receiver|tick_count[0] ; UARTReceiver:receiver|tick_count[3] ; clk          ; clk         ; 1.000        ; -0.057     ; 2.205      ;
; -1.267 ; UARTReceiver:receiver|tick_count[0] ; UARTReceiver:receiver|tick_count[5] ; clk          ; clk         ; 1.000        ; -0.057     ; 2.205      ;
; -1.267 ; UARTReceiver:receiver|tick_count[0] ; UARTReceiver:receiver|tick_count[6] ; clk          ; clk         ; 1.000        ; -0.057     ; 2.205      ;
; -1.267 ; UARTReceiver:receiver|tick_count[0] ; UARTReceiver:receiver|tick_count[7] ; clk          ; clk         ; 1.000        ; -0.057     ; 2.205      ;
; -1.267 ; UARTReceiver:receiver|tick_count[0] ; UARTReceiver:receiver|tick_count[8] ; clk          ; clk         ; 1.000        ; -0.057     ; 2.205      ;
; -1.267 ; UARTReceiver:receiver|tick_count[0] ; UARTReceiver:receiver|tick_count[4] ; clk          ; clk         ; 1.000        ; -0.057     ; 2.205      ;
; -1.265 ; UARTReceiver:receiver|tick_count[7] ; UARTReceiver:receiver|state.START   ; clk          ; clk         ; 1.000        ; -0.056     ; 2.204      ;
; -1.251 ; UARTReceiver:receiver|tick_count[1] ; UARTReceiver:receiver|bit_index[1]  ; clk          ; clk         ; 1.000        ; -0.056     ; 2.190      ;
; -1.250 ; UARTReceiver:receiver|tick_count[2] ; UARTReceiver:receiver|rec_data[0]   ; clk          ; clk         ; 1.000        ; -0.057     ; 2.188      ;
; -1.250 ; UARTReceiver:receiver|tick_count[2] ; UARTReceiver:receiver|rec_data[1]   ; clk          ; clk         ; 1.000        ; -0.057     ; 2.188      ;
; -1.250 ; UARTReceiver:receiver|tick_count[2] ; UARTReceiver:receiver|rec_data[2]   ; clk          ; clk         ; 1.000        ; -0.057     ; 2.188      ;
; -1.250 ; UARTReceiver:receiver|tick_count[2] ; UARTReceiver:receiver|rec_data[3]   ; clk          ; clk         ; 1.000        ; -0.057     ; 2.188      ;
; -1.250 ; UARTReceiver:receiver|tick_count[2] ; UARTReceiver:receiver|rec_data[4]   ; clk          ; clk         ; 1.000        ; -0.057     ; 2.188      ;
; -1.250 ; UARTReceiver:receiver|tick_count[2] ; UARTReceiver:receiver|rec_data[5]   ; clk          ; clk         ; 1.000        ; -0.057     ; 2.188      ;
; -1.250 ; UARTReceiver:receiver|tick_count[2] ; UARTReceiver:receiver|rec_data[6]   ; clk          ; clk         ; 1.000        ; -0.057     ; 2.188      ;
; -1.242 ; UARTSender:sender|tick_count[5]     ; UARTSender:sender|bit_index[1]      ; clk          ; clk         ; 1.000        ; -0.056     ; 2.181      ;
; -1.241 ; UARTSender:sender|tick_count[5]     ; UARTSender:sender|bit_index[0]      ; clk          ; clk         ; 1.000        ; -0.056     ; 2.180      ;
; -1.227 ; UARTReceiver:receiver|bit_index[0]  ; UARTReceiver:receiver|bit_index[1]  ; clk          ; clk         ; 1.000        ; -0.384     ; 1.838      ;
; -1.226 ; UARTReceiver:receiver|data_latch[6] ; UARTReceiver:receiver|rec_data[0]   ; clk          ; clk         ; 1.000        ; -0.058     ; 2.163      ;
; -1.226 ; UARTReceiver:receiver|data_latch[6] ; UARTReceiver:receiver|rec_data[1]   ; clk          ; clk         ; 1.000        ; -0.058     ; 2.163      ;
; -1.226 ; UARTReceiver:receiver|data_latch[6] ; UARTReceiver:receiver|rec_data[2]   ; clk          ; clk         ; 1.000        ; -0.058     ; 2.163      ;
; -1.226 ; UARTReceiver:receiver|data_latch[6] ; UARTReceiver:receiver|rec_data[3]   ; clk          ; clk         ; 1.000        ; -0.058     ; 2.163      ;
; -1.226 ; UARTReceiver:receiver|data_latch[6] ; UARTReceiver:receiver|rec_data[4]   ; clk          ; clk         ; 1.000        ; -0.058     ; 2.163      ;
; -1.226 ; UARTReceiver:receiver|data_latch[6] ; UARTReceiver:receiver|rec_data[5]   ; clk          ; clk         ; 1.000        ; -0.058     ; 2.163      ;
; -1.226 ; UARTReceiver:receiver|data_latch[6] ; UARTReceiver:receiver|rec_data[6]   ; clk          ; clk         ; 1.000        ; -0.058     ; 2.163      ;
; -1.224 ; UARTSender:sender|tick_count[7]     ; UARTSender:sender|bit_index[1]      ; clk          ; clk         ; 1.000        ; -0.056     ; 2.163      ;
; -1.223 ; UARTSender:sender|tick_count[7]     ; UARTSender:sender|bit_index[0]      ; clk          ; clk         ; 1.000        ; -0.056     ; 2.162      ;
; -1.212 ; UARTReceiver:receiver|tick_count[0] ; UARTReceiver:receiver|rec_data[0]   ; clk          ; clk         ; 1.000        ; -0.057     ; 2.150      ;
; -1.212 ; UARTReceiver:receiver|tick_count[0] ; UARTReceiver:receiver|rec_data[1]   ; clk          ; clk         ; 1.000        ; -0.057     ; 2.150      ;
; -1.212 ; UARTReceiver:receiver|tick_count[0] ; UARTReceiver:receiver|rec_data[2]   ; clk          ; clk         ; 1.000        ; -0.057     ; 2.150      ;
; -1.212 ; UARTReceiver:receiver|tick_count[0] ; UARTReceiver:receiver|rec_data[3]   ; clk          ; clk         ; 1.000        ; -0.057     ; 2.150      ;
; -1.212 ; UARTReceiver:receiver|tick_count[0] ; UARTReceiver:receiver|rec_data[4]   ; clk          ; clk         ; 1.000        ; -0.057     ; 2.150      ;
; -1.212 ; UARTReceiver:receiver|tick_count[0] ; UARTReceiver:receiver|rec_data[5]   ; clk          ; clk         ; 1.000        ; -0.057     ; 2.150      ;
; -1.212 ; UARTReceiver:receiver|tick_count[0] ; UARTReceiver:receiver|rec_data[6]   ; clk          ; clk         ; 1.000        ; -0.057     ; 2.150      ;
; -1.208 ; UARTReceiver:receiver|tick_count[3] ; UARTReceiver:receiver|state.START   ; clk          ; clk         ; 1.000        ; -0.056     ; 2.147      ;
; -1.207 ; UARTSender:sender|bit_index[1]      ; UARTReceiver:receiver|rx_meta       ; clk          ; clk         ; 1.000        ; -0.057     ; 2.145      ;
; -1.204 ; UARTReceiver:receiver|tick_count[7] ; UARTReceiver:receiver|bit_index[1]  ; clk          ; clk         ; 1.000        ; -0.056     ; 2.143      ;
; -1.193 ; UARTReceiver:receiver|tick_count[2] ; UARTReceiver:receiver|state.START   ; clk          ; clk         ; 1.000        ; -0.056     ; 2.132      ;
; -1.175 ; UARTReceiver:receiver|tick_count[6] ; UARTReceiver:receiver|tick_count[0] ; clk          ; clk         ; 1.000        ; -0.057     ; 2.113      ;
; -1.175 ; UARTReceiver:receiver|tick_count[6] ; UARTReceiver:receiver|tick_count[1] ; clk          ; clk         ; 1.000        ; -0.057     ; 2.113      ;
; -1.175 ; UARTReceiver:receiver|tick_count[6] ; UARTReceiver:receiver|tick_count[2] ; clk          ; clk         ; 1.000        ; -0.057     ; 2.113      ;
; -1.175 ; UARTReceiver:receiver|tick_count[6] ; UARTReceiver:receiver|tick_count[3] ; clk          ; clk         ; 1.000        ; -0.057     ; 2.113      ;
; -1.175 ; UARTReceiver:receiver|tick_count[6] ; UARTReceiver:receiver|tick_count[5] ; clk          ; clk         ; 1.000        ; -0.057     ; 2.113      ;
; -1.175 ; UARTReceiver:receiver|tick_count[6] ; UARTReceiver:receiver|tick_count[6] ; clk          ; clk         ; 1.000        ; -0.057     ; 2.113      ;
; -1.175 ; UARTReceiver:receiver|tick_count[6] ; UARTReceiver:receiver|tick_count[7] ; clk          ; clk         ; 1.000        ; -0.057     ; 2.113      ;
; -1.175 ; UARTReceiver:receiver|tick_count[6] ; UARTReceiver:receiver|tick_count[8] ; clk          ; clk         ; 1.000        ; -0.057     ; 2.113      ;
; -1.175 ; UARTReceiver:receiver|tick_count[6] ; UARTReceiver:receiver|tick_count[4] ; clk          ; clk         ; 1.000        ; -0.057     ; 2.113      ;
; -1.169 ; UARTReceiver:receiver|tick_count[1] ; UARTReceiver:receiver|state.STOP    ; clk          ; clk         ; 1.000        ; -0.057     ; 2.107      ;
; -1.164 ; UARTReceiver:receiver|bit_index[2]  ; UARTReceiver:receiver|bit_index[1]  ; clk          ; clk         ; 1.000        ; -0.384     ; 1.775      ;
; -1.153 ; UARTReceiver:receiver|tick_count[6] ; UARTReceiver:receiver|rec_data[0]   ; clk          ; clk         ; 1.000        ; -0.057     ; 2.091      ;
; -1.153 ; UARTReceiver:receiver|tick_count[6] ; UARTReceiver:receiver|rec_data[1]   ; clk          ; clk         ; 1.000        ; -0.057     ; 2.091      ;
; -1.153 ; UARTReceiver:receiver|tick_count[6] ; UARTReceiver:receiver|rec_data[2]   ; clk          ; clk         ; 1.000        ; -0.057     ; 2.091      ;
; -1.153 ; UARTReceiver:receiver|tick_count[6] ; UARTReceiver:receiver|rec_data[3]   ; clk          ; clk         ; 1.000        ; -0.057     ; 2.091      ;
; -1.153 ; UARTReceiver:receiver|tick_count[6] ; UARTReceiver:receiver|rec_data[4]   ; clk          ; clk         ; 1.000        ; -0.057     ; 2.091      ;
; -1.153 ; UARTReceiver:receiver|tick_count[6] ; UARTReceiver:receiver|rec_data[5]   ; clk          ; clk         ; 1.000        ; -0.057     ; 2.091      ;
; -1.153 ; UARTReceiver:receiver|tick_count[6] ; UARTReceiver:receiver|rec_data[6]   ; clk          ; clk         ; 1.000        ; -0.057     ; 2.091      ;
; -1.150 ; UARTReceiver:receiver|state.START   ; UARTReceiver:receiver|tick_count[0] ; clk          ; clk         ; 1.000        ; -0.058     ; 2.087      ;
; -1.150 ; UARTReceiver:receiver|state.START   ; UARTReceiver:receiver|tick_count[1] ; clk          ; clk         ; 1.000        ; -0.058     ; 2.087      ;
; -1.150 ; UARTReceiver:receiver|state.START   ; UARTReceiver:receiver|tick_count[2] ; clk          ; clk         ; 1.000        ; -0.058     ; 2.087      ;
; -1.150 ; UARTReceiver:receiver|state.START   ; UARTReceiver:receiver|tick_count[3] ; clk          ; clk         ; 1.000        ; -0.058     ; 2.087      ;
; -1.150 ; UARTReceiver:receiver|state.START   ; UARTReceiver:receiver|tick_count[5] ; clk          ; clk         ; 1.000        ; -0.058     ; 2.087      ;
; -1.150 ; UARTReceiver:receiver|state.START   ; UARTReceiver:receiver|tick_count[6] ; clk          ; clk         ; 1.000        ; -0.058     ; 2.087      ;
; -1.150 ; UARTReceiver:receiver|state.START   ; UARTReceiver:receiver|tick_count[7] ; clk          ; clk         ; 1.000        ; -0.058     ; 2.087      ;
; -1.150 ; UARTReceiver:receiver|state.START   ; UARTReceiver:receiver|tick_count[8] ; clk          ; clk         ; 1.000        ; -0.058     ; 2.087      ;
; -1.150 ; UARTReceiver:receiver|state.START   ; UARTReceiver:receiver|tick_count[4] ; clk          ; clk         ; 1.000        ; -0.058     ; 2.087      ;
; -1.146 ; UARTReceiver:receiver|tick_count[4] ; UARTReceiver:receiver|rec_data[0]   ; clk          ; clk         ; 1.000        ; -0.057     ; 2.084      ;
+--------+-------------------------------------+-------------------------------------+--------------+-------------+--------------+------------+------------+


+---------------------------------------------------------------------------------------------------------------------------------------------------------+
; Slow 1200mV 0C Model Hold: 'clk'                                                                                                                        ;
+-------+-------------------------------------+-------------------------------------+--------------+-------------+--------------+------------+------------+
; Slack ; From Node                           ; To Node                             ; Launch Clock ; Latch Clock ; Relationship ; Clock Skew ; Data Delay ;
+-------+-------------------------------------+-------------------------------------+--------------+-------------+--------------+------------+------------+
; 0.221 ; UARTReceiver:receiver|rx_sync       ; UARTReceiver:receiver|state.IDLE    ; clk          ; clk         ; 0.000        ; 0.384      ; 0.749      ;
; 0.296 ; UARTReceiver:receiver|bit_index[0]  ; UARTReceiver:receiver|bit_index[0]  ; clk          ; clk         ; 0.000        ; 0.071      ; 0.511      ;
; 0.296 ; UARTReceiver:receiver|bit_index[2]  ; UARTReceiver:receiver|bit_index[2]  ; clk          ; clk         ; 0.000        ; 0.071      ; 0.511      ;
; 0.297 ; UARTSender:sender|state.START       ; UARTSender:sender|state.START       ; clk          ; clk         ; 0.000        ; 0.070      ; 0.511      ;
; 0.297 ; UARTSender:sender|state.PARITY      ; UARTSender:sender|state.PARITY      ; clk          ; clk         ; 0.000        ; 0.070      ; 0.511      ;
; 0.297 ; UARTReceiver:receiver|state.PARITY  ; UARTReceiver:receiver|state.PARITY  ; clk          ; clk         ; 0.000        ; 0.070      ; 0.511      ;
; 0.297 ; UARTReceiver:receiver|state.IDLE    ; UARTReceiver:receiver|state.IDLE    ; clk          ; clk         ; 0.000        ; 0.070      ; 0.511      ;
; 0.309 ; UARTSender:sender|state.DATA        ; UARTSender:sender|state.DATA        ; clk          ; clk         ; 0.000        ; 0.058      ; 0.511      ;
; 0.309 ; UARTSender:sender|bit_index[2]      ; UARTSender:sender|bit_index[2]      ; clk          ; clk         ; 0.000        ; 0.058      ; 0.511      ;
; 0.309 ; UARTSender:sender|state.STOP        ; UARTSender:sender|state.STOP        ; clk          ; clk         ; 0.000        ; 0.058      ; 0.511      ;
; 0.309 ; UARTSender:sender|state.IDLE        ; UARTSender:sender|state.IDLE        ; clk          ; clk         ; 0.000        ; 0.058      ; 0.511      ;
; 0.309 ; UARTReceiver:receiver|state.STOP    ; UARTReceiver:receiver|state.STOP    ; clk          ; clk         ; 0.000        ; 0.058      ; 0.511      ;
; 0.309 ; UARTReceiver:receiver|state.DATA    ; UARTReceiver:receiver|state.DATA    ; clk          ; clk         ; 0.000        ; 0.058      ; 0.511      ;
; 0.309 ; UARTReceiver:receiver|data_latch[2] ; UARTReceiver:receiver|data_latch[2] ; clk          ; clk         ; 0.000        ; 0.058      ; 0.511      ;
; 0.309 ; UARTReceiver:receiver|data_latch[0] ; UARTReceiver:receiver|data_latch[0] ; clk          ; clk         ; 0.000        ; 0.058      ; 0.511      ;
; 0.309 ; UARTReceiver:receiver|data_latch[4] ; UARTReceiver:receiver|data_latch[4] ; clk          ; clk         ; 0.000        ; 0.058      ; 0.511      ;
; 0.309 ; UARTReceiver:receiver|data_latch[6] ; UARTReceiver:receiver|data_latch[6] ; clk          ; clk         ; 0.000        ; 0.058      ; 0.511      ;
; 0.310 ; UARTSender:sender|bit_index[0]      ; UARTSender:sender|bit_index[0]      ; clk          ; clk         ; 0.000        ; 0.057      ; 0.511      ;
; 0.310 ; UARTSender:sender|bit_index[1]      ; UARTSender:sender|bit_index[1]      ; clk          ; clk         ; 0.000        ; 0.057      ; 0.511      ;
; 0.310 ; UARTReceiver:receiver|bit_index[1]  ; UARTReceiver:receiver|bit_index[1]  ; clk          ; clk         ; 0.000        ; 0.057      ; 0.511      ;
; 0.310 ; UARTReceiver:receiver|parity_latch  ; UARTReceiver:receiver|parity_latch  ; clk          ; clk         ; 0.000        ; 0.057      ; 0.511      ;
; 0.310 ; UARTReceiver:receiver|data_latch[1] ; UARTReceiver:receiver|data_latch[1] ; clk          ; clk         ; 0.000        ; 0.057      ; 0.511      ;
; 0.310 ; UARTReceiver:receiver|data_latch[5] ; UARTReceiver:receiver|data_latch[5] ; clk          ; clk         ; 0.000        ; 0.057      ; 0.511      ;
; 0.310 ; UARTReceiver:receiver|data_latch[3] ; UARTReceiver:receiver|data_latch[3] ; clk          ; clk         ; 0.000        ; 0.057      ; 0.511      ;
; 0.333 ; UARTSender:sender|state.STOP        ; UARTSender:sender|state.IDLE        ; clk          ; clk         ; 0.000        ; 0.058      ; 0.535      ;
; 0.340 ; UARTReceiver:receiver|data_latch[5] ; UARTReceiver:receiver|rec_data[5]   ; clk          ; clk         ; 0.000        ; 0.057      ; 0.541      ;
; 0.344 ; UARTReceiver:receiver|data_latch[1] ; UARTReceiver:receiver|rec_data[1]   ; clk          ; clk         ; 0.000        ; 0.057      ; 0.545      ;
; 0.374 ; UARTReceiver:receiver|rx_sync       ; UARTReceiver:receiver|state.PARITY  ; clk          ; clk         ; 0.000        ; 0.384      ; 0.902      ;
; 0.405 ; UARTSender:sender|state.DATA        ; UARTSender:sender|state.START       ; clk          ; clk         ; 0.000        ; 0.384      ; 0.933      ;
; 0.427 ; UARTReceiver:receiver|state.DATA    ; UARTReceiver:receiver|bit_index[2]  ; clk          ; clk         ; 0.000        ; 0.385      ; 0.956      ;
; 0.435 ; UARTReceiver:receiver|state.DATA    ; UARTReceiver:receiver|bit_index[0]  ; clk          ; clk         ; 0.000        ; 0.385      ; 0.964      ;
; 0.442 ; UARTReceiver:receiver|data_latch[3] ; UARTReceiver:receiver|rec_data[3]   ; clk          ; clk         ; 0.000        ; 0.057      ; 0.643      ;
; 0.497 ; UARTReceiver:receiver|tick_count[8] ; UARTReceiver:receiver|tick_count[8] ; clk          ; clk         ; 0.000        ; 0.057      ; 0.698      ;
; 0.507 ; UARTReceiver:receiver|tick_count[7] ; UARTReceiver:receiver|tick_count[7] ; clk          ; clk         ; 0.000        ; 0.057      ; 0.708      ;
; 0.508 ; UARTReceiver:receiver|tick_count[1] ; UARTReceiver:receiver|tick_count[1] ; clk          ; clk         ; 0.000        ; 0.057      ; 0.709      ;
; 0.509 ; UARTReceiver:receiver|tick_count[2] ; UARTReceiver:receiver|tick_count[2] ; clk          ; clk         ; 0.000        ; 0.057      ; 0.710      ;
; 0.512 ; UARTReceiver:receiver|tick_count[5] ; UARTReceiver:receiver|tick_count[5] ; clk          ; clk         ; 0.000        ; 0.057      ; 0.713      ;
; 0.513 ; UARTReceiver:receiver|tick_count[6] ; UARTReceiver:receiver|tick_count[6] ; clk          ; clk         ; 0.000        ; 0.057      ; 0.714      ;
; 0.514 ; UARTSender:sender|state.START       ; UARTSender:sender|state.PARITY      ; clk          ; clk         ; 0.000        ; 0.070      ; 0.728      ;
; 0.515 ; UARTReceiver:receiver|tick_count[3] ; UARTReceiver:receiver|tick_count[3] ; clk          ; clk         ; 0.000        ; 0.057      ; 0.716      ;
; 0.529 ; UARTSender:sender|state.IDLE        ; UARTSender:sender|tick_count[6]     ; clk          ; clk         ; 0.000        ; 0.057      ; 0.730      ;
; 0.532 ; UARTReceiver:receiver|tick_count[0] ; UARTReceiver:receiver|tick_count[0] ; clk          ; clk         ; 0.000        ; 0.057      ; 0.733      ;
; 0.541 ; UARTReceiver:receiver|tick_count[8] ; UARTReceiver:receiver|rec_new_data  ; clk          ; clk         ; 0.000        ; 0.057      ; 0.742      ;
; 0.541 ; UARTSender:sender|state.DATA        ; UARTSender:sender|state.STOP        ; clk          ; clk         ; 0.000        ; 0.058      ; 0.743      ;
; 0.549 ; UARTReceiver:receiver|rx_sync       ; UARTReceiver:receiver|data_latch[4] ; clk          ; clk         ; 0.000        ; 0.058      ; 0.751      ;
; 0.554 ; UARTReceiver:receiver|rx_sync       ; UARTReceiver:receiver|data_latch[0] ; clk          ; clk         ; 0.000        ; 0.058      ; 0.756      ;
; 0.573 ; UARTSender:sender|state.DATA        ; UARTSender:sender|bit_index[2]      ; clk          ; clk         ; 0.000        ; 0.058      ; 0.775      ;
; 0.579 ; UARTSender:sender|bit_index[0]      ; UARTSender:sender|bit_index[1]      ; clk          ; clk         ; 0.000        ; 0.057      ; 0.780      ;
; 0.580 ; UARTSender:sender|state.IDLE        ; UARTSender:sender|state.START       ; clk          ; clk         ; 0.000        ; 0.384      ; 1.108      ;
; 0.623 ; UARTReceiver:receiver|rx_meta       ; UARTReceiver:receiver|rx_sync       ; clk          ; clk         ; 0.000        ; 0.056      ; 0.823      ;
; 0.629 ; UARTReceiver:receiver|tick_count[5] ; UARTReceiver:receiver|rec_new_data  ; clk          ; clk         ; 0.000        ; 0.057      ; 0.830      ;
; 0.643 ; UARTReceiver:receiver|tick_count[4] ; UARTReceiver:receiver|tick_count[4] ; clk          ; clk         ; 0.000        ; 0.057      ; 0.844      ;
; 0.643 ; UARTReceiver:receiver|state.STOP    ; UARTReceiver:receiver|rec_new_data  ; clk          ; clk         ; 0.000        ; 0.057      ; 0.844      ;
; 0.665 ; UARTSender:sender|state.IDLE        ; UARTSender:sender|tick_count[2]     ; clk          ; clk         ; 0.000        ; 0.058      ; 0.867      ;
; 0.672 ; UARTSender:sender|tick_count[0]     ; UARTSender:sender|state.PARITY      ; clk          ; clk         ; 0.000        ; 0.384      ; 1.200      ;
; 0.677 ; UARTReceiver:receiver|data_latch[2] ; UARTReceiver:receiver|rec_data[2]   ; clk          ; clk         ; 0.000        ; 0.057      ; 0.878      ;
; 0.681 ; UARTReceiver:receiver|data_latch[4] ; UARTReceiver:receiver|rec_data[4]   ; clk          ; clk         ; 0.000        ; 0.057      ; 0.882      ;
; 0.695 ; UARTReceiver:receiver|bit_index[1]  ; UARTReceiver:receiver|data_latch[4] ; clk          ; clk         ; 0.000        ; 0.057      ; 0.896      ;
; 0.696 ; UARTReceiver:receiver|bit_index[1]  ; UARTReceiver:receiver|data_latch[0] ; clk          ; clk         ; 0.000        ; 0.057      ; 0.897      ;
; 0.702 ; UARTSender:sender|state.IDLE        ; UARTSender:sender|tick_count[3]     ; clk          ; clk         ; 0.000        ; 0.057      ; 0.903      ;
; 0.704 ; UARTReceiver:receiver|tick_count[5] ; UARTReceiver:receiver|state.PARITY  ; clk          ; clk         ; 0.000        ; 0.384      ; 1.232      ;
; 0.707 ; UARTSender:sender|state.IDLE        ; UARTSender:sender|tick_count[5]     ; clk          ; clk         ; 0.000        ; 0.057      ; 0.908      ;
; 0.707 ; UARTSender:sender|state.IDLE        ; UARTSender:sender|tick_count[7]     ; clk          ; clk         ; 0.000        ; 0.057      ; 0.908      ;
; 0.709 ; UARTSender:sender|state.IDLE        ; UARTSender:sender|tick_count[0]     ; clk          ; clk         ; 0.000        ; 0.057      ; 0.910      ;
; 0.710 ; UARTReceiver:receiver|state.START   ; UARTReceiver:receiver|state.IDLE    ; clk          ; clk         ; 0.000        ; 0.383      ; 1.237      ;
; 0.710 ; UARTSender:sender|tick_count[4]     ; UARTSender:sender|state.PARITY      ; clk          ; clk         ; 0.000        ; 0.384      ; 1.238      ;
; 0.711 ; UARTReceiver:receiver|rx_sync       ; UARTReceiver:receiver|data_latch[2] ; clk          ; clk         ; 0.000        ; 0.058      ; 0.913      ;
; 0.716 ; UARTReceiver:receiver|bit_index[1]  ; UARTReceiver:receiver|bit_index[2]  ; clk          ; clk         ; 0.000        ; 0.384      ; 1.244      ;
; 0.719 ; UARTReceiver:receiver|tick_count[5] ; UARTReceiver:receiver|state.IDLE    ; clk          ; clk         ; 0.000        ; 0.384      ; 1.247      ;
; 0.719 ; UARTReceiver:receiver|state.START   ; UARTReceiver:receiver|state.PARITY  ; clk          ; clk         ; 0.000        ; 0.383      ; 1.246      ;
; 0.722 ; UARTReceiver:receiver|state.START   ; UARTReceiver:receiver|state.START   ; clk          ; clk         ; 0.000        ; 0.057      ; 0.923      ;
; 0.722 ; UARTReceiver:receiver|tick_count[6] ; UARTReceiver:receiver|rec_new_data  ; clk          ; clk         ; 0.000        ; 0.057      ; 0.923      ;
; 0.726 ; UARTReceiver:receiver|rx_sync       ; UARTReceiver:receiver|data_latch[6] ; clk          ; clk         ; 0.000        ; 0.058      ; 0.928      ;
; 0.736 ; UARTReceiver:receiver|state.DATA    ; UARTReceiver:receiver|data_latch[0] ; clk          ; clk         ; 0.000        ; 0.058      ; 0.938      ;
; 0.736 ; UARTSender:sender|state.DATA        ; UARTSender:sender|bit_index[0]      ; clk          ; clk         ; 0.000        ; 0.058      ; 0.938      ;
; 0.737 ; UARTSender:sender|state.DATA        ; UARTSender:sender|bit_index[1]      ; clk          ; clk         ; 0.000        ; 0.058      ; 0.939      ;
; 0.737 ; UARTReceiver:receiver|tick_count[4] ; UARTReceiver:receiver|rec_new_data  ; clk          ; clk         ; 0.000        ; 0.057      ; 0.938      ;
; 0.738 ; UARTReceiver:receiver|state.DATA    ; UARTReceiver:receiver|data_latch[4] ; clk          ; clk         ; 0.000        ; 0.058      ; 0.940      ;
; 0.742 ; UARTSender:sender|state.IDLE        ; UARTSender:sender|tick_count[1]     ; clk          ; clk         ; 0.000        ; 0.057      ; 0.943      ;
; 0.742 ; UARTSender:sender|state.IDLE        ; UARTSender:sender|tick_count[8]     ; clk          ; clk         ; 0.000        ; 0.057      ; 0.943      ;
; 0.748 ; UARTSender:sender|tick_count[3]     ; UARTSender:sender|state.PARITY      ; clk          ; clk         ; 0.000        ; 0.384      ; 1.276      ;
; 0.752 ; UARTReceiver:receiver|tick_count[7] ; UARTReceiver:receiver|tick_count[8] ; clk          ; clk         ; 0.000        ; 0.057      ; 0.953      ;
; 0.752 ; UARTReceiver:receiver|tick_count[1] ; UARTReceiver:receiver|tick_count[2] ; clk          ; clk         ; 0.000        ; 0.057      ; 0.953      ;
; 0.757 ; UARTReceiver:receiver|tick_count[5] ; UARTReceiver:receiver|tick_count[6] ; clk          ; clk         ; 0.000        ; 0.057      ; 0.958      ;
; 0.758 ; UARTReceiver:receiver|tick_count[2] ; UARTReceiver:receiver|tick_count[3] ; clk          ; clk         ; 0.000        ; 0.057      ; 0.959      ;
; 0.760 ; UARTReceiver:receiver|tick_count[3] ; UARTReceiver:receiver|tick_count[4] ; clk          ; clk         ; 0.000        ; 0.057      ; 0.961      ;
; 0.762 ; UARTReceiver:receiver|tick_count[6] ; UARTReceiver:receiver|tick_count[7] ; clk          ; clk         ; 0.000        ; 0.057      ; 0.963      ;
; 0.765 ; UARTReceiver:receiver|state.DATA    ; UARTReceiver:receiver|data_latch[2] ; clk          ; clk         ; 0.000        ; 0.058      ; 0.967      ;
; 0.765 ; UARTReceiver:receiver|state.DATA    ; UARTReceiver:receiver|data_latch[6] ; clk          ; clk         ; 0.000        ; 0.058      ; 0.967      ;
; 0.765 ; UARTReceiver:receiver|tick_count[2] ; UARTReceiver:receiver|tick_count[4] ; clk          ; clk         ; 0.000        ; 0.057      ; 0.966      ;
; 0.766 ; UARTReceiver:receiver|tick_count[0] ; UARTReceiver:receiver|tick_count[1] ; clk          ; clk         ; 0.000        ; 0.057      ; 0.967      ;
; 0.769 ; UARTReceiver:receiver|tick_count[6] ; UARTReceiver:receiver|tick_count[8] ; clk          ; clk         ; 0.000        ; 0.057      ; 0.970      ;
; 0.773 ; UARTReceiver:receiver|tick_count[0] ; UARTReceiver:receiver|tick_count[2] ; clk          ; clk         ; 0.000        ; 0.057      ; 0.974      ;
; 0.774 ; UARTReceiver:receiver|data_latch[0] ; UARTReceiver:receiver|rec_data[0]   ; clk          ; clk         ; 0.000        ; 0.057      ; 0.975      ;
; 0.774 ; UARTReceiver:receiver|data_latch[6] ; UARTReceiver:receiver|rec_data[6]   ; clk          ; clk         ; 0.000        ; 0.057      ; 0.975      ;
; 0.774 ; UARTReceiver:receiver|state.DATA    ; UARTReceiver:receiver|state.STOP    ; clk          ; clk         ; 0.000        ; 0.058      ; 0.976      ;
; 0.783 ; UARTSender:sender|tick_count[3]     ; UARTSender:sender|tick_count[3]     ; clk          ; clk         ; 0.000        ; 0.057      ; 0.984      ;
; 0.784 ; UARTSender:sender|tick_count[5]     ; UARTSender:sender|tick_count[5]     ; clk          ; clk         ; 0.000        ; 0.057      ; 0.985      ;
; 0.786 ; UARTSender:sender|tick_count[7]     ; UARTSender:sender|tick_count[7]     ; clk          ; clk         ; 0.000        ; 0.057      ; 0.987      ;
; 0.796 ; UARTSender:sender|tick_count[0]     ; UARTSender:sender|tick_count[0]     ; clk          ; clk         ; 0.000        ; 0.057      ; 0.997      ;
+-------+-------------------------------------+-------------------------------------+--------------+-------------+--------------+------------+------------+


+---------------------------------------------------------------------------------------------------------------------+
; Slow 1200mV 0C Model Minimum Pulse Width: 'clk'                                                                     ;
+--------+--------------+----------------+-----------------+-------+------------+-------------------------------------+
; Slack  ; Actual Width ; Required Width ; Type            ; Clock ; Clock Edge ; Target                              ;
+--------+--------------+----------------+-----------------+-------+------------+-------------------------------------+
; -3.000 ; 1.000        ; 4.000          ; Port Rate       ; clk   ; Rise       ; clk                                 ;
; -1.000 ; 1.000        ; 2.000          ; Min Period      ; clk   ; Rise       ; UARTReceiver:receiver|bit_index[0]  ;
; -1.000 ; 1.000        ; 2.000          ; Min Period      ; clk   ; Rise       ; UARTReceiver:receiver|bit_index[1]  ;
; -1.000 ; 1.000        ; 2.000          ; Min Period      ; clk   ; Rise       ; UARTReceiver:receiver|bit_index[2]  ;
; -1.000 ; 1.000        ; 2.000          ; Min Period      ; clk   ; Rise       ; UARTReceiver:receiver|correct_data  ;
; -1.000 ; 1.000        ; 2.000          ; Min Period      ; clk   ; Rise       ; UARTReceiver:receiver|data_latch[0] ;
; -1.000 ; 1.000        ; 2.000          ; Min Period      ; clk   ; Rise       ; UARTReceiver:receiver|data_latch[1] ;
; -1.000 ; 1.000        ; 2.000          ; Min Period      ; clk   ; Rise       ; UARTReceiver:receiver|data_latch[2] ;
; -1.000 ; 1.000        ; 2.000          ; Min Period      ; clk   ; Rise       ; UARTReceiver:receiver|data_latch[3] ;
; -1.000 ; 1.000        ; 2.000          ; Min Period      ; clk   ; Rise       ; UARTReceiver:receiver|data_latch[4] ;
; -1.000 ; 1.000        ; 2.000          ; Min Period      ; clk   ; Rise       ; UARTReceiver:receiver|data_latch[5] ;
; -1.000 ; 1.000        ; 2.000          ; Min Period      ; clk   ; Rise       ; UARTReceiver:receiver|data_latch[6] ;
; -1.000 ; 1.000        ; 2.000          ; Min Period      ; clk   ; Rise       ; UARTReceiver:receiver|parity_latch  ;
; -1.000 ; 1.000        ; 2.000          ; Min Period      ; clk   ; Rise       ; UARTReceiver:receiver|rec_data[0]   ;
; -1.000 ; 1.000        ; 2.000          ; Min Period      ; clk   ; Rise       ; UARTReceiver:receiver|rec_data[1]   ;
; -1.000 ; 1.000        ; 2.000          ; Min Period      ; clk   ; Rise       ; UARTReceiver:receiver|rec_data[2]   ;
; -1.000 ; 1.000        ; 2.000          ; Min Period      ; clk   ; Rise       ; UARTReceiver:receiver|rec_data[3]   ;
; -1.000 ; 1.000        ; 2.000          ; Min Period      ; clk   ; Rise       ; UARTReceiver:receiver|rec_data[4]   ;
; -1.000 ; 1.000        ; 2.000          ; Min Period      ; clk   ; Rise       ; UARTReceiver:receiver|rec_data[5]   ;
; -1.000 ; 1.000        ; 2.000          ; Min Period      ; clk   ; Rise       ; UARTReceiver:receiver|rec_data[6]   ;
; -1.000 ; 1.000        ; 2.000          ; Min Period      ; clk   ; Rise       ; UARTReceiver:receiver|rec_new_data  ;
; -1.000 ; 1.000        ; 2.000          ; Min Period      ; clk   ; Rise       ; UARTReceiver:receiver|rx_meta       ;
; -1.000 ; 1.000        ; 2.000          ; Min Period      ; clk   ; Rise       ; UARTReceiver:receiver|rx_sync       ;
; -1.000 ; 1.000        ; 2.000          ; Min Period      ; clk   ; Rise       ; UARTReceiver:receiver|state.DATA    ;
; -1.000 ; 1.000        ; 2.000          ; Min Period      ; clk   ; Rise       ; UARTReceiver:receiver|state.IDLE    ;
; -1.000 ; 1.000        ; 2.000          ; Min Period      ; clk   ; Rise       ; UARTReceiver:receiver|state.PARITY  ;
; -1.000 ; 1.000        ; 2.000          ; Min Period      ; clk   ; Rise       ; UARTReceiver:receiver|state.START   ;
; -1.000 ; 1.000        ; 2.000          ; Min Period      ; clk   ; Rise       ; UARTReceiver:receiver|state.STOP    ;
; -1.000 ; 1.000        ; 2.000          ; Min Period      ; clk   ; Rise       ; UARTReceiver:receiver|tick_count[0] ;
; -1.000 ; 1.000        ; 2.000          ; Min Period      ; clk   ; Rise       ; UARTReceiver:receiver|tick_count[1] ;
; -1.000 ; 1.000        ; 2.000          ; Min Period      ; clk   ; Rise       ; UARTReceiver:receiver|tick_count[2] ;
; -1.000 ; 1.000        ; 2.000          ; Min Period      ; clk   ; Rise       ; UARTReceiver:receiver|tick_count[3] ;
; -1.000 ; 1.000        ; 2.000          ; Min Period      ; clk   ; Rise       ; UARTReceiver:receiver|tick_count[4] ;
; -1.000 ; 1.000        ; 2.000          ; Min Period      ; clk   ; Rise       ; UARTReceiver:receiver|tick_count[5] ;
; -1.000 ; 1.000        ; 2.000          ; Min Period      ; clk   ; Rise       ; UARTReceiver:receiver|tick_count[6] ;
; -1.000 ; 1.000        ; 2.000          ; Min Period      ; clk   ; Rise       ; UARTReceiver:receiver|tick_count[7] ;
; -1.000 ; 1.000        ; 2.000          ; Min Period      ; clk   ; Rise       ; UARTReceiver:receiver|tick_count[8] ;
; -1.000 ; 1.000        ; 2.000          ; Min Period      ; clk   ; Rise       ; UARTSender:sender|bit_index[0]      ;
; -1.000 ; 1.000        ; 2.000          ; Min Period      ; clk   ; Rise       ; UARTSender:sender|bit_index[1]      ;
; -1.000 ; 1.000        ; 2.000          ; Min Period      ; clk   ; Rise       ; UARTSender:sender|bit_index[2]      ;
; -1.000 ; 1.000        ; 2.000          ; Min Period      ; clk   ; Rise       ; UARTSender:sender|data_latch[0]     ;
; -1.000 ; 1.000        ; 2.000          ; Min Period      ; clk   ; Rise       ; UARTSender:sender|data_latch[1]     ;
; -1.000 ; 1.000        ; 2.000          ; Min Period      ; clk   ; Rise       ; UARTSender:sender|data_latch[2]     ;
; -1.000 ; 1.000        ; 2.000          ; Min Period      ; clk   ; Rise       ; UARTSender:sender|data_latch[3]     ;
; -1.000 ; 1.000        ; 2.000          ; Min Period      ; clk   ; Rise       ; UARTSender:sender|data_latch[4]     ;
; -1.000 ; 1.000        ; 2.000          ; Min Period      ; clk   ; Rise       ; UARTSender:sender|data_latch[5]     ;
; -1.000 ; 1.000        ; 2.000          ; Min Period      ; clk   ; Rise       ; UARTSender:sender|data_latch[6]     ;
; -1.000 ; 1.000        ; 2.000          ; Min Period      ; clk   ; Rise       ; UARTSender:sender|parity_latch      ;
; -1.000 ; 1.000        ; 2.000          ; Min Period      ; clk   ; Rise       ; UARTSender:sender|state.DATA        ;
; -1.000 ; 1.000        ; 2.000          ; Min Period      ; clk   ; Rise       ; UARTSender:sender|state.IDLE        ;
; -1.000 ; 1.000        ; 2.000          ; Min Period      ; clk   ; Rise       ; UARTSender:sender|state.PARITY      ;
; -1.000 ; 1.000        ; 2.000          ; Min Period      ; clk   ; Rise       ; UARTSender:sender|state.START       ;
; -1.000 ; 1.000        ; 2.000          ; Min Period      ; clk   ; Rise       ; UARTSender:sender|state.STOP        ;
; -1.000 ; 1.000        ; 2.000          ; Min Period      ; clk   ; Rise       ; UARTSender:sender|tick_count[0]     ;
; -1.000 ; 1.000        ; 2.000          ; Min Period      ; clk   ; Rise       ; UARTSender:sender|tick_count[1]     ;
; -1.000 ; 1.000        ; 2.000          ; Min Period      ; clk   ; Rise       ; UARTSender:sender|tick_count[2]     ;
; -1.000 ; 1.000        ; 2.000          ; Min Period      ; clk   ; Rise       ; UARTSender:sender|tick_count[3]     ;
; -1.000 ; 1.000        ; 2.000          ; Min Period      ; clk   ; Rise       ; UARTSender:sender|tick_count[4]     ;
; -1.000 ; 1.000        ; 2.000          ; Min Period      ; clk   ; Rise       ; UARTSender:sender|tick_count[5]     ;
; -1.000 ; 1.000        ; 2.000          ; Min Period      ; clk   ; Rise       ; UARTSender:sender|tick_count[6]     ;
; -1.000 ; 1.000        ; 2.000          ; Min Period      ; clk   ; Rise       ; UARTSender:sender|tick_count[7]     ;
; -1.000 ; 1.000        ; 2.000          ; Min Period      ; clk   ; Rise       ; UARTSender:sender|tick_count[8]     ;
; 0.210  ; 0.394        ; 0.184          ; Low Pulse Width ; clk   ; Rise       ; UARTReceiver:receiver|bit_index[0]  ;
; 0.210  ; 0.394        ; 0.184          ; Low Pulse Width ; clk   ; Rise       ; UARTReceiver:receiver|bit_index[2]  ;
; 0.210  ; 0.394        ; 0.184          ; Low Pulse Width ; clk   ; Rise       ; UARTReceiver:receiver|state.IDLE    ;
; 0.210  ; 0.394        ; 0.184          ; Low Pulse Width ; clk   ; Rise       ; UARTReceiver:receiver|state.PARITY  ;
; 0.210  ; 0.394        ; 0.184          ; Low Pulse Width ; clk   ; Rise       ; UARTSender:sender|state.PARITY      ;
; 0.210  ; 0.394        ; 0.184          ; Low Pulse Width ; clk   ; Rise       ; UARTSender:sender|state.START       ;
; 0.213  ; 0.397        ; 0.184          ; Low Pulse Width ; clk   ; Rise       ; UARTSender:sender|bit_index[2]      ;
; 0.213  ; 0.397        ; 0.184          ; Low Pulse Width ; clk   ; Rise       ; UARTSender:sender|state.DATA        ;
; 0.213  ; 0.397        ; 0.184          ; Low Pulse Width ; clk   ; Rise       ; UARTSender:sender|state.IDLE        ;
; 0.213  ; 0.397        ; 0.184          ; Low Pulse Width ; clk   ; Rise       ; UARTSender:sender|state.STOP        ;
; 0.213  ; 0.397        ; 0.184          ; Low Pulse Width ; clk   ; Rise       ; UARTSender:sender|tick_count[2]     ;
; 0.213  ; 0.397        ; 0.184          ; Low Pulse Width ; clk   ; Rise       ; UARTSender:sender|tick_count[4]     ;
; 0.214  ; 0.398        ; 0.184          ; Low Pulse Width ; clk   ; Rise       ; UARTReceiver:receiver|bit_index[1]  ;
; 0.214  ; 0.398        ; 0.184          ; Low Pulse Width ; clk   ; Rise       ; UARTReceiver:receiver|correct_data  ;
; 0.214  ; 0.398        ; 0.184          ; Low Pulse Width ; clk   ; Rise       ; UARTReceiver:receiver|data_latch[0] ;
; 0.214  ; 0.398        ; 0.184          ; Low Pulse Width ; clk   ; Rise       ; UARTReceiver:receiver|data_latch[1] ;
; 0.214  ; 0.398        ; 0.184          ; Low Pulse Width ; clk   ; Rise       ; UARTReceiver:receiver|data_latch[2] ;
; 0.214  ; 0.398        ; 0.184          ; Low Pulse Width ; clk   ; Rise       ; UARTReceiver:receiver|data_latch[3] ;
; 0.214  ; 0.398        ; 0.184          ; Low Pulse Width ; clk   ; Rise       ; UARTReceiver:receiver|data_latch[4] ;
; 0.214  ; 0.398        ; 0.184          ; Low Pulse Width ; clk   ; Rise       ; UARTReceiver:receiver|data_latch[5] ;
; 0.214  ; 0.398        ; 0.184          ; Low Pulse Width ; clk   ; Rise       ; UARTReceiver:receiver|data_latch[6] ;
; 0.214  ; 0.398        ; 0.184          ; Low Pulse Width ; clk   ; Rise       ; UARTReceiver:receiver|parity_latch  ;
; 0.214  ; 0.398        ; 0.184          ; Low Pulse Width ; clk   ; Rise       ; UARTReceiver:receiver|rec_data[0]   ;
; 0.214  ; 0.398        ; 0.184          ; Low Pulse Width ; clk   ; Rise       ; UARTReceiver:receiver|rec_data[1]   ;
; 0.214  ; 0.398        ; 0.184          ; Low Pulse Width ; clk   ; Rise       ; UARTReceiver:receiver|rec_data[2]   ;
; 0.214  ; 0.398        ; 0.184          ; Low Pulse Width ; clk   ; Rise       ; UARTReceiver:receiver|rec_data[3]   ;
; 0.214  ; 0.398        ; 0.184          ; Low Pulse Width ; clk   ; Rise       ; UARTReceiver:receiver|rec_data[4]   ;
; 0.214  ; 0.398        ; 0.184          ; Low Pulse Width ; clk   ; Rise       ; UARTReceiver:receiver|rec_data[5]   ;
; 0.214  ; 0.398        ; 0.184          ; Low Pulse Width ; clk   ; Rise       ; UARTReceiver:receiver|rec_data[6]   ;
; 0.214  ; 0.398        ; 0.184          ; Low Pulse Width ; clk   ; Rise       ; UARTReceiver:receiver|rec_new_data  ;
; 0.214  ; 0.398        ; 0.184          ; Low Pulse Width ; clk   ; Rise       ; UARTReceiver:receiver|rx_meta       ;
; 0.214  ; 0.398        ; 0.184          ; Low Pulse Width ; clk   ; Rise       ; UARTReceiver:receiver|rx_sync       ;
; 0.214  ; 0.398        ; 0.184          ; Low Pulse Width ; clk   ; Rise       ; UARTReceiver:receiver|state.DATA    ;
; 0.214  ; 0.398        ; 0.184          ; Low Pulse Width ; clk   ; Rise       ; UARTReceiver:receiver|state.START   ;
; 0.214  ; 0.398        ; 0.184          ; Low Pulse Width ; clk   ; Rise       ; UARTReceiver:receiver|state.STOP    ;
; 0.214  ; 0.398        ; 0.184          ; Low Pulse Width ; clk   ; Rise       ; UARTReceiver:receiver|tick_count[0] ;
; 0.214  ; 0.398        ; 0.184          ; Low Pulse Width ; clk   ; Rise       ; UARTReceiver:receiver|tick_count[1] ;
; 0.214  ; 0.398        ; 0.184          ; Low Pulse Width ; clk   ; Rise       ; UARTReceiver:receiver|tick_count[2] ;
+--------+--------------+----------------+-----------------+-------+------------+-------------------------------------+


+---------------------------------------------------------------------------+
; Setup Times                                                               ;
+---------------+------------+-------+-------+------------+-----------------+
; Data Port     ; Clock Port ; Rise  ; Fall  ; Clock Edge ; Clock Reference ;
+---------------+------------+-------+-------+------------+-----------------+
; new_data      ; clk        ; 1.075 ; 1.218 ; Rise       ; clk             ;
; send_data[*]  ; clk        ; 2.282 ; 2.615 ; Rise       ; clk             ;
;  send_data[0] ; clk        ; 2.095 ; 2.434 ; Rise       ; clk             ;
;  send_data[1] ; clk        ; 2.125 ; 2.466 ; Rise       ; clk             ;
;  send_data[2] ; clk        ; 0.847 ; 1.026 ; Rise       ; clk             ;
;  send_data[3] ; clk        ; 2.282 ; 2.615 ; Rise       ; clk             ;
;  send_data[4] ; clk        ; 1.778 ; 2.104 ; Rise       ; clk             ;
;  send_data[5] ; clk        ; 1.562 ; 1.911 ; Rise       ; clk             ;
;  send_data[6] ; clk        ; 1.409 ; 1.768 ; Rise       ; clk             ;
+---------------+------------+-------+-------+------------+-----------------+


+-----------------------------------------------------------------------------+
; Hold Times                                                                  ;
+---------------+------------+--------+--------+------------+-----------------+
; Data Port     ; Clock Port ; Rise   ; Fall   ; Clock Edge ; Clock Reference ;
+---------------+------------+--------+--------+------------+-----------------+
; new_data      ; clk        ; 0.198  ; 0.055  ; Rise       ; clk             ;
; send_data[*]  ; clk        ; -0.007 ; -0.164 ; Rise       ; clk             ;
;  send_data[0] ; clk        ; -1.084 ; -1.427 ; Rise       ; clk             ;
;  send_data[1] ; clk        ; -0.986 ; -1.313 ; Rise       ; clk             ;
;  send_data[2] ; clk        ; -0.007 ; -0.164 ; Rise       ; clk             ;
;  send_data[3] ; clk        ; -1.422 ; -1.735 ; Rise       ; clk             ;
;  send_data[4] ; clk        ; -1.321 ; -1.632 ; Rise       ; clk             ;
;  send_data[5] ; clk        ; -1.089 ; -1.438 ; Rise       ; clk             ;
;  send_data[6] ; clk        ; -1.025 ; -1.375 ; Rise       ; clk             ;
+---------------+------------+--------+--------+------------+-----------------+


+--------------------------------------------------------------------------+
; Clock to Output Times                                                    ;
+--------------+------------+-------+-------+------------+-----------------+
; Data Port    ; Clock Port ; Rise  ; Fall  ; Clock Edge ; Clock Reference ;
+--------------+------------+-------+-------+------------+-----------------+
; busy         ; clk        ; 5.293 ; 5.221 ; Rise       ; clk             ;
; correct_data ; clk        ; 5.222 ; 5.131 ; Rise       ; clk             ;
; rec_data[*]  ; clk        ; 5.978 ; 5.945 ; Rise       ; clk             ;
;  rec_data[0] ; clk        ; 5.510 ; 5.434 ; Rise       ; clk             ;
;  rec_data[1] ; clk        ; 5.978 ; 5.945 ; Rise       ; clk             ;
;  rec_data[2] ; clk        ; 5.495 ; 5.410 ; Rise       ; clk             ;
;  rec_data[3] ; clk        ; 5.517 ; 5.447 ; Rise       ; clk             ;
;  rec_data[4] ; clk        ; 5.457 ; 5.368 ; Rise       ; clk             ;
;  rec_data[5] ; clk        ; 5.482 ; 5.406 ; Rise       ; clk             ;
;  rec_data[6] ; clk        ; 5.178 ; 5.090 ; Rise       ; clk             ;
; rec_new_data ; clk        ; 5.645 ; 5.533 ; Rise       ; clk             ;
; tx           ; clk        ; 7.006 ; 6.892 ; Rise       ; clk             ;
+--------------+------------+-------+-------+------------+-----------------+


+--------------------------------------------------------------------------+
; Minimum Clock to Output Times                                            ;
+--------------+------------+-------+-------+------------+-----------------+
; Data Port    ; Clock Port ; Rise  ; Fall  ; Clock Edge ; Clock Reference ;
+--------------+------------+-------+-------+------------+-----------------+
; busy         ; clk        ; 5.118 ; 5.046 ; Rise       ; clk             ;
; correct_data ; clk        ; 5.056 ; 4.965 ; Rise       ; clk             ;
; rec_data[*]  ; clk        ; 5.014 ; 4.925 ; Rise       ; clk             ;
;  rec_data[0] ; clk        ; 5.332 ; 5.257 ; Rise       ; clk             ;
;  rec_data[1] ; clk        ; 5.806 ; 5.773 ; Rise       ; clk             ;
;  rec_data[2] ; clk        ; 5.318 ; 5.233 ; Rise       ; clk             ;
;  rec_data[3] ; clk        ; 5.335 ; 5.264 ; Rise       ; clk             ;
;  rec_data[4] ; clk        ; 5.283 ; 5.192 ; Rise       ; clk             ;
;  rec_data[5] ; clk        ; 5.301 ; 5.224 ; Rise       ; clk             ;
;  rec_data[6] ; clk        ; 5.014 ; 4.925 ; Rise       ; clk             ;
; rec_new_data ; clk        ; 5.462 ; 5.351 ; Rise       ; clk             ;
; tx           ; clk        ; 5.851 ; 5.747 ; Rise       ; clk             ;
+--------------+------------+-------+-------+------------+-----------------+


---------------------------------------------
; Slow 1200mV 0C Model Metastability Report ;
---------------------------------------------
No synchronizer chains to report.


+------------------------------------+
; Fast 1200mV 0C Model Setup Summary ;
+-------+--------+-------------------+
; Clock ; Slack  ; End Point TNS     ;
+-------+--------+-------------------+
; clk   ; -0.445 ; -15.638           ;
+-------+--------+-------------------+


+-----------------------------------+
; Fast 1200mV 0C Model Hold Summary ;
+-------+-------+-------------------+
; Clock ; Slack ; End Point TNS     ;
+-------+-------+-------------------+
; clk   ; 0.131 ; 0.000             ;
+-------+-------+-------------------+


-----------------------------------------
; Fast 1200mV 0C Model Recovery Summary ;
-----------------------------------------
No paths to report.


----------------------------------------
; Fast 1200mV 0C Model Removal Summary ;
----------------------------------------
No paths to report.


+--------------------------------------------------+
; Fast 1200mV 0C Model Minimum Pulse Width Summary ;
+-------+--------+---------------------------------+
; Clock ; Slack  ; End Point TNS                   ;
+-------+--------+---------------------------------+
; clk   ; -3.000 ; -66.122                         ;
+-------+--------+---------------------------------+


+----------------------------------------------------------------------------------------------------------------------------------------------------------+
; Fast 1200mV 0C Model Setup: 'clk'                                                                                                                        ;
+--------+-------------------------------------+-------------------------------------+--------------+-------------+--------------+------------+------------+
; Slack  ; From Node                           ; To Node                             ; Launch Clock ; Latch Clock ; Relationship ; Clock Skew ; Data Delay ;
+--------+-------------------------------------+-------------------------------------+--------------+-------------+--------------+------------+------------+
; -0.445 ; UARTReceiver:receiver|tick_count[7] ; UARTReceiver:receiver|rec_data[0]   ; clk          ; clk         ; 1.000        ; -0.038     ; 1.394      ;
; -0.445 ; UARTReceiver:receiver|tick_count[7] ; UARTReceiver:receiver|rec_data[1]   ; clk          ; clk         ; 1.000        ; -0.038     ; 1.394      ;
; -0.445 ; UARTReceiver:receiver|tick_count[7] ; UARTReceiver:receiver|rec_data[2]   ; clk          ; clk         ; 1.000        ; -0.038     ; 1.394      ;
; -0.445 ; UARTReceiver:receiver|tick_count[7] ; UARTReceiver:receiver|rec_data[3]   ; clk          ; clk         ; 1.000        ; -0.038     ; 1.394      ;
; -0.445 ; UARTReceiver:receiver|tick_count[7] ; UARTReceiver:receiver|rec_data[4]   ; clk          ; clk         ; 1.000        ; -0.038     ; 1.394      ;
; -0.445 ; UARTReceiver:receiver|tick_count[7] ; UARTReceiver:receiver|rec_data[5]   ; clk          ; clk         ; 1.000        ; -0.038     ; 1.394      ;
; -0.445 ; UARTReceiver:receiver|tick_count[7] ; UARTReceiver:receiver|rec_data[6]   ; clk          ; clk         ; 1.000        ; -0.038     ; 1.394      ;
; -0.432 ; UARTReceiver:receiver|tick_count[1] ; UARTReceiver:receiver|rec_data[0]   ; clk          ; clk         ; 1.000        ; -0.038     ; 1.381      ;
; -0.432 ; UARTReceiver:receiver|tick_count[1] ; UARTReceiver:receiver|rec_data[1]   ; clk          ; clk         ; 1.000        ; -0.038     ; 1.381      ;
; -0.432 ; UARTReceiver:receiver|tick_count[1] ; UARTReceiver:receiver|rec_data[2]   ; clk          ; clk         ; 1.000        ; -0.038     ; 1.381      ;
; -0.432 ; UARTReceiver:receiver|tick_count[1] ; UARTReceiver:receiver|rec_data[3]   ; clk          ; clk         ; 1.000        ; -0.038     ; 1.381      ;
; -0.432 ; UARTReceiver:receiver|tick_count[1] ; UARTReceiver:receiver|rec_data[4]   ; clk          ; clk         ; 1.000        ; -0.038     ; 1.381      ;
; -0.432 ; UARTReceiver:receiver|tick_count[1] ; UARTReceiver:receiver|rec_data[5]   ; clk          ; clk         ; 1.000        ; -0.038     ; 1.381      ;
; -0.432 ; UARTReceiver:receiver|tick_count[1] ; UARTReceiver:receiver|rec_data[6]   ; clk          ; clk         ; 1.000        ; -0.038     ; 1.381      ;
; -0.418 ; UARTReceiver:receiver|tick_count[7] ; UARTReceiver:receiver|state.START   ; clk          ; clk         ; 1.000        ; -0.037     ; 1.368      ;
; -0.395 ; UARTReceiver:receiver|tick_count[1] ; UARTReceiver:receiver|state.START   ; clk          ; clk         ; 1.000        ; -0.037     ; 1.345      ;
; -0.387 ; UARTSender:sender|tick_count[5]     ; UARTSender:sender|bit_index[1]      ; clk          ; clk         ; 1.000        ; -0.037     ; 1.337      ;
; -0.386 ; UARTSender:sender|tick_count[5]     ; UARTSender:sender|bit_index[0]      ; clk          ; clk         ; 1.000        ; -0.037     ; 1.336      ;
; -0.384 ; UARTReceiver:receiver|tick_count[7] ; UARTReceiver:receiver|bit_index[1]  ; clk          ; clk         ; 1.000        ; -0.037     ; 1.334      ;
; -0.384 ; UARTReceiver:receiver|tick_count[0] ; UARTReceiver:receiver|rec_data[0]   ; clk          ; clk         ; 1.000        ; -0.038     ; 1.333      ;
; -0.384 ; UARTReceiver:receiver|tick_count[0] ; UARTReceiver:receiver|rec_data[1]   ; clk          ; clk         ; 1.000        ; -0.038     ; 1.333      ;
; -0.384 ; UARTReceiver:receiver|tick_count[0] ; UARTReceiver:receiver|rec_data[2]   ; clk          ; clk         ; 1.000        ; -0.038     ; 1.333      ;
; -0.384 ; UARTReceiver:receiver|tick_count[0] ; UARTReceiver:receiver|rec_data[3]   ; clk          ; clk         ; 1.000        ; -0.038     ; 1.333      ;
; -0.384 ; UARTReceiver:receiver|tick_count[0] ; UARTReceiver:receiver|rec_data[4]   ; clk          ; clk         ; 1.000        ; -0.038     ; 1.333      ;
; -0.384 ; UARTReceiver:receiver|tick_count[0] ; UARTReceiver:receiver|rec_data[5]   ; clk          ; clk         ; 1.000        ; -0.038     ; 1.333      ;
; -0.384 ; UARTReceiver:receiver|tick_count[0] ; UARTReceiver:receiver|rec_data[6]   ; clk          ; clk         ; 1.000        ; -0.038     ; 1.333      ;
; -0.382 ; UARTReceiver:receiver|data_latch[6] ; UARTReceiver:receiver|rec_data[0]   ; clk          ; clk         ; 1.000        ; -0.038     ; 1.331      ;
; -0.382 ; UARTReceiver:receiver|data_latch[6] ; UARTReceiver:receiver|rec_data[1]   ; clk          ; clk         ; 1.000        ; -0.038     ; 1.331      ;
; -0.382 ; UARTReceiver:receiver|data_latch[6] ; UARTReceiver:receiver|rec_data[2]   ; clk          ; clk         ; 1.000        ; -0.038     ; 1.331      ;
; -0.382 ; UARTReceiver:receiver|data_latch[6] ; UARTReceiver:receiver|rec_data[3]   ; clk          ; clk         ; 1.000        ; -0.038     ; 1.331      ;
; -0.382 ; UARTReceiver:receiver|data_latch[6] ; UARTReceiver:receiver|rec_data[4]   ; clk          ; clk         ; 1.000        ; -0.038     ; 1.331      ;
; -0.382 ; UARTReceiver:receiver|data_latch[6] ; UARTReceiver:receiver|rec_data[5]   ; clk          ; clk         ; 1.000        ; -0.038     ; 1.331      ;
; -0.382 ; UARTReceiver:receiver|data_latch[6] ; UARTReceiver:receiver|rec_data[6]   ; clk          ; clk         ; 1.000        ; -0.038     ; 1.331      ;
; -0.381 ; UARTReceiver:receiver|tick_count[3] ; UARTReceiver:receiver|tick_count[0] ; clk          ; clk         ; 1.000        ; -0.037     ; 1.331      ;
; -0.381 ; UARTReceiver:receiver|tick_count[3] ; UARTReceiver:receiver|tick_count[1] ; clk          ; clk         ; 1.000        ; -0.037     ; 1.331      ;
; -0.381 ; UARTReceiver:receiver|tick_count[3] ; UARTReceiver:receiver|tick_count[2] ; clk          ; clk         ; 1.000        ; -0.037     ; 1.331      ;
; -0.381 ; UARTReceiver:receiver|tick_count[3] ; UARTReceiver:receiver|tick_count[3] ; clk          ; clk         ; 1.000        ; -0.037     ; 1.331      ;
; -0.381 ; UARTReceiver:receiver|tick_count[3] ; UARTReceiver:receiver|tick_count[5] ; clk          ; clk         ; 1.000        ; -0.037     ; 1.331      ;
; -0.381 ; UARTReceiver:receiver|tick_count[3] ; UARTReceiver:receiver|tick_count[6] ; clk          ; clk         ; 1.000        ; -0.037     ; 1.331      ;
; -0.381 ; UARTReceiver:receiver|tick_count[3] ; UARTReceiver:receiver|tick_count[7] ; clk          ; clk         ; 1.000        ; -0.037     ; 1.331      ;
; -0.381 ; UARTReceiver:receiver|tick_count[3] ; UARTReceiver:receiver|tick_count[8] ; clk          ; clk         ; 1.000        ; -0.037     ; 1.331      ;
; -0.381 ; UARTReceiver:receiver|tick_count[3] ; UARTReceiver:receiver|tick_count[4] ; clk          ; clk         ; 1.000        ; -0.037     ; 1.331      ;
; -0.374 ; UARTReceiver:receiver|tick_count[3] ; UARTReceiver:receiver|rec_data[0]   ; clk          ; clk         ; 1.000        ; -0.038     ; 1.323      ;
; -0.374 ; UARTReceiver:receiver|tick_count[3] ; UARTReceiver:receiver|rec_data[1]   ; clk          ; clk         ; 1.000        ; -0.038     ; 1.323      ;
; -0.374 ; UARTReceiver:receiver|tick_count[3] ; UARTReceiver:receiver|rec_data[2]   ; clk          ; clk         ; 1.000        ; -0.038     ; 1.323      ;
; -0.374 ; UARTReceiver:receiver|tick_count[3] ; UARTReceiver:receiver|rec_data[3]   ; clk          ; clk         ; 1.000        ; -0.038     ; 1.323      ;
; -0.374 ; UARTReceiver:receiver|tick_count[3] ; UARTReceiver:receiver|rec_data[4]   ; clk          ; clk         ; 1.000        ; -0.038     ; 1.323      ;
; -0.374 ; UARTReceiver:receiver|tick_count[3] ; UARTReceiver:receiver|rec_data[5]   ; clk          ; clk         ; 1.000        ; -0.038     ; 1.323      ;
; -0.374 ; UARTReceiver:receiver|tick_count[3] ; UARTReceiver:receiver|rec_data[6]   ; clk          ; clk         ; 1.000        ; -0.038     ; 1.323      ;
; -0.373 ; UARTSender:sender|tick_count[7]     ; UARTSender:sender|bit_index[1]      ; clk          ; clk         ; 1.000        ; -0.037     ; 1.323      ;
; -0.372 ; UARTSender:sender|tick_count[7]     ; UARTSender:sender|bit_index[0]      ; clk          ; clk         ; 1.000        ; -0.037     ; 1.322      ;
; -0.369 ; UARTReceiver:receiver|tick_count[0] ; UARTReceiver:receiver|tick_count[0] ; clk          ; clk         ; 1.000        ; -0.037     ; 1.319      ;
; -0.369 ; UARTReceiver:receiver|tick_count[0] ; UARTReceiver:receiver|tick_count[1] ; clk          ; clk         ; 1.000        ; -0.037     ; 1.319      ;
; -0.369 ; UARTReceiver:receiver|tick_count[0] ; UARTReceiver:receiver|tick_count[2] ; clk          ; clk         ; 1.000        ; -0.037     ; 1.319      ;
; -0.369 ; UARTReceiver:receiver|tick_count[0] ; UARTReceiver:receiver|tick_count[3] ; clk          ; clk         ; 1.000        ; -0.037     ; 1.319      ;
; -0.369 ; UARTReceiver:receiver|tick_count[0] ; UARTReceiver:receiver|tick_count[5] ; clk          ; clk         ; 1.000        ; -0.037     ; 1.319      ;
; -0.369 ; UARTReceiver:receiver|tick_count[0] ; UARTReceiver:receiver|tick_count[6] ; clk          ; clk         ; 1.000        ; -0.037     ; 1.319      ;
; -0.369 ; UARTReceiver:receiver|tick_count[0] ; UARTReceiver:receiver|tick_count[7] ; clk          ; clk         ; 1.000        ; -0.037     ; 1.319      ;
; -0.369 ; UARTReceiver:receiver|tick_count[0] ; UARTReceiver:receiver|tick_count[8] ; clk          ; clk         ; 1.000        ; -0.037     ; 1.319      ;
; -0.369 ; UARTReceiver:receiver|tick_count[0] ; UARTReceiver:receiver|tick_count[4] ; clk          ; clk         ; 1.000        ; -0.037     ; 1.319      ;
; -0.367 ; UARTSender:sender|bit_index[1]      ; UARTReceiver:receiver|rx_meta       ; clk          ; clk         ; 1.000        ; -0.038     ; 1.316      ;
; -0.367 ; UARTReceiver:receiver|tick_count[1] ; UARTReceiver:receiver|bit_index[1]  ; clk          ; clk         ; 1.000        ; -0.037     ; 1.317      ;
; -0.360 ; UARTReceiver:receiver|bit_index[0]  ; UARTReceiver:receiver|bit_index[1]  ; clk          ; clk         ; 1.000        ; -0.232     ; 1.115      ;
; -0.353 ; UARTReceiver:receiver|tick_count[2] ; UARTReceiver:receiver|rec_data[0]   ; clk          ; clk         ; 1.000        ; -0.038     ; 1.302      ;
; -0.353 ; UARTReceiver:receiver|tick_count[2] ; UARTReceiver:receiver|rec_data[1]   ; clk          ; clk         ; 1.000        ; -0.038     ; 1.302      ;
; -0.353 ; UARTReceiver:receiver|tick_count[2] ; UARTReceiver:receiver|rec_data[2]   ; clk          ; clk         ; 1.000        ; -0.038     ; 1.302      ;
; -0.353 ; UARTReceiver:receiver|tick_count[2] ; UARTReceiver:receiver|rec_data[3]   ; clk          ; clk         ; 1.000        ; -0.038     ; 1.302      ;
; -0.353 ; UARTReceiver:receiver|tick_count[2] ; UARTReceiver:receiver|rec_data[4]   ; clk          ; clk         ; 1.000        ; -0.038     ; 1.302      ;
; -0.353 ; UARTReceiver:receiver|tick_count[2] ; UARTReceiver:receiver|rec_data[5]   ; clk          ; clk         ; 1.000        ; -0.038     ; 1.302      ;
; -0.353 ; UARTReceiver:receiver|tick_count[2] ; UARTReceiver:receiver|rec_data[6]   ; clk          ; clk         ; 1.000        ; -0.038     ; 1.302      ;
; -0.349 ; UARTReceiver:receiver|bit_index[2]  ; UARTReceiver:receiver|bit_index[1]  ; clk          ; clk         ; 1.000        ; -0.232     ; 1.104      ;
; -0.347 ; UARTReceiver:receiver|tick_count[0] ; UARTReceiver:receiver|state.START   ; clk          ; clk         ; 1.000        ; -0.037     ; 1.297      ;
; -0.340 ; UARTSender:sender|tick_count[5]     ; UARTSender:sender|tick_count[7]     ; clk          ; clk         ; 1.000        ; -0.037     ; 1.290      ;
; -0.339 ; UARTSender:sender|tick_count[5]     ; UARTSender:sender|tick_count[5]     ; clk          ; clk         ; 1.000        ; -0.037     ; 1.289      ;
; -0.337 ; UARTReceiver:receiver|tick_count[7] ; UARTReceiver:receiver|state.STOP    ; clk          ; clk         ; 1.000        ; -0.037     ; 1.287      ;
; -0.336 ; UARTSender:sender|tick_count[1]     ; UARTSender:sender|tick_count[8]     ; clk          ; clk         ; 1.000        ; -0.037     ; 1.286      ;
; -0.333 ; UARTReceiver:receiver|tick_count[7] ; UARTReceiver:receiver|data_latch[3] ; clk          ; clk         ; 1.000        ; -0.038     ; 1.282      ;
; -0.333 ; UARTReceiver:receiver|tick_count[4] ; UARTReceiver:receiver|rec_data[0]   ; clk          ; clk         ; 1.000        ; -0.038     ; 1.282      ;
; -0.333 ; UARTReceiver:receiver|tick_count[4] ; UARTReceiver:receiver|rec_data[1]   ; clk          ; clk         ; 1.000        ; -0.038     ; 1.282      ;
; -0.333 ; UARTReceiver:receiver|tick_count[4] ; UARTReceiver:receiver|rec_data[2]   ; clk          ; clk         ; 1.000        ; -0.038     ; 1.282      ;
; -0.333 ; UARTReceiver:receiver|tick_count[4] ; UARTReceiver:receiver|rec_data[3]   ; clk          ; clk         ; 1.000        ; -0.038     ; 1.282      ;
; -0.333 ; UARTReceiver:receiver|tick_count[4] ; UARTReceiver:receiver|rec_data[4]   ; clk          ; clk         ; 1.000        ; -0.038     ; 1.282      ;
; -0.333 ; UARTReceiver:receiver|tick_count[4] ; UARTReceiver:receiver|rec_data[5]   ; clk          ; clk         ; 1.000        ; -0.038     ; 1.282      ;
; -0.333 ; UARTReceiver:receiver|tick_count[4] ; UARTReceiver:receiver|rec_data[6]   ; clk          ; clk         ; 1.000        ; -0.038     ; 1.282      ;
; -0.329 ; UARTReceiver:receiver|tick_count[7] ; UARTReceiver:receiver|data_latch[1] ; clk          ; clk         ; 1.000        ; -0.038     ; 1.278      ;
; -0.328 ; UARTReceiver:receiver|tick_count[7] ; UARTReceiver:receiver|data_latch[5] ; clk          ; clk         ; 1.000        ; -0.038     ; 1.277      ;
; -0.328 ; UARTReceiver:receiver|data_latch[0] ; UARTReceiver:receiver|rec_data[0]   ; clk          ; clk         ; 1.000        ; -0.038     ; 1.277      ;
; -0.328 ; UARTReceiver:receiver|data_latch[0] ; UARTReceiver:receiver|rec_data[1]   ; clk          ; clk         ; 1.000        ; -0.038     ; 1.277      ;
; -0.328 ; UARTReceiver:receiver|data_latch[0] ; UARTReceiver:receiver|rec_data[2]   ; clk          ; clk         ; 1.000        ; -0.038     ; 1.277      ;
; -0.328 ; UARTReceiver:receiver|data_latch[0] ; UARTReceiver:receiver|rec_data[3]   ; clk          ; clk         ; 1.000        ; -0.038     ; 1.277      ;
; -0.328 ; UARTReceiver:receiver|data_latch[0] ; UARTReceiver:receiver|rec_data[4]   ; clk          ; clk         ; 1.000        ; -0.038     ; 1.277      ;
; -0.328 ; UARTReceiver:receiver|data_latch[0] ; UARTReceiver:receiver|rec_data[5]   ; clk          ; clk         ; 1.000        ; -0.038     ; 1.277      ;
; -0.328 ; UARTReceiver:receiver|data_latch[0] ; UARTReceiver:receiver|rec_data[6]   ; clk          ; clk         ; 1.000        ; -0.038     ; 1.277      ;
; -0.326 ; UARTReceiver:receiver|tick_count[2] ; UARTReceiver:receiver|state.START   ; clk          ; clk         ; 1.000        ; -0.037     ; 1.276      ;
; -0.326 ; UARTReceiver:receiver|state.START   ; UARTReceiver:receiver|tick_count[0] ; clk          ; clk         ; 1.000        ; -0.037     ; 1.276      ;
; -0.326 ; UARTReceiver:receiver|state.START   ; UARTReceiver:receiver|tick_count[1] ; clk          ; clk         ; 1.000        ; -0.037     ; 1.276      ;
; -0.326 ; UARTReceiver:receiver|state.START   ; UARTReceiver:receiver|tick_count[2] ; clk          ; clk         ; 1.000        ; -0.037     ; 1.276      ;
; -0.326 ; UARTReceiver:receiver|state.START   ; UARTReceiver:receiver|tick_count[3] ; clk          ; clk         ; 1.000        ; -0.037     ; 1.276      ;
; -0.326 ; UARTReceiver:receiver|state.START   ; UARTReceiver:receiver|tick_count[5] ; clk          ; clk         ; 1.000        ; -0.037     ; 1.276      ;
; -0.326 ; UARTReceiver:receiver|state.START   ; UARTReceiver:receiver|tick_count[6] ; clk          ; clk         ; 1.000        ; -0.037     ; 1.276      ;
+--------+-------------------------------------+-------------------------------------+--------------+-------------+--------------+------------+------------+


+---------------------------------------------------------------------------------------------------------------------------------------------------------+
; Fast 1200mV 0C Model Hold: 'clk'                                                                                                                        ;
+-------+-------------------------------------+-------------------------------------+--------------+-------------+--------------+------------+------------+
; Slack ; From Node                           ; To Node                             ; Launch Clock ; Latch Clock ; Relationship ; Clock Skew ; Data Delay ;
+-------+-------------------------------------+-------------------------------------+--------------+-------------+--------------+------------+------------+
; 0.131 ; UARTReceiver:receiver|rx_sync       ; UARTReceiver:receiver|state.IDLE    ; clk          ; clk         ; 0.000        ; 0.232      ; 0.447      ;
; 0.178 ; UARTSender:sender|state.START       ; UARTSender:sender|state.START       ; clk          ; clk         ; 0.000        ; 0.045      ; 0.307      ;
; 0.178 ; UARTSender:sender|state.PARITY      ; UARTSender:sender|state.PARITY      ; clk          ; clk         ; 0.000        ; 0.045      ; 0.307      ;
; 0.178 ; UARTReceiver:receiver|state.PARITY  ; UARTReceiver:receiver|state.PARITY  ; clk          ; clk         ; 0.000        ; 0.045      ; 0.307      ;
; 0.178 ; UARTReceiver:receiver|bit_index[0]  ; UARTReceiver:receiver|bit_index[0]  ; clk          ; clk         ; 0.000        ; 0.045      ; 0.307      ;
; 0.178 ; UARTReceiver:receiver|bit_index[2]  ; UARTReceiver:receiver|bit_index[2]  ; clk          ; clk         ; 0.000        ; 0.045      ; 0.307      ;
; 0.178 ; UARTReceiver:receiver|state.IDLE    ; UARTReceiver:receiver|state.IDLE    ; clk          ; clk         ; 0.000        ; 0.045      ; 0.307      ;
; 0.185 ; UARTSender:sender|bit_index[0]      ; UARTSender:sender|bit_index[0]      ; clk          ; clk         ; 0.000        ; 0.038      ; 0.307      ;
; 0.185 ; UARTSender:sender|bit_index[1]      ; UARTSender:sender|bit_index[1]      ; clk          ; clk         ; 0.000        ; 0.038      ; 0.307      ;
; 0.186 ; UARTSender:sender|state.DATA        ; UARTSender:sender|state.DATA        ; clk          ; clk         ; 0.000        ; 0.037      ; 0.307      ;
; 0.186 ; UARTSender:sender|bit_index[2]      ; UARTSender:sender|bit_index[2]      ; clk          ; clk         ; 0.000        ; 0.037      ; 0.307      ;
; 0.186 ; UARTSender:sender|state.STOP        ; UARTSender:sender|state.STOP        ; clk          ; clk         ; 0.000        ; 0.037      ; 0.307      ;
; 0.186 ; UARTSender:sender|state.IDLE        ; UARTSender:sender|state.IDLE        ; clk          ; clk         ; 0.000        ; 0.037      ; 0.307      ;
; 0.186 ; UARTReceiver:receiver|bit_index[1]  ; UARTReceiver:receiver|bit_index[1]  ; clk          ; clk         ; 0.000        ; 0.037      ; 0.307      ;
; 0.186 ; UARTReceiver:receiver|state.STOP    ; UARTReceiver:receiver|state.STOP    ; clk          ; clk         ; 0.000        ; 0.037      ; 0.307      ;
; 0.186 ; UARTReceiver:receiver|state.DATA    ; UARTReceiver:receiver|state.DATA    ; clk          ; clk         ; 0.000        ; 0.037      ; 0.307      ;
; 0.186 ; UARTReceiver:receiver|data_latch[2] ; UARTReceiver:receiver|data_latch[2] ; clk          ; clk         ; 0.000        ; 0.037      ; 0.307      ;
; 0.186 ; UARTReceiver:receiver|data_latch[0] ; UARTReceiver:receiver|data_latch[0] ; clk          ; clk         ; 0.000        ; 0.037      ; 0.307      ;
; 0.186 ; UARTReceiver:receiver|parity_latch  ; UARTReceiver:receiver|parity_latch  ; clk          ; clk         ; 0.000        ; 0.037      ; 0.307      ;
; 0.186 ; UARTReceiver:receiver|data_latch[1] ; UARTReceiver:receiver|data_latch[1] ; clk          ; clk         ; 0.000        ; 0.037      ; 0.307      ;
; 0.186 ; UARTReceiver:receiver|data_latch[4] ; UARTReceiver:receiver|data_latch[4] ; clk          ; clk         ; 0.000        ; 0.037      ; 0.307      ;
; 0.186 ; UARTReceiver:receiver|data_latch[6] ; UARTReceiver:receiver|data_latch[6] ; clk          ; clk         ; 0.000        ; 0.037      ; 0.307      ;
; 0.186 ; UARTReceiver:receiver|data_latch[5] ; UARTReceiver:receiver|data_latch[5] ; clk          ; clk         ; 0.000        ; 0.037      ; 0.307      ;
; 0.186 ; UARTReceiver:receiver|data_latch[3] ; UARTReceiver:receiver|data_latch[3] ; clk          ; clk         ; 0.000        ; 0.037      ; 0.307      ;
; 0.195 ; UARTReceiver:receiver|data_latch[5] ; UARTReceiver:receiver|rec_data[5]   ; clk          ; clk         ; 0.000        ; 0.037      ; 0.316      ;
; 0.199 ; UARTReceiver:receiver|data_latch[1] ; UARTReceiver:receiver|rec_data[1]   ; clk          ; clk         ; 0.000        ; 0.037      ; 0.320      ;
; 0.203 ; UARTSender:sender|state.STOP        ; UARTSender:sender|state.IDLE        ; clk          ; clk         ; 0.000        ; 0.037      ; 0.324      ;
; 0.211 ; UARTReceiver:receiver|rx_sync       ; UARTReceiver:receiver|state.PARITY  ; clk          ; clk         ; 0.000        ; 0.232      ; 0.527      ;
; 0.243 ; UARTReceiver:receiver|state.DATA    ; UARTReceiver:receiver|bit_index[2]  ; clk          ; clk         ; 0.000        ; 0.232      ; 0.559      ;
; 0.244 ; UARTSender:sender|state.DATA        ; UARTSender:sender|state.START       ; clk          ; clk         ; 0.000        ; 0.232      ; 0.560      ;
; 0.250 ; UARTReceiver:receiver|state.DATA    ; UARTReceiver:receiver|bit_index[0]  ; clk          ; clk         ; 0.000        ; 0.232      ; 0.566      ;
; 0.261 ; UARTReceiver:receiver|data_latch[3] ; UARTReceiver:receiver|rec_data[3]   ; clk          ; clk         ; 0.000        ; 0.037      ; 0.382      ;
; 0.283 ; UARTReceiver:receiver|tick_count[8] ; UARTReceiver:receiver|tick_count[8] ; clk          ; clk         ; 0.000        ; 0.037      ; 0.404      ;
; 0.297 ; UARTSender:sender|state.IDLE        ; UARTSender:sender|tick_count[6]     ; clk          ; clk         ; 0.000        ; 0.037      ; 0.418      ;
; 0.302 ; UARTReceiver:receiver|tick_count[1] ; UARTReceiver:receiver|tick_count[1] ; clk          ; clk         ; 0.000        ; 0.037      ; 0.423      ;
; 0.302 ; UARTReceiver:receiver|tick_count[2] ; UARTReceiver:receiver|tick_count[2] ; clk          ; clk         ; 0.000        ; 0.037      ; 0.423      ;
; 0.302 ; UARTReceiver:receiver|tick_count[7] ; UARTReceiver:receiver|tick_count[7] ; clk          ; clk         ; 0.000        ; 0.037      ; 0.423      ;
; 0.305 ; UARTReceiver:receiver|tick_count[3] ; UARTReceiver:receiver|tick_count[3] ; clk          ; clk         ; 0.000        ; 0.037      ; 0.426      ;
; 0.305 ; UARTReceiver:receiver|tick_count[5] ; UARTReceiver:receiver|tick_count[5] ; clk          ; clk         ; 0.000        ; 0.037      ; 0.426      ;
; 0.306 ; UARTReceiver:receiver|tick_count[6] ; UARTReceiver:receiver|tick_count[6] ; clk          ; clk         ; 0.000        ; 0.037      ; 0.427      ;
; 0.308 ; UARTSender:sender|state.START       ; UARTSender:sender|state.PARITY      ; clk          ; clk         ; 0.000        ; 0.045      ; 0.437      ;
; 0.319 ; UARTReceiver:receiver|tick_count[0] ; UARTReceiver:receiver|tick_count[0] ; clk          ; clk         ; 0.000        ; 0.037      ; 0.440      ;
; 0.325 ; UARTReceiver:receiver|tick_count[8] ; UARTReceiver:receiver|rec_new_data  ; clk          ; clk         ; 0.000        ; 0.037      ; 0.446      ;
; 0.326 ; UARTSender:sender|state.DATA        ; UARTSender:sender|state.STOP        ; clk          ; clk         ; 0.000        ; 0.037      ; 0.447      ;
; 0.329 ; UARTReceiver:receiver|rx_sync       ; UARTReceiver:receiver|data_latch[4] ; clk          ; clk         ; 0.000        ; 0.037      ; 0.450      ;
; 0.333 ; UARTReceiver:receiver|rx_sync       ; UARTReceiver:receiver|data_latch[0] ; clk          ; clk         ; 0.000        ; 0.037      ; 0.454      ;
; 0.335 ; UARTSender:sender|state.IDLE        ; UARTSender:sender|state.START       ; clk          ; clk         ; 0.000        ; 0.232      ; 0.651      ;
; 0.347 ; UARTSender:sender|state.DATA        ; UARTSender:sender|bit_index[2]      ; clk          ; clk         ; 0.000        ; 0.037      ; 0.468      ;
; 0.350 ; UARTSender:sender|bit_index[0]      ; UARTSender:sender|bit_index[1]      ; clk          ; clk         ; 0.000        ; 0.038      ; 0.472      ;
; 0.352 ; UARTReceiver:receiver|rx_meta       ; UARTReceiver:receiver|rx_sync       ; clk          ; clk         ; 0.000        ; 0.036      ; 0.472      ;
; 0.366 ; UARTReceiver:receiver|tick_count[5] ; UARTReceiver:receiver|rec_new_data  ; clk          ; clk         ; 0.000        ; 0.037      ; 0.487      ;
; 0.371 ; UARTReceiver:receiver|tick_count[4] ; UARTReceiver:receiver|tick_count[4] ; clk          ; clk         ; 0.000        ; 0.037      ; 0.492      ;
; 0.372 ; UARTReceiver:receiver|state.STOP    ; UARTReceiver:receiver|rec_new_data  ; clk          ; clk         ; 0.000        ; 0.037      ; 0.493      ;
; 0.374 ; UARTSender:sender|state.IDLE        ; UARTSender:sender|tick_count[2]     ; clk          ; clk         ; 0.000        ; 0.037      ; 0.495      ;
; 0.383 ; UARTReceiver:receiver|data_latch[2] ; UARTReceiver:receiver|rec_data[2]   ; clk          ; clk         ; 0.000        ; 0.036      ; 0.503      ;
; 0.386 ; UARTReceiver:receiver|data_latch[4] ; UARTReceiver:receiver|rec_data[4]   ; clk          ; clk         ; 0.000        ; 0.036      ; 0.506      ;
; 0.389 ; UARTSender:sender|tick_count[0]     ; UARTSender:sender|state.PARITY      ; clk          ; clk         ; 0.000        ; 0.232      ; 0.705      ;
; 0.401 ; UARTReceiver:receiver|bit_index[1]  ; UARTReceiver:receiver|data_latch[4] ; clk          ; clk         ; 0.000        ; 0.037      ; 0.522      ;
; 0.402 ; UARTReceiver:receiver|bit_index[1]  ; UARTReceiver:receiver|data_latch[0] ; clk          ; clk         ; 0.000        ; 0.037      ; 0.523      ;
; 0.403 ; UARTReceiver:receiver|state.START   ; UARTReceiver:receiver|state.PARITY  ; clk          ; clk         ; 0.000        ; 0.232      ; 0.719      ;
; 0.405 ; UARTSender:sender|state.IDLE        ; UARTSender:sender|tick_count[3]     ; clk          ; clk         ; 0.000        ; 0.037      ; 0.526      ;
; 0.407 ; UARTReceiver:receiver|state.START   ; UARTReceiver:receiver|state.IDLE    ; clk          ; clk         ; 0.000        ; 0.232      ; 0.723      ;
; 0.409 ; UARTSender:sender|state.IDLE        ; UARTSender:sender|tick_count[5]     ; clk          ; clk         ; 0.000        ; 0.037      ; 0.530      ;
; 0.410 ; UARTSender:sender|state.IDLE        ; UARTSender:sender|tick_count[7]     ; clk          ; clk         ; 0.000        ; 0.037      ; 0.531      ;
; 0.411 ; UARTSender:sender|state.IDLE        ; UARTSender:sender|tick_count[0]     ; clk          ; clk         ; 0.000        ; 0.037      ; 0.532      ;
; 0.411 ; UARTReceiver:receiver|rx_sync       ; UARTReceiver:receiver|data_latch[2] ; clk          ; clk         ; 0.000        ; 0.037      ; 0.532      ;
; 0.419 ; UARTSender:sender|tick_count[4]     ; UARTSender:sender|state.PARITY      ; clk          ; clk         ; 0.000        ; 0.232      ; 0.735      ;
; 0.422 ; UARTReceiver:receiver|state.START   ; UARTReceiver:receiver|state.START   ; clk          ; clk         ; 0.000        ; 0.037      ; 0.543      ;
; 0.426 ; UARTSender:sender|state.DATA        ; UARTSender:sender|bit_index[0]      ; clk          ; clk         ; 0.000        ; 0.038      ; 0.548      ;
; 0.426 ; UARTSender:sender|state.DATA        ; UARTSender:sender|bit_index[1]      ; clk          ; clk         ; 0.000        ; 0.038      ; 0.548      ;
; 0.426 ; UARTReceiver:receiver|rx_sync       ; UARTReceiver:receiver|data_latch[6] ; clk          ; clk         ; 0.000        ; 0.037      ; 0.547      ;
; 0.431 ; UARTSender:sender|state.IDLE        ; UARTSender:sender|tick_count[1]     ; clk          ; clk         ; 0.000        ; 0.037      ; 0.552      ;
; 0.431 ; UARTSender:sender|state.IDLE        ; UARTSender:sender|tick_count[8]     ; clk          ; clk         ; 0.000        ; 0.037      ; 0.552      ;
; 0.431 ; UARTReceiver:receiver|tick_count[4] ; UARTReceiver:receiver|rec_new_data  ; clk          ; clk         ; 0.000        ; 0.037      ; 0.552      ;
; 0.434 ; UARTReceiver:receiver|bit_index[1]  ; UARTReceiver:receiver|bit_index[2]  ; clk          ; clk         ; 0.000        ; 0.232      ; 0.750      ;
; 0.439 ; UARTReceiver:receiver|state.DATA    ; UARTReceiver:receiver|data_latch[0] ; clk          ; clk         ; 0.000        ; 0.037      ; 0.560      ;
; 0.441 ; UARTReceiver:receiver|state.DATA    ; UARTReceiver:receiver|data_latch[4] ; clk          ; clk         ; 0.000        ; 0.037      ; 0.562      ;
; 0.446 ; UARTReceiver:receiver|data_latch[0] ; UARTReceiver:receiver|rec_data[0]   ; clk          ; clk         ; 0.000        ; 0.036      ; 0.566      ;
; 0.446 ; UARTReceiver:receiver|data_latch[6] ; UARTReceiver:receiver|rec_data[6]   ; clk          ; clk         ; 0.000        ; 0.036      ; 0.566      ;
; 0.446 ; UARTReceiver:receiver|tick_count[6] ; UARTReceiver:receiver|rec_new_data  ; clk          ; clk         ; 0.000        ; 0.037      ; 0.567      ;
; 0.451 ; UARTReceiver:receiver|tick_count[5] ; UARTReceiver:receiver|state.PARITY  ; clk          ; clk         ; 0.000        ; 0.232      ; 0.767      ;
; 0.451 ; UARTReceiver:receiver|tick_count[7] ; UARTReceiver:receiver|tick_count[8] ; clk          ; clk         ; 0.000        ; 0.037      ; 0.572      ;
; 0.451 ; UARTReceiver:receiver|tick_count[1] ; UARTReceiver:receiver|tick_count[2] ; clk          ; clk         ; 0.000        ; 0.037      ; 0.572      ;
; 0.454 ; UARTReceiver:receiver|tick_count[5] ; UARTReceiver:receiver|state.IDLE    ; clk          ; clk         ; 0.000        ; 0.232      ; 0.770      ;
; 0.454 ; UARTReceiver:receiver|tick_count[5] ; UARTReceiver:receiver|tick_count[6] ; clk          ; clk         ; 0.000        ; 0.037      ; 0.575      ;
; 0.454 ; UARTReceiver:receiver|tick_count[3] ; UARTReceiver:receiver|tick_count[4] ; clk          ; clk         ; 0.000        ; 0.037      ; 0.575      ;
; 0.457 ; UARTReceiver:receiver|state.DATA    ; UARTReceiver:receiver|state.STOP    ; clk          ; clk         ; 0.000        ; 0.037      ; 0.578      ;
; 0.457 ; UARTReceiver:receiver|state.DATA    ; UARTReceiver:receiver|data_latch[2] ; clk          ; clk         ; 0.000        ; 0.037      ; 0.578      ;
; 0.458 ; UARTReceiver:receiver|state.DATA    ; UARTReceiver:receiver|data_latch[6] ; clk          ; clk         ; 0.000        ; 0.037      ; 0.579      ;
; 0.460 ; UARTReceiver:receiver|tick_count[2] ; UARTReceiver:receiver|tick_count[3] ; clk          ; clk         ; 0.000        ; 0.037      ; 0.581      ;
; 0.460 ; UARTSender:sender|tick_count[3]     ; UARTSender:sender|state.PARITY      ; clk          ; clk         ; 0.000        ; 0.232      ; 0.776      ;
; 0.461 ; UARTSender:sender|tick_count[3]     ; UARTSender:sender|tick_count[3]     ; clk          ; clk         ; 0.000        ; 0.037      ; 0.582      ;
; 0.462 ; UARTSender:sender|tick_count[5]     ; UARTSender:sender|tick_count[5]     ; clk          ; clk         ; 0.000        ; 0.037      ; 0.583      ;
; 0.463 ; UARTSender:sender|tick_count[7]     ; UARTSender:sender|tick_count[7]     ; clk          ; clk         ; 0.000        ; 0.037      ; 0.584      ;
; 0.463 ; UARTReceiver:receiver|tick_count[2] ; UARTReceiver:receiver|tick_count[4] ; clk          ; clk         ; 0.000        ; 0.037      ; 0.584      ;
; 0.464 ; UARTReceiver:receiver|tick_count[6] ; UARTReceiver:receiver|tick_count[7] ; clk          ; clk         ; 0.000        ; 0.037      ; 0.585      ;
; 0.467 ; UARTReceiver:receiver|tick_count[6] ; UARTReceiver:receiver|tick_count[8] ; clk          ; clk         ; 0.000        ; 0.037      ; 0.588      ;
; 0.468 ; UARTReceiver:receiver|tick_count[0] ; UARTReceiver:receiver|tick_count[1] ; clk          ; clk         ; 0.000        ; 0.037      ; 0.589      ;
; 0.471 ; UARTReceiver:receiver|tick_count[0] ; UARTReceiver:receiver|tick_count[2] ; clk          ; clk         ; 0.000        ; 0.037      ; 0.592      ;
; 0.472 ; UARTReceiver:receiver|tick_count[6] ; UARTReceiver:receiver|state.PARITY  ; clk          ; clk         ; 0.000        ; 0.232      ; 0.788      ;
+-------+-------------------------------------+-------------------------------------+--------------+-------------+--------------+------------+------------+


+---------------------------------------------------------------------------------------------------------------------+
; Fast 1200mV 0C Model Minimum Pulse Width: 'clk'                                                                     ;
+--------+--------------+----------------+-----------------+-------+------------+-------------------------------------+
; Slack  ; Actual Width ; Required Width ; Type            ; Clock ; Clock Edge ; Target                              ;
+--------+--------------+----------------+-----------------+-------+------------+-------------------------------------+
; -3.000 ; 1.000        ; 4.000          ; Port Rate       ; clk   ; Rise       ; clk                                 ;
; -1.000 ; 1.000        ; 2.000          ; Min Period      ; clk   ; Rise       ; UARTReceiver:receiver|bit_index[0]  ;
; -1.000 ; 1.000        ; 2.000          ; Min Period      ; clk   ; Rise       ; UARTReceiver:receiver|bit_index[1]  ;
; -1.000 ; 1.000        ; 2.000          ; Min Period      ; clk   ; Rise       ; UARTReceiver:receiver|bit_index[2]  ;
; -1.000 ; 1.000        ; 2.000          ; Min Period      ; clk   ; Rise       ; UARTReceiver:receiver|correct_data  ;
; -1.000 ; 1.000        ; 2.000          ; Min Period      ; clk   ; Rise       ; UARTReceiver:receiver|data_latch[0] ;
; -1.000 ; 1.000        ; 2.000          ; Min Period      ; clk   ; Rise       ; UARTReceiver:receiver|data_latch[1] ;
; -1.000 ; 1.000        ; 2.000          ; Min Period      ; clk   ; Rise       ; UARTReceiver:receiver|data_latch[2] ;
; -1.000 ; 1.000        ; 2.000          ; Min Period      ; clk   ; Rise       ; UARTReceiver:receiver|data_latch[3] ;
; -1.000 ; 1.000        ; 2.000          ; Min Period      ; clk   ; Rise       ; UARTReceiver:receiver|data_latch[4] ;
; -1.000 ; 1.000        ; 2.000          ; Min Period      ; clk   ; Rise       ; UARTReceiver:receiver|data_latch[5] ;
; -1.000 ; 1.000        ; 2.000          ; Min Period      ; clk   ; Rise       ; UARTReceiver:receiver|data_latch[6] ;
; -1.000 ; 1.000        ; 2.000          ; Min Period      ; clk   ; Rise       ; UARTReceiver:receiver|parity_latch  ;
; -1.000 ; 1.000        ; 2.000          ; Min Period      ; clk   ; Rise       ; UARTReceiver:receiver|rec_data[0]   ;
; -1.000 ; 1.000        ; 2.000          ; Min Period      ; clk   ; Rise       ; UARTReceiver:receiver|rec_data[1]   ;
; -1.000 ; 1.000        ; 2.000          ; Min Period      ; clk   ; Rise       ; UARTReceiver:receiver|rec_data[2]   ;
; -1.000 ; 1.000        ; 2.000          ; Min Period      ; clk   ; Rise       ; UARTReceiver:receiver|rec_data[3]   ;
; -1.000 ; 1.000        ; 2.000          ; Min Period      ; clk   ; Rise       ; UARTReceiver:receiver|rec_data[4]   ;
; -1.000 ; 1.000        ; 2.000          ; Min Period      ; clk   ; Rise       ; UARTReceiver:receiver|rec_data[5]   ;
; -1.000 ; 1.000        ; 2.000          ; Min Period      ; clk   ; Rise       ; UARTReceiver:receiver|rec_data[6]   ;
; -1.000 ; 1.000        ; 2.000          ; Min Period      ; clk   ; Rise       ; UARTReceiver:receiver|rec_new_data  ;
; -1.000 ; 1.000        ; 2.000          ; Min Period      ; clk   ; Rise       ; UARTReceiver:receiver|rx_meta       ;
; -1.000 ; 1.000        ; 2.000          ; Min Period      ; clk   ; Rise       ; UARTReceiver:receiver|rx_sync       ;
; -1.000 ; 1.000        ; 2.000          ; Min Period      ; clk   ; Rise       ; UARTReceiver:receiver|state.DATA    ;
; -1.000 ; 1.000        ; 2.000          ; Min Period      ; clk   ; Rise       ; UARTReceiver:receiver|state.IDLE    ;
; -1.000 ; 1.000        ; 2.000          ; Min Period      ; clk   ; Rise       ; UARTReceiver:receiver|state.PARITY  ;
; -1.000 ; 1.000        ; 2.000          ; Min Period      ; clk   ; Rise       ; UARTReceiver:receiver|state.START   ;
; -1.000 ; 1.000        ; 2.000          ; Min Period      ; clk   ; Rise       ; UARTReceiver:receiver|state.STOP    ;
; -1.000 ; 1.000        ; 2.000          ; Min Period      ; clk   ; Rise       ; UARTReceiver:receiver|tick_count[0] ;
; -1.000 ; 1.000        ; 2.000          ; Min Period      ; clk   ; Rise       ; UARTReceiver:receiver|tick_count[1] ;
; -1.000 ; 1.000        ; 2.000          ; Min Period      ; clk   ; Rise       ; UARTReceiver:receiver|tick_count[2] ;
; -1.000 ; 1.000        ; 2.000          ; Min Period      ; clk   ; Rise       ; UARTReceiver:receiver|tick_count[3] ;
; -1.000 ; 1.000        ; 2.000          ; Min Period      ; clk   ; Rise       ; UARTReceiver:receiver|tick_count[4] ;
; -1.000 ; 1.000        ; 2.000          ; Min Period      ; clk   ; Rise       ; UARTReceiver:receiver|tick_count[5] ;
; -1.000 ; 1.000        ; 2.000          ; Min Period      ; clk   ; Rise       ; UARTReceiver:receiver|tick_count[6] ;
; -1.000 ; 1.000        ; 2.000          ; Min Period      ; clk   ; Rise       ; UARTReceiver:receiver|tick_count[7] ;
; -1.000 ; 1.000        ; 2.000          ; Min Period      ; clk   ; Rise       ; UARTReceiver:receiver|tick_count[8] ;
; -1.000 ; 1.000        ; 2.000          ; Min Period      ; clk   ; Rise       ; UARTSender:sender|bit_index[0]      ;
; -1.000 ; 1.000        ; 2.000          ; Min Period      ; clk   ; Rise       ; UARTSender:sender|bit_index[1]      ;
; -1.000 ; 1.000        ; 2.000          ; Min Period      ; clk   ; Rise       ; UARTSender:sender|bit_index[2]      ;
; -1.000 ; 1.000        ; 2.000          ; Min Period      ; clk   ; Rise       ; UARTSender:sender|data_latch[0]     ;
; -1.000 ; 1.000        ; 2.000          ; Min Period      ; clk   ; Rise       ; UARTSender:sender|data_latch[1]     ;
; -1.000 ; 1.000        ; 2.000          ; Min Period      ; clk   ; Rise       ; UARTSender:sender|data_latch[2]     ;
; -1.000 ; 1.000        ; 2.000          ; Min Period      ; clk   ; Rise       ; UARTSender:sender|data_latch[3]     ;
; -1.000 ; 1.000        ; 2.000          ; Min Period      ; clk   ; Rise       ; UARTSender:sender|data_latch[4]     ;
; -1.000 ; 1.000        ; 2.000          ; Min Period      ; clk   ; Rise       ; UARTSender:sender|data_latch[5]     ;
; -1.000 ; 1.000        ; 2.000          ; Min Period      ; clk   ; Rise       ; UARTSender:sender|data_latch[6]     ;
; -1.000 ; 1.000        ; 2.000          ; Min Period      ; clk   ; Rise       ; UARTSender:sender|parity_latch      ;
; -1.000 ; 1.000        ; 2.000          ; Min Period      ; clk   ; Rise       ; UARTSender:sender|state.DATA        ;
; -1.000 ; 1.000        ; 2.000          ; Min Period      ; clk   ; Rise       ; UARTSender:sender|state.IDLE        ;
; -1.000 ; 1.000        ; 2.000          ; Min Period      ; clk   ; Rise       ; UARTSender:sender|state.PARITY      ;
; -1.000 ; 1.000        ; 2.000          ; Min Period      ; clk   ; Rise       ; UARTSender:sender|state.START       ;
; -1.000 ; 1.000        ; 2.000          ; Min Period      ; clk   ; Rise       ; UARTSender:sender|state.STOP        ;
; -1.000 ; 1.000        ; 2.000          ; Min Period      ; clk   ; Rise       ; UARTSender:sender|tick_count[0]     ;
; -1.000 ; 1.000        ; 2.000          ; Min Period      ; clk   ; Rise       ; UARTSender:sender|tick_count[1]     ;
; -1.000 ; 1.000        ; 2.000          ; Min Period      ; clk   ; Rise       ; UARTSender:sender|tick_count[2]     ;
; -1.000 ; 1.000        ; 2.000          ; Min Period      ; clk   ; Rise       ; UARTSender:sender|tick_count[3]     ;
; -1.000 ; 1.000        ; 2.000          ; Min Period      ; clk   ; Rise       ; UARTSender:sender|tick_count[4]     ;
; -1.000 ; 1.000        ; 2.000          ; Min Period      ; clk   ; Rise       ; UARTSender:sender|tick_count[5]     ;
; -1.000 ; 1.000        ; 2.000          ; Min Period      ; clk   ; Rise       ; UARTSender:sender|tick_count[6]     ;
; -1.000 ; 1.000        ; 2.000          ; Min Period      ; clk   ; Rise       ; UARTSender:sender|tick_count[7]     ;
; -1.000 ; 1.000        ; 2.000          ; Min Period      ; clk   ; Rise       ; UARTSender:sender|tick_count[8]     ;
; -0.058 ; 0.126        ; 0.184          ; Low Pulse Width ; clk   ; Rise       ; UARTReceiver:receiver|bit_index[0]  ;
; -0.058 ; 0.126        ; 0.184          ; Low Pulse Width ; clk   ; Rise       ; UARTReceiver:receiver|bit_index[2]  ;
; -0.058 ; 0.126        ; 0.184          ; Low Pulse Width ; clk   ; Rise       ; UARTReceiver:receiver|state.IDLE    ;
; -0.058 ; 0.126        ; 0.184          ; Low Pulse Width ; clk   ; Rise       ; UARTReceiver:receiver|state.PARITY  ;
; -0.058 ; 0.126        ; 0.184          ; Low Pulse Width ; clk   ; Rise       ; UARTSender:sender|state.PARITY      ;
; -0.058 ; 0.126        ; 0.184          ; Low Pulse Width ; clk   ; Rise       ; UARTSender:sender|state.START       ;
; -0.033 ; 0.151        ; 0.184          ; Low Pulse Width ; clk   ; Rise       ; UARTReceiver:receiver|bit_index[1]  ;
; -0.033 ; 0.151        ; 0.184          ; Low Pulse Width ; clk   ; Rise       ; UARTReceiver:receiver|correct_data  ;
; -0.033 ; 0.151        ; 0.184          ; Low Pulse Width ; clk   ; Rise       ; UARTReceiver:receiver|data_latch[1] ;
; -0.033 ; 0.151        ; 0.184          ; Low Pulse Width ; clk   ; Rise       ; UARTReceiver:receiver|data_latch[3] ;
; -0.033 ; 0.151        ; 0.184          ; Low Pulse Width ; clk   ; Rise       ; UARTReceiver:receiver|data_latch[5] ;
; -0.033 ; 0.151        ; 0.184          ; Low Pulse Width ; clk   ; Rise       ; UARTReceiver:receiver|parity_latch  ;
; -0.033 ; 0.151        ; 0.184          ; Low Pulse Width ; clk   ; Rise       ; UARTReceiver:receiver|rec_data[0]   ;
; -0.033 ; 0.151        ; 0.184          ; Low Pulse Width ; clk   ; Rise       ; UARTReceiver:receiver|rec_data[1]   ;
; -0.033 ; 0.151        ; 0.184          ; Low Pulse Width ; clk   ; Rise       ; UARTReceiver:receiver|rec_data[2]   ;
; -0.033 ; 0.151        ; 0.184          ; Low Pulse Width ; clk   ; Rise       ; UARTReceiver:receiver|rec_data[3]   ;
; -0.033 ; 0.151        ; 0.184          ; Low Pulse Width ; clk   ; Rise       ; UARTReceiver:receiver|rec_data[4]   ;
; -0.033 ; 0.151        ; 0.184          ; Low Pulse Width ; clk   ; Rise       ; UARTReceiver:receiver|rec_data[5]   ;
; -0.033 ; 0.151        ; 0.184          ; Low Pulse Width ; clk   ; Rise       ; UARTReceiver:receiver|rec_data[6]   ;
; -0.033 ; 0.151        ; 0.184          ; Low Pulse Width ; clk   ; Rise       ; UARTReceiver:receiver|state.START   ;
; -0.032 ; 0.152        ; 0.184          ; Low Pulse Width ; clk   ; Rise       ; UARTReceiver:receiver|data_latch[0] ;
; -0.032 ; 0.152        ; 0.184          ; Low Pulse Width ; clk   ; Rise       ; UARTReceiver:receiver|data_latch[2] ;
; -0.032 ; 0.152        ; 0.184          ; Low Pulse Width ; clk   ; Rise       ; UARTReceiver:receiver|data_latch[4] ;
; -0.032 ; 0.152        ; 0.184          ; Low Pulse Width ; clk   ; Rise       ; UARTReceiver:receiver|data_latch[6] ;
; -0.032 ; 0.152        ; 0.184          ; Low Pulse Width ; clk   ; Rise       ; UARTReceiver:receiver|rec_new_data  ;
; -0.032 ; 0.152        ; 0.184          ; Low Pulse Width ; clk   ; Rise       ; UARTReceiver:receiver|rx_meta       ;
; -0.032 ; 0.152        ; 0.184          ; Low Pulse Width ; clk   ; Rise       ; UARTReceiver:receiver|rx_sync       ;
; -0.032 ; 0.152        ; 0.184          ; Low Pulse Width ; clk   ; Rise       ; UARTReceiver:receiver|state.DATA    ;
; -0.032 ; 0.152        ; 0.184          ; Low Pulse Width ; clk   ; Rise       ; UARTReceiver:receiver|state.STOP    ;
; -0.032 ; 0.152        ; 0.184          ; Low Pulse Width ; clk   ; Rise       ; UARTReceiver:receiver|tick_count[0] ;
; -0.032 ; 0.152        ; 0.184          ; Low Pulse Width ; clk   ; Rise       ; UARTReceiver:receiver|tick_count[1] ;
; -0.032 ; 0.152        ; 0.184          ; Low Pulse Width ; clk   ; Rise       ; UARTReceiver:receiver|tick_count[2] ;
; -0.032 ; 0.152        ; 0.184          ; Low Pulse Width ; clk   ; Rise       ; UARTReceiver:receiver|tick_count[3] ;
; -0.032 ; 0.152        ; 0.184          ; Low Pulse Width ; clk   ; Rise       ; UARTReceiver:receiver|tick_count[4] ;
; -0.032 ; 0.152        ; 0.184          ; Low Pulse Width ; clk   ; Rise       ; UARTReceiver:receiver|tick_count[5] ;
; -0.032 ; 0.152        ; 0.184          ; Low Pulse Width ; clk   ; Rise       ; UARTReceiver:receiver|tick_count[6] ;
; -0.032 ; 0.152        ; 0.184          ; Low Pulse Width ; clk   ; Rise       ; UARTReceiver:receiver|tick_count[7] ;
; -0.032 ; 0.152        ; 0.184          ; Low Pulse Width ; clk   ; Rise       ; UARTReceiver:receiver|tick_count[8] ;
+--------+--------------+----------------+-----------------+-------+------------+-------------------------------------+


+---------------------------------------------------------------------------+
; Setup Times                                                               ;
+---------------+------------+-------+-------+------------+-----------------+
; Data Port     ; Clock Port ; Rise  ; Fall  ; Clock Edge ; Clock Reference ;
+---------------+------------+-------+-------+------------+-----------------+
; new_data      ; clk        ; 0.657 ; 0.948 ; Rise       ; clk             ;
; send_data[*]  ; clk        ; 1.476 ; 2.056 ; Rise       ; clk             ;
;  send_data[0] ; clk        ; 1.382 ; 1.929 ; Rise       ; clk             ;
;  send_data[1] ; clk        ; 1.397 ; 1.952 ; Rise       ; clk             ;
;  send_data[2] ; clk        ; 0.558 ; 0.822 ; Rise       ; clk             ;
;  send_data[3] ; clk        ; 1.476 ; 2.056 ; Rise       ; clk             ;
;  send_data[4] ; clk        ; 1.151 ; 1.723 ; Rise       ; clk             ;
;  send_data[5] ; clk        ; 1.031 ; 1.598 ; Rise       ; clk             ;
;  send_data[6] ; clk        ; 0.923 ; 1.492 ; Rise       ; clk             ;
+---------------+------------+-------+-------+------------+-----------------+


+-----------------------------------------------------------------------------+
; Hold Times                                                                  ;
+---------------+------------+--------+--------+------------+-----------------+
; Data Port     ; Clock Port ; Rise   ; Fall   ; Clock Edge ; Clock Reference ;
+---------------+------------+--------+--------+------------+-----------------+
; new_data      ; clk        ; 0.099  ; -0.170 ; Rise       ; clk             ;
; send_data[*]  ; clk        ; -0.008 ; -0.279 ; Rise       ; clk             ;
;  send_data[0] ; clk        ; -0.731 ; -1.279 ; Rise       ; clk             ;
;  send_data[1] ; clk        ; -0.676 ; -1.228 ; Rise       ; clk             ;
;  send_data[2] ; clk        ; -0.008 ; -0.279 ; Rise       ; clk             ;
;  send_data[3] ; clk        ; -0.921 ; -1.484 ; Rise       ; clk             ;
;  send_data[4] ; clk        ; -0.866 ; -1.437 ; Rise       ; clk             ;
;  send_data[5] ; clk        ; -0.717 ; -1.274 ; Rise       ; clk             ;
;  send_data[6] ; clk        ; -0.690 ; -1.238 ; Rise       ; clk             ;
+---------------+------------+--------+--------+------------+-----------------+


+--------------------------------------------------------------------------+
; Clock to Output Times                                                    ;
+--------------+------------+-------+-------+------------+-----------------+
; Data Port    ; Clock Port ; Rise  ; Fall  ; Clock Edge ; Clock Reference ;
+--------------+------------+-------+-------+------------+-----------------+
; busy         ; clk        ; 3.455 ; 3.493 ; Rise       ; clk             ;
; correct_data ; clk        ; 3.414 ; 3.455 ; Rise       ; clk             ;
; rec_data[*]  ; clk        ; 4.048 ; 4.099 ; Rise       ; clk             ;
;  rec_data[0] ; clk        ; 3.645 ; 3.664 ; Rise       ; clk             ;
;  rec_data[1] ; clk        ; 4.048 ; 4.099 ; Rise       ; clk             ;
;  rec_data[2] ; clk        ; 3.638 ; 3.647 ; Rise       ; clk             ;
;  rec_data[3] ; clk        ; 3.601 ; 3.653 ; Rise       ; clk             ;
;  rec_data[4] ; clk        ; 3.571 ; 3.626 ; Rise       ; clk             ;
;  rec_data[5] ; clk        ; 3.575 ; 3.619 ; Rise       ; clk             ;
;  rec_data[6] ; clk        ; 3.386 ; 3.424 ; Rise       ; clk             ;
; rec_new_data ; clk        ; 3.675 ; 3.736 ; Rise       ; clk             ;
; tx           ; clk        ; 4.482 ; 4.539 ; Rise       ; clk             ;
+--------------+------------+-------+-------+------------+-----------------+


+--------------------------------------------------------------------------+
; Minimum Clock to Output Times                                            ;
+--------------+------------+-------+-------+------------+-----------------+
; Data Port    ; Clock Port ; Rise  ; Fall  ; Clock Edge ; Clock Reference ;
+--------------+------------+-------+-------+------------+-----------------+
; busy         ; clk        ; 3.341 ; 3.376 ; Rise       ; clk             ;
; correct_data ; clk        ; 3.303 ; 3.343 ; Rise       ; clk             ;
; rec_data[*]  ; clk        ; 3.277 ; 3.312 ; Rise       ; clk             ;
;  rec_data[0] ; clk        ; 3.527 ; 3.542 ; Rise       ; clk             ;
;  rec_data[1] ; clk        ; 3.935 ; 3.982 ; Rise       ; clk             ;
;  rec_data[2] ; clk        ; 3.520 ; 3.526 ; Rise       ; clk             ;
;  rec_data[3] ; clk        ; 3.480 ; 3.529 ; Rise       ; clk             ;
;  rec_data[4] ; clk        ; 3.455 ; 3.507 ; Rise       ; clk             ;
;  rec_data[5] ; clk        ; 3.455 ; 3.496 ; Rise       ; clk             ;
;  rec_data[6] ; clk        ; 3.277 ; 3.312 ; Rise       ; clk             ;
; rec_new_data ; clk        ; 3.555 ; 3.612 ; Rise       ; clk             ;
; tx           ; clk        ; 3.769 ; 3.829 ; Rise       ; clk             ;
+--------------+------------+-------+-------+------------+-----------------+


---------------------------------------------
; Fast 1200mV 0C Model Metastability Report ;
---------------------------------------------
No synchronizer chains to report.


+-------------------------------------------------------------------------------+
; Multicorner Timing Analysis Summary                                           ;
+------------------+---------+-------+----------+---------+---------------------+
; Clock            ; Setup   ; Hold  ; Recovery ; Removal ; Minimum Pulse Width ;
+------------------+---------+-------+----------+---------+---------------------+
; Worst-case Slack ; -1.625  ; 0.131 ; N/A      ; N/A     ; -3.000              ;
;  clk             ; -1.625  ; 0.131 ; N/A      ; N/A     ; -3.000              ;
; Design-wide TNS  ; -75.322 ; 0.0   ; 0.0      ; 0.0     ; -66.122             ;
;  clk             ; -75.322 ; 0.000 ; N/A      ; N/A     ; -66.122             ;
+------------------+---------+-------+----------+---------+---------------------+


+---------------------------------------------------------------------------+
; Setup Times                                                               ;
+---------------+------------+-------+-------+------------+-----------------+
; Data Port     ; Clock Port ; Rise  ; Fall  ; Clock Edge ; Clock Reference ;
+---------------+------------+-------+-------+------------+-----------------+
; new_data      ; clk        ; 1.167 ; 1.299 ; Rise       ; clk             ;
; send_data[*]  ; clk        ; 2.641 ; 3.059 ; Rise       ; clk             ;
;  send_data[0] ; clk        ; 2.440 ; 2.857 ; Rise       ; clk             ;
;  send_data[1] ; clk        ; 2.473 ; 2.897 ; Rise       ; clk             ;
;  send_data[2] ; clk        ; 0.946 ; 1.082 ; Rise       ; clk             ;
;  send_data[3] ; clk        ; 2.641 ; 3.059 ; Rise       ; clk             ;
;  send_data[4] ; clk        ; 2.070 ; 2.486 ; Rise       ; clk             ;
;  send_data[5] ; clk        ; 1.854 ; 2.275 ; Rise       ; clk             ;
;  send_data[6] ; clk        ; 1.675 ; 2.110 ; Rise       ; clk             ;
+---------------+------------+-------+-------+------------+-----------------+


+-----------------------------------------------------------------------------+
; Hold Times                                                                  ;
+---------------+------------+--------+--------+------------+-----------------+
; Data Port     ; Clock Port ; Rise   ; Fall   ; Clock Edge ; Clock Reference ;
+---------------+------------+--------+--------+------------+-----------------+
; new_data      ; clk        ; 0.222  ; 0.104  ; Rise       ; clk             ;
; send_data[*]  ; clk        ; 0.000  ; -0.128 ; Rise       ; clk             ;
;  send_data[0] ; clk        ; -0.731 ; -1.279 ; Rise       ; clk             ;
;  send_data[1] ; clk        ; -0.676 ; -1.228 ; Rise       ; clk             ;
;  send_data[2] ; clk        ; 0.000  ; -0.128 ; Rise       ; clk             ;
;  send_data[3] ; clk        ; -0.921 ; -1.484 ; Rise       ; clk             ;
;  send_data[4] ; clk        ; -0.866 ; -1.437 ; Rise       ; clk             ;
;  send_data[5] ; clk        ; -0.717 ; -1.274 ; Rise       ; clk             ;
;  send_data[6] ; clk        ; -0.690 ; -1.238 ; Rise       ; clk             ;
+---------------+------------+--------+--------+------------+-----------------+


+--------------------------------------------------------------------------+
; Clock to Output Times                                                    ;
+--------------+------------+-------+-------+------------+-----------------+
; Data Port    ; Clock Port ; Rise  ; Fall  ; Clock Edge ; Clock Reference ;
+--------------+------------+-------+-------+------------+-----------------+
; busy         ; clk        ; 5.924 ; 5.858 ; Rise       ; clk             ;
; correct_data ; clk        ; 5.821 ; 5.758 ; Rise       ; clk             ;
; rec_data[*]  ; clk        ; 6.720 ; 6.708 ; Rise       ; clk             ;
;  rec_data[0] ; clk        ; 6.141 ; 6.109 ; Rise       ; clk             ;
;  rec_data[1] ; clk        ; 6.720 ; 6.708 ; Rise       ; clk             ;
;  rec_data[2] ; clk        ; 6.120 ; 6.080 ; Rise       ; clk             ;
;  rec_data[3] ; clk        ; 6.166 ; 6.106 ; Rise       ; clk             ;
;  rec_data[4] ; clk        ; 6.079 ; 6.017 ; Rise       ; clk             ;
;  rec_data[5] ; clk        ; 6.132 ; 6.060 ; Rise       ; clk             ;
;  rec_data[6] ; clk        ; 5.777 ; 5.713 ; Rise       ; clk             ;
; rec_new_data ; clk        ; 6.276 ; 6.204 ; Rise       ; clk             ;
; tx           ; clk        ; 7.813 ; 7.726 ; Rise       ; clk             ;
+--------------+------------+-------+-------+------------+-----------------+


+--------------------------------------------------------------------------+
; Minimum Clock to Output Times                                            ;
+--------------+------------+-------+-------+------------+-----------------+
; Data Port    ; Clock Port ; Rise  ; Fall  ; Clock Edge ; Clock Reference ;
+--------------+------------+-------+-------+------------+-----------------+
; busy         ; clk        ; 3.341 ; 3.376 ; Rise       ; clk             ;
; correct_data ; clk        ; 3.303 ; 3.343 ; Rise       ; clk             ;
; rec_data[*]  ; clk        ; 3.277 ; 3.312 ; Rise       ; clk             ;
;  rec_data[0] ; clk        ; 3.527 ; 3.542 ; Rise       ; clk             ;
;  rec_data[1] ; clk        ; 3.935 ; 3.982 ; Rise       ; clk             ;
;  rec_data[2] ; clk        ; 3.520 ; 3.526 ; Rise       ; clk             ;
;  rec_data[3] ; clk        ; 3.480 ; 3.529 ; Rise       ; clk             ;
;  rec_data[4] ; clk        ; 3.455 ; 3.507 ; Rise       ; clk             ;
;  rec_data[5] ; clk        ; 3.455 ; 3.496 ; Rise       ; clk             ;
;  rec_data[6] ; clk        ; 3.277 ; 3.312 ; Rise       ; clk             ;
; rec_new_data ; clk        ; 3.555 ; 3.612 ; Rise       ; clk             ;
; tx           ; clk        ; 3.769 ; 3.829 ; Rise       ; clk             ;
+--------------+------------+-------+-------+------------+-----------------+


+------------------------------------------------------------------------------------------------------------------------------------------------------------------------------------------------------------------------------------------------------------------------------------------------------------------------------------------------------------------------------------------------------------------+
; Board Trace Model Assignments                                                                                                                                                                                                                                                                                                                                                                                    ;
+---------------+--------------+-------------------+-------------------------+-------------------------+---------------+---------------------+----------------+------------------+--------+------------------+------------------------+------------------------+--------------+---------------+-----------------+-------+---------------------+--------------------+---------------+-----------------+-------------+
; Pin           ; I/O Standard ; Near Tline Length ; Near Tline L per Length ; Near Tline C per Length ; Near Series R ; Near Differential R ; Near Pull-up R ; Near Pull-down R ; Near C ; Far Tline Length ; Far Tline L per Length ; Far Tline C per Length ; Far Series R ; Far Pull-up R ; Far Pull-down R ; Far C ; Termination Voltage ; Far Differential R ; EBD File Name ; EBD Signal Name ; EBD Far-end ;
+---------------+--------------+-------------------+-------------------------+-------------------------+---------------+---------------------+----------------+------------------+--------+------------------+------------------------+------------------------+--------------+---------------+-----------------+-------+---------------------+--------------------+---------------+-----------------+-------------+
; tx            ; 2.5 V        ; 0 in              ; 0 H/in                  ; 0 F/in                  ; short         ; -                   ; open           ; open             ; open   ; 0 in             ; 0 H/in                 ; 0 F/in                 ; short        ; open          ; open            ; open  ; 0 V                 ; -                  ; n/a           ; n/a             ; n/a         ;
; busy          ; 2.5 V        ; 0 in              ; 0 H/in                  ; 0 F/in                  ; short         ; -                   ; open           ; open             ; open   ; 0 in             ; 0 H/in                 ; 0 F/in                 ; short        ; open          ; open            ; open  ; 0 V                 ; -                  ; n/a           ; n/a             ; n/a         ;
; rec_data[0]   ; 2.5 V        ; 0 in              ; 0 H/in                  ; 0 F/in                  ; short         ; -                   ; open           ; open             ; open   ; 0 in             ; 0 H/in                 ; 0 F/in                 ; short        ; open          ; open            ; open  ; 0 V                 ; -                  ; n/a           ; n/a             ; n/a         ;
; rec_data[1]   ; 2.5 V        ; 0 in              ; 0 H/in                  ; 0 F/in                  ; short         ; -                   ; open           ; open             ; open   ; 0 in             ; 0 H/in                 ; 0 F/in                 ; short        ; open          ; open            ; open  ; 0 V                 ; -                  ; n/a           ; n/a             ; n/a         ;
; rec_data[2]   ; 2.5 V        ; 0 in              ; 0 H/in                  ; 0 F/in                  ; short         ; -                   ; open           ; open             ; open   ; 0 in             ; 0 H/in                 ; 0 F/in                 ; short        ; open          ; open            ; open  ; 0 V                 ; -                  ; n/a           ; n/a             ; n/a         ;
; rec_data[3]   ; 2.5 V        ; 0 in              ; 0 H/in                  ; 0 F/in                  ; short         ; -                   ; open           ; open             ; open   ; 0 in             ; 0 H/in                 ; 0 F/in                 ; short        ; open          ; open            ; open  ; 0 V                 ; -                  ; n/a           ; n/a             ; n/a         ;
; rec_data[4]   ; 2.5 V        ; 0 in              ; 0 H/in                  ; 0 F/in                  ; short         ; -                   ; open           ; open             ; open   ; 0 in             ; 0 H/in                 ; 0 F/in                 ; short        ; open          ; open            ; open  ; 0 V                 ; -                  ; n/a           ; n/a             ; n/a         ;
; rec_data[5]   ; 2.5 V        ; 0 in              ; 0 H/in                  ; 0 F/in                  ; short         ; -                   ; open           ; open             ; open   ; 0 in             ; 0 H/in                 ; 0 F/in                 ; short        ; open          ; open            ; open  ; 0 V                 ; -                  ; n/a           ; n/a             ; n/a         ;
; rec_data[6]   ; 2.5 V        ; 0 in              ; 0 H/in                  ; 0 F/in                  ; short         ; -                   ; open           ; open             ; open   ; 0 in             ; 0 H/in                 ; 0 F/in                 ; short        ; open          ; open            ; open  ; 0 V                 ; -                  ; n/a           ; n/a             ; n/a         ;
; rec_new_data  ; 2.5 V        ; 0 in              ; 0 H/in                  ; 0 F/in                  ; short         ; -                   ; open           ; open             ; open   ; 0 in             ; 0 H/in                 ; 0 F/in                 ; short        ; open          ; open            ; open  ; 0 V                 ; -                  ; n/a           ; n/a             ; n/a         ;
; correct_data  ; 2.5 V        ; 0 in              ; 0 H/in                  ; 0 F/in                  ; short         ; -                   ; open           ; open             ; open   ; 0 in             ; 0 H/in                 ; 0 F/in                 ; short        ; open          ; open            ; open  ; 0 V                 ; -                  ; n/a           ; n/a             ; n/a         ;
; ~ALTERA_NCEO~ ; 2.5 V        ; 0 in              ; 0 H/in                  ; 0 F/in                  ; short         ; -                   ; open           ; open             ; open   ; 0 in             ; 0 H/in                 ; 0 F/in                 ; short        ; open          ; open            ; open  ; 0 V                 ; -                  ; n/a           ; n/a             ; n/a         ;
; ~ALTERA_DCLK~ ; 2.5 V        ; 0 in              ; 0 H/in                  ; 0 F/in                  ; short         ; -                   ; open           ; open             ; open   ; 0 in             ; 0 H/in                 ; 0 F/in                 ; short        ; open          ; open            ; open  ; 0 V                 ; -                  ; n/a           ; n/a             ; n/a         ;
+---------------+--------------+-------------------+-------------------------+-------------------------+---------------+---------------------+----------------+------------------+--------+------------------+------------------------+------------------------+--------------+---------------+-----------------+-------+---------------------+--------------------+---------------+-----------------+-------------+


+-------------------------------------------------------------------+
; Input Transition Times                                            ;
+----------------+--------------+-----------------+-----------------+
; Pin            ; I/O Standard ; 10-90 Rise Time ; 90-10 Fall Time ;
+----------------+--------------+-----------------+-----------------+
; send_data[2]   ; 2.5 V        ; 2000 ps         ; 2000 ps         ;
; clk            ; 2.5 V        ; 2000 ps         ; 2000 ps         ;
; rstN           ; 2.5 V        ; 2000 ps         ; 2000 ps         ;
; new_data       ; 2.5 V        ; 2000 ps         ; 2000 ps         ;
; send_data[1]   ; 2.5 V        ; 2000 ps         ; 2000 ps         ;
; send_data[0]   ; 2.5 V        ; 2000 ps         ; 2000 ps         ;
; send_data[3]   ; 2.5 V        ; 2000 ps         ; 2000 ps         ;
; send_data[6]   ; 2.5 V        ; 2000 ps         ; 2000 ps         ;
; send_data[4]   ; 2.5 V        ; 2000 ps         ; 2000 ps         ;
; send_data[5]   ; 2.5 V        ; 2000 ps         ; 2000 ps         ;
; ~ALTERA_DATA0~ ; 2.5 V        ; 2000 ps         ; 2000 ps         ;
; ~ALTERA_ASDO~  ; 2.5 V        ; 2000 ps         ; 2000 ps         ;
; ~ALTERA_NCSO~  ; 2.5 V        ; 2000 ps         ; 2000 ps         ;
+----------------+--------------+-----------------+-----------------+


+--------------------------------------------------------------------------------------------------------------------------------------------------------------------------------------------------------------------------------------------------------------------------------------------------------------------------------------------------------------------------------------------------------------------------------------------------------------------------------------------------------------------------------------------------------------------------------------------------------------------------------------------------------------------------------------------+
; Signal Integrity Metrics (Slow 1200mv 0c Model)                                                                                                                                                                                                                                                                                                                                                                                                                                                                                                                                                                                                                                            ;
+---------------+--------------+---------------------+---------------------+------------------------------+------------------------------+---------------------+---------------------+--------------------------------------+--------------------------------------+-----------------------------+-----------------------------+----------------------------+----------------------------+-----------------------------+-----------------------------+--------------------+--------------------+-------------------------------------+-------------------------------------+----------------------------+----------------------------+---------------------------+---------------------------+
; Pin           ; I/O Standard ; Board Delay on Rise ; Board Delay on Fall ; Steady State Voh at FPGA Pin ; Steady State Vol at FPGA Pin ; Voh Max at FPGA Pin ; Vol Min at FPGA Pin ; Ringback Voltage on Rise at FPGA Pin ; Ringback Voltage on Fall at FPGA Pin ; 10-90 Rise Time at FPGA Pin ; 90-10 Fall Time at FPGA Pin ; Monotonic Rise at FPGA Pin ; Monotonic Fall at FPGA Pin ; Steady State Voh at Far-end ; Steady State Vol at Far-end ; Voh Max at Far-end ; Vol Min at Far-end ; Ringback Voltage on Rise at Far-end ; Ringback Voltage on Fall at Far-end ; 10-90 Rise Time at Far-end ; 90-10 Fall Time at Far-end ; Monotonic Rise at Far-end ; Monotonic Fall at Far-end ;
+---------------+--------------+---------------------+---------------------+------------------------------+------------------------------+---------------------+---------------------+--------------------------------------+--------------------------------------+-----------------------------+-----------------------------+----------------------------+----------------------------+-----------------------------+-----------------------------+--------------------+--------------------+-------------------------------------+-------------------------------------+----------------------------+----------------------------+---------------------------+---------------------------+
; tx            ; 2.5 V        ; 0 s                 ; 0 s                 ; 2.32 V                       ; 7.29e-09 V                   ; 2.39 V              ; -0.00339 V          ; 0.206 V                              ; 0.007 V                              ; 2.77e-10 s                  ; 3.24e-10 s                  ; Yes                        ; Yes                        ; 2.32 V                      ; 7.29e-09 V                  ; 2.39 V             ; -0.00339 V         ; 0.206 V                             ; 0.007 V                             ; 2.77e-10 s                 ; 3.24e-10 s                 ; Yes                       ; Yes                       ;
; busy          ; 2.5 V        ; 0 s                 ; 0 s                 ; 2.32 V                       ; 7.29e-09 V                   ; 2.39 V              ; -0.00339 V          ; 0.206 V                              ; 0.007 V                              ; 2.77e-10 s                  ; 3.24e-10 s                  ; Yes                        ; Yes                        ; 2.32 V                      ; 7.29e-09 V                  ; 2.39 V             ; -0.00339 V         ; 0.206 V                             ; 0.007 V                             ; 2.77e-10 s                 ; 3.24e-10 s                 ; Yes                       ; Yes                       ;
; rec_data[0]   ; 2.5 V        ; 0 s                 ; 0 s                 ; 2.32 V                       ; 5.16e-09 V                   ; 2.37 V              ; -0.00861 V          ; 0.168 V                              ; 0.038 V                              ; 6.79e-10 s                  ; 6.49e-10 s                  ; No                         ; Yes                        ; 2.32 V                      ; 5.16e-09 V                  ; 2.37 V             ; -0.00861 V         ; 0.168 V                             ; 0.038 V                             ; 6.79e-10 s                 ; 6.49e-10 s                 ; No                        ; Yes                       ;
; rec_data[1]   ; 2.5 V        ; 0 s                 ; 0 s                 ; 2.32 V                       ; 7.29e-09 V                   ; 2.34 V              ; -0.00668 V          ; 0.218 V                              ; 0.076 V                              ; 1.92e-09 s                  ; 1.81e-09 s                  ; No                         ; Yes                        ; 2.32 V                      ; 7.29e-09 V                  ; 2.34 V             ; -0.00668 V         ; 0.218 V                             ; 0.076 V                             ; 1.92e-09 s                 ; 1.81e-09 s                 ; No                        ; Yes                       ;
; rec_data[2]   ; 2.5 V        ; 0 s                 ; 0 s                 ; 2.32 V                       ; 5.16e-09 V                   ; 2.37 V              ; -0.00861 V          ; 0.168 V                              ; 0.038 V                              ; 6.79e-10 s                  ; 6.49e-10 s                  ; No                         ; Yes                        ; 2.32 V                      ; 5.16e-09 V                  ; 2.37 V             ; -0.00861 V         ; 0.168 V                             ; 0.038 V                             ; 6.79e-10 s                 ; 6.49e-10 s                 ; No                        ; Yes                       ;
; rec_data[3]   ; 2.5 V        ; 0 s                 ; 0 s                 ; 2.32 V                       ; 7.29e-09 V                   ; 2.39 V              ; -0.00339 V          ; 0.206 V                              ; 0.007 V                              ; 2.77e-10 s                  ; 3.24e-10 s                  ; Yes                        ; Yes                        ; 2.32 V                      ; 7.29e-09 V                  ; 2.39 V             ; -0.00339 V         ; 0.206 V                             ; 0.007 V                             ; 2.77e-10 s                 ; 3.24e-10 s                 ; Yes                       ; Yes                       ;
; rec_data[4]   ; 2.5 V        ; 0 s                 ; 0 s                 ; 2.32 V                       ; 7.29e-09 V                   ; 2.39 V              ; -0.00317 V          ; 0.179 V                              ; 0.007 V                              ; 4.7e-10 s                   ; 4.72e-10 s                  ; No                         ; Yes                        ; 2.32 V                      ; 7.29e-09 V                  ; 2.39 V             ; -0.00317 V         ; 0.179 V                             ; 0.007 V                             ; 4.7e-10 s                  ; 4.72e-10 s                 ; No                        ; Yes                       ;
; rec_data[5]   ; 2.5 V        ; 0 s                 ; 0 s                 ; 2.32 V                       ; 7.29e-09 V                   ; 2.39 V              ; -0.00339 V          ; 0.206 V                              ; 0.007 V                              ; 2.77e-10 s                  ; 3.24e-10 s                  ; Yes                        ; Yes                        ; 2.32 V                      ; 7.29e-09 V                  ; 2.39 V             ; -0.00339 V         ; 0.206 V                             ; 0.007 V                             ; 2.77e-10 s                 ; 3.24e-10 s                 ; Yes                       ; Yes                       ;
; rec_data[6]   ; 2.5 V        ; 0 s                 ; 0 s                 ; 2.32 V                       ; 7.29e-09 V                   ; 2.39 V              ; -0.00317 V          ; 0.179 V                              ; 0.007 V                              ; 4.7e-10 s                   ; 4.72e-10 s                  ; No                         ; Yes                        ; 2.32 V                      ; 7.29e-09 V                  ; 2.39 V             ; -0.00317 V         ; 0.179 V                             ; 0.007 V                             ; 4.7e-10 s                  ; 4.72e-10 s                 ; No                        ; Yes                       ;
; rec_new_data  ; 2.5 V        ; 0 s                 ; 0 s                 ; 2.32 V                       ; 7.29e-09 V                   ; 2.39 V              ; -0.00317 V          ; 0.179 V                              ; 0.007 V                              ; 4.7e-10 s                   ; 4.72e-10 s                  ; No                         ; Yes                        ; 2.32 V                      ; 7.29e-09 V                  ; 2.39 V             ; -0.00317 V         ; 0.179 V                             ; 0.007 V                             ; 4.7e-10 s                  ; 4.72e-10 s                 ; No                        ; Yes                       ;
; correct_data  ; 2.5 V        ; 0 s                 ; 0 s                 ; 2.32 V                       ; 7.29e-09 V                   ; 2.39 V              ; -0.00317 V          ; 0.179 V                              ; 0.007 V                              ; 4.7e-10 s                   ; 4.72e-10 s                  ; No                         ; Yes                        ; 2.32 V                      ; 7.29e-09 V                  ; 2.39 V             ; -0.00317 V         ; 0.179 V                             ; 0.007 V                             ; 4.7e-10 s                  ; 4.72e-10 s                 ; No                        ; Yes                       ;
; ~ALTERA_NCEO~ ; 2.5 V        ; 0 s                 ; 0 s                 ; 2.32 V                       ; 4.76e-09 V                   ; 2.4 V               ; -0.034 V            ; 0.102 V                              ; 0.065 V                              ; 2.49e-10 s                  ; 3.49e-10 s                  ; Yes                        ; Yes                        ; 2.32 V                      ; 4.76e-09 V                  ; 2.4 V              ; -0.034 V           ; 0.102 V                             ; 0.065 V                             ; 2.49e-10 s                 ; 3.49e-10 s                 ; Yes                       ; Yes                       ;
; ~ALTERA_DCLK~ ; 2.5 V        ; 0 s                 ; 0 s                 ; 2.32 V                       ; 5.94e-09 V                   ; 2.39 V              ; -0.0344 V           ; 0.156 V                              ; 0.089 V                              ; 2.68e-10 s                  ; 2.6e-10 s                   ; Yes                        ; Yes                        ; 2.32 V                      ; 5.94e-09 V                  ; 2.39 V             ; -0.0344 V          ; 0.156 V                             ; 0.089 V                             ; 2.68e-10 s                 ; 2.6e-10 s                  ; Yes                       ; Yes                       ;
+---------------+--------------+---------------------+---------------------+------------------------------+------------------------------+---------------------+---------------------+--------------------------------------+--------------------------------------+-----------------------------+-----------------------------+----------------------------+----------------------------+-----------------------------+-----------------------------+--------------------+--------------------+-------------------------------------+-------------------------------------+----------------------------+----------------------------+---------------------------+---------------------------+


+--------------------------------------------------------------------------------------------------------------------------------------------------------------------------------------------------------------------------------------------------------------------------------------------------------------------------------------------------------------------------------------------------------------------------------------------------------------------------------------------------------------------------------------------------------------------------------------------------------------------------------------------------------------------------------------------+
; Signal Integrity Metrics (Slow 1200mv 85c Model)                                                                                                                                                                                                                                                                                                                                                                                                                                                                                                                                                                                                                                           ;
+---------------+--------------+---------------------+---------------------+------------------------------+------------------------------+---------------------+---------------------+--------------------------------------+--------------------------------------+-----------------------------+-----------------------------+----------------------------+----------------------------+-----------------------------+-----------------------------+--------------------+--------------------+-------------------------------------+-------------------------------------+----------------------------+----------------------------+---------------------------+---------------------------+
; Pin           ; I/O Standard ; Board Delay on Rise ; Board Delay on Fall ; Steady State Voh at FPGA Pin ; Steady State Vol at FPGA Pin ; Voh Max at FPGA Pin ; Vol Min at FPGA Pin ; Ringback Voltage on Rise at FPGA Pin ; Ringback Voltage on Fall at FPGA Pin ; 10-90 Rise Time at FPGA Pin ; 90-10 Fall Time at FPGA Pin ; Monotonic Rise at FPGA Pin ; Monotonic Fall at FPGA Pin ; Steady State Voh at Far-end ; Steady State Vol at Far-end ; Voh Max at Far-end ; Vol Min at Far-end ; Ringback Voltage on Rise at Far-end ; Ringback Voltage on Fall at Far-end ; 10-90 Rise Time at Far-end ; 90-10 Fall Time at Far-end ; Monotonic Rise at Far-end ; Monotonic Fall at Far-end ;
+---------------+--------------+---------------------+---------------------+------------------------------+------------------------------+---------------------+---------------------+--------------------------------------+--------------------------------------+-----------------------------+-----------------------------+----------------------------+----------------------------+-----------------------------+-----------------------------+--------------------+--------------------+-------------------------------------+-------------------------------------+----------------------------+----------------------------+---------------------------+---------------------------+
; tx            ; 2.5 V        ; 0 s                 ; 0 s                 ; 2.32 V                       ; 1.21e-06 V                   ; 2.37 V              ; -0.00606 V          ; 0.107 V                              ; 0.021 V                              ; 4.26e-10 s                  ; 4.03e-10 s                  ; Yes                        ; Yes                        ; 2.32 V                      ; 1.21e-06 V                  ; 2.37 V             ; -0.00606 V         ; 0.107 V                             ; 0.021 V                             ; 4.26e-10 s                 ; 4.03e-10 s                 ; Yes                       ; Yes                       ;
; busy          ; 2.5 V        ; 0 s                 ; 0 s                 ; 2.32 V                       ; 1.21e-06 V                   ; 2.37 V              ; -0.00606 V          ; 0.107 V                              ; 0.021 V                              ; 4.26e-10 s                  ; 4.03e-10 s                  ; Yes                        ; Yes                        ; 2.32 V                      ; 1.21e-06 V                  ; 2.37 V             ; -0.00606 V         ; 0.107 V                             ; 0.021 V                             ; 4.26e-10 s                 ; 4.03e-10 s                 ; Yes                       ; Yes                       ;
; rec_data[0]   ; 2.5 V        ; 0 s                 ; 0 s                 ; 2.32 V                       ; 8.13e-07 V                   ; 2.35 V              ; -0.00662 V          ; 0.129 V                              ; 0.049 V                              ; 8.55e-10 s                  ; 8.01e-10 s                  ; No                         ; Yes                        ; 2.32 V                      ; 8.13e-07 V                  ; 2.35 V             ; -0.00662 V         ; 0.129 V                             ; 0.049 V                             ; 8.55e-10 s                 ; 8.01e-10 s                 ; No                        ; Yes                       ;
; rec_data[1]   ; 2.5 V        ; 0 s                 ; 0 s                 ; 2.32 V                       ; 1.21e-06 V                   ; 2.33 V              ; -0.00286 V          ; 0.193 V                              ; 0.042 V                              ; 2.32e-09 s                  ; 2.21e-09 s                  ; Yes                        ; Yes                        ; 2.32 V                      ; 1.21e-06 V                  ; 2.33 V             ; -0.00286 V         ; 0.193 V                             ; 0.042 V                             ; 2.32e-09 s                 ; 2.21e-09 s                 ; Yes                       ; Yes                       ;
; rec_data[2]   ; 2.5 V        ; 0 s                 ; 0 s                 ; 2.32 V                       ; 8.13e-07 V                   ; 2.35 V              ; -0.00662 V          ; 0.129 V                              ; 0.049 V                              ; 8.55e-10 s                  ; 8.01e-10 s                  ; No                         ; Yes                        ; 2.32 V                      ; 8.13e-07 V                  ; 2.35 V             ; -0.00662 V         ; 0.129 V                             ; 0.049 V                             ; 8.55e-10 s                 ; 8.01e-10 s                 ; No                        ; Yes                       ;
; rec_data[3]   ; 2.5 V        ; 0 s                 ; 0 s                 ; 2.32 V                       ; 1.21e-06 V                   ; 2.37 V              ; -0.00606 V          ; 0.107 V                              ; 0.021 V                              ; 4.26e-10 s                  ; 4.03e-10 s                  ; Yes                        ; Yes                        ; 2.32 V                      ; 1.21e-06 V                  ; 2.37 V             ; -0.00606 V         ; 0.107 V                             ; 0.021 V                             ; 4.26e-10 s                 ; 4.03e-10 s                 ; Yes                       ; Yes                       ;
; rec_data[4]   ; 2.5 V        ; 0 s                 ; 0 s                 ; 2.32 V                       ; 1.21e-06 V                   ; 2.36 V              ; -0.00833 V          ; 0.113 V                              ; 0.035 V                              ; 6.32e-10 s                  ; 5.89e-10 s                  ; No                         ; Yes                        ; 2.32 V                      ; 1.21e-06 V                  ; 2.36 V             ; -0.00833 V         ; 0.113 V                             ; 0.035 V                             ; 6.32e-10 s                 ; 5.89e-10 s                 ; No                        ; Yes                       ;
; rec_data[5]   ; 2.5 V        ; 0 s                 ; 0 s                 ; 2.32 V                       ; 1.21e-06 V                   ; 2.37 V              ; -0.00606 V          ; 0.107 V                              ; 0.021 V                              ; 4.26e-10 s                  ; 4.03e-10 s                  ; Yes                        ; Yes                        ; 2.32 V                      ; 1.21e-06 V                  ; 2.37 V             ; -0.00606 V         ; 0.107 V                             ; 0.021 V                             ; 4.26e-10 s                 ; 4.03e-10 s                 ; Yes                       ; Yes                       ;
; rec_data[6]   ; 2.5 V        ; 0 s                 ; 0 s                 ; 2.32 V                       ; 1.21e-06 V                   ; 2.36 V              ; -0.00833 V          ; 0.113 V                              ; 0.035 V                              ; 6.32e-10 s                  ; 5.89e-10 s                  ; No                         ; Yes                        ; 2.32 V                      ; 1.21e-06 V                  ; 2.36 V             ; -0.00833 V         ; 0.113 V                             ; 0.035 V                             ; 6.32e-10 s                 ; 5.89e-10 s                 ; No                        ; Yes                       ;
; rec_new_data  ; 2.5 V        ; 0 s                 ; 0 s                 ; 2.32 V                       ; 1.21e-06 V                   ; 2.36 V              ; -0.00833 V          ; 0.113 V                              ; 0.035 V                              ; 6.32e-10 s                  ; 5.89e-10 s                  ; No                         ; Yes                        ; 2.32 V                      ; 1.21e-06 V                  ; 2.36 V             ; -0.00833 V         ; 0.113 V                             ; 0.035 V                             ; 6.32e-10 s                 ; 5.89e-10 s                 ; No                        ; Yes                       ;
; correct_data  ; 2.5 V        ; 0 s                 ; 0 s                 ; 2.32 V                       ; 1.21e-06 V                   ; 2.36 V              ; -0.00833 V          ; 0.113 V                              ; 0.035 V                              ; 6.32e-10 s                  ; 5.89e-10 s                  ; No                         ; Yes                        ; 2.32 V                      ; 1.21e-06 V                  ; 2.36 V             ; -0.00833 V         ; 0.113 V                             ; 0.035 V                             ; 6.32e-10 s                 ; 5.89e-10 s                 ; No                        ; Yes                       ;
; ~ALTERA_NCEO~ ; 2.5 V        ; 0 s                 ; 0 s                 ; 2.32 V                       ; 7.93e-07 V                   ; 2.37 V              ; -0.0278 V           ; 0.106 V                              ; 0.115 V                              ; 2.69e-10 s                  ; 4.05e-10 s                  ; Yes                        ; Yes                        ; 2.32 V                      ; 7.93e-07 V                  ; 2.37 V             ; -0.0278 V          ; 0.106 V                             ; 0.115 V                             ; 2.69e-10 s                 ; 4.05e-10 s                 ; Yes                       ; Yes                       ;
; ~ALTERA_DCLK~ ; 2.5 V        ; 0 s                 ; 0 s                 ; 2.32 V                       ; 9.76e-07 V                   ; 2.36 V              ; -0.00439 V          ; 0.088 V                              ; 0.007 V                              ; 4.05e-10 s                  ; 3.35e-10 s                  ; Yes                        ; Yes                        ; 2.32 V                      ; 9.76e-07 V                  ; 2.36 V             ; -0.00439 V         ; 0.088 V                             ; 0.007 V                             ; 4.05e-10 s                 ; 3.35e-10 s                 ; Yes                       ; Yes                       ;
+---------------+--------------+---------------------+---------------------+------------------------------+------------------------------+---------------------+---------------------+--------------------------------------+--------------------------------------+-----------------------------+-----------------------------+----------------------------+----------------------------+-----------------------------+-----------------------------+--------------------+--------------------+-------------------------------------+-------------------------------------+----------------------------+----------------------------+---------------------------+---------------------------+


+--------------------------------------------------------------------------------------------------------------------------------------------------------------------------------------------------------------------------------------------------------------------------------------------------------------------------------------------------------------------------------------------------------------------------------------------------------------------------------------------------------------------------------------------------------------------------------------------------------------------------------------------------------------------------------------------+
; Signal Integrity Metrics (Fast 1200mv 0c Model)                                                                                                                                                                                                                                                                                                                                                                                                                                                                                                                                                                                                                                            ;
+---------------+--------------+---------------------+---------------------+------------------------------+------------------------------+---------------------+---------------------+--------------------------------------+--------------------------------------+-----------------------------+-----------------------------+----------------------------+----------------------------+-----------------------------+-----------------------------+--------------------+--------------------+-------------------------------------+-------------------------------------+----------------------------+----------------------------+---------------------------+---------------------------+
; Pin           ; I/O Standard ; Board Delay on Rise ; Board Delay on Fall ; Steady State Voh at FPGA Pin ; Steady State Vol at FPGA Pin ; Voh Max at FPGA Pin ; Vol Min at FPGA Pin ; Ringback Voltage on Rise at FPGA Pin ; Ringback Voltage on Fall at FPGA Pin ; 10-90 Rise Time at FPGA Pin ; 90-10 Fall Time at FPGA Pin ; Monotonic Rise at FPGA Pin ; Monotonic Fall at FPGA Pin ; Steady State Voh at Far-end ; Steady State Vol at Far-end ; Voh Max at Far-end ; Vol Min at Far-end ; Ringback Voltage on Rise at Far-end ; Ringback Voltage on Fall at Far-end ; 10-90 Rise Time at Far-end ; 90-10 Fall Time at Far-end ; Monotonic Rise at Far-end ; Monotonic Fall at Far-end ;
+---------------+--------------+---------------------+---------------------+------------------------------+------------------------------+---------------------+---------------------+--------------------------------------+--------------------------------------+-----------------------------+-----------------------------+----------------------------+----------------------------+-----------------------------+-----------------------------+--------------------+--------------------+-------------------------------------+-------------------------------------+----------------------------+----------------------------+---------------------------+---------------------------+
; tx            ; 2.5 V        ; 0 s                 ; 0 s                 ; 2.62 V                       ; 4.66e-08 V                   ; 2.73 V              ; -0.0205 V           ; 0.17 V                               ; 0.027 V                              ; 2.58e-10 s                  ; 2.57e-10 s                  ; Yes                        ; Yes                        ; 2.62 V                      ; 4.66e-08 V                  ; 2.73 V             ; -0.0205 V          ; 0.17 V                              ; 0.027 V                             ; 2.58e-10 s                 ; 2.57e-10 s                 ; Yes                       ; Yes                       ;
; busy          ; 2.5 V        ; 0 s                 ; 0 s                 ; 2.62 V                       ; 4.66e-08 V                   ; 2.73 V              ; -0.0205 V           ; 0.17 V                               ; 0.027 V                              ; 2.58e-10 s                  ; 2.57e-10 s                  ; Yes                        ; Yes                        ; 2.62 V                      ; 4.66e-08 V                  ; 2.73 V             ; -0.0205 V          ; 0.17 V                              ; 0.027 V                             ; 2.58e-10 s                 ; 2.57e-10 s                 ; Yes                       ; Yes                       ;
; rec_data[0]   ; 2.5 V        ; 0 s                 ; 0 s                 ; 2.62 V                       ; 3.16e-08 V                   ; 2.71 V              ; -0.0171 V           ; 0.273 V                              ; 0.065 V                              ; 4.95e-10 s                  ; 5.37e-10 s                  ; No                         ; Yes                        ; 2.62 V                      ; 3.16e-08 V                  ; 2.71 V             ; -0.0171 V          ; 0.273 V                             ; 0.065 V                             ; 4.95e-10 s                 ; 5.37e-10 s                 ; No                        ; Yes                       ;
; rec_data[1]   ; 2.5 V        ; 0 s                 ; 0 s                 ; 2.62 V                       ; 4.66e-08 V                   ; 2.65 V              ; -0.0115 V           ; 0.219 V                              ; 0.115 V                              ; 1.64e-09 s                  ; 1.57e-09 s                  ; No                         ; Yes                        ; 2.62 V                      ; 4.66e-08 V                  ; 2.65 V             ; -0.0115 V          ; 0.219 V                             ; 0.115 V                             ; 1.64e-09 s                 ; 1.57e-09 s                 ; No                        ; Yes                       ;
; rec_data[2]   ; 2.5 V        ; 0 s                 ; 0 s                 ; 2.62 V                       ; 3.16e-08 V                   ; 2.71 V              ; -0.0171 V           ; 0.273 V                              ; 0.065 V                              ; 4.95e-10 s                  ; 5.37e-10 s                  ; No                         ; Yes                        ; 2.62 V                      ; 3.16e-08 V                  ; 2.71 V             ; -0.0171 V          ; 0.273 V                             ; 0.065 V                             ; 4.95e-10 s                 ; 5.37e-10 s                 ; No                        ; Yes                       ;
; rec_data[3]   ; 2.5 V        ; 0 s                 ; 0 s                 ; 2.62 V                       ; 4.66e-08 V                   ; 2.73 V              ; -0.0205 V           ; 0.17 V                               ; 0.027 V                              ; 2.58e-10 s                  ; 2.57e-10 s                  ; Yes                        ; Yes                        ; 2.62 V                      ; 4.66e-08 V                  ; 2.73 V             ; -0.0205 V          ; 0.17 V                              ; 0.027 V                             ; 2.58e-10 s                 ; 2.57e-10 s                 ; Yes                       ; Yes                       ;
; rec_data[4]   ; 2.5 V        ; 0 s                 ; 0 s                 ; 2.62 V                       ; 4.66e-08 V                   ; 2.72 V              ; -0.0215 V           ; 0.161 V                              ; 0.061 V                              ; 4.44e-10 s                  ; 4.06e-10 s                  ; No                         ; Yes                        ; 2.62 V                      ; 4.66e-08 V                  ; 2.72 V             ; -0.0215 V          ; 0.161 V                             ; 0.061 V                             ; 4.44e-10 s                 ; 4.06e-10 s                 ; No                        ; Yes                       ;
; rec_data[5]   ; 2.5 V        ; 0 s                 ; 0 s                 ; 2.62 V                       ; 4.66e-08 V                   ; 2.73 V              ; -0.0205 V           ; 0.17 V                               ; 0.027 V                              ; 2.58e-10 s                  ; 2.57e-10 s                  ; Yes                        ; Yes                        ; 2.62 V                      ; 4.66e-08 V                  ; 2.73 V             ; -0.0205 V          ; 0.17 V                              ; 0.027 V                             ; 2.58e-10 s                 ; 2.57e-10 s                 ; Yes                       ; Yes                       ;
; rec_data[6]   ; 2.5 V        ; 0 s                 ; 0 s                 ; 2.62 V                       ; 4.66e-08 V                   ; 2.72 V              ; -0.0215 V           ; 0.161 V                              ; 0.061 V                              ; 4.44e-10 s                  ; 4.06e-10 s                  ; No                         ; Yes                        ; 2.62 V                      ; 4.66e-08 V                  ; 2.72 V             ; -0.0215 V          ; 0.161 V                             ; 0.061 V                             ; 4.44e-10 s                 ; 4.06e-10 s                 ; No                        ; Yes                       ;
; rec_new_data  ; 2.5 V        ; 0 s                 ; 0 s                 ; 2.62 V                       ; 4.66e-08 V                   ; 2.72 V              ; -0.0215 V           ; 0.161 V                              ; 0.061 V                              ; 4.44e-10 s                  ; 4.06e-10 s                  ; No                         ; Yes                        ; 2.62 V                      ; 4.66e-08 V                  ; 2.72 V             ; -0.0215 V          ; 0.161 V                             ; 0.061 V                             ; 4.44e-10 s                 ; 4.06e-10 s                 ; No                        ; Yes                       ;
; correct_data  ; 2.5 V        ; 0 s                 ; 0 s                 ; 2.62 V                       ; 4.66e-08 V                   ; 2.72 V              ; -0.0215 V           ; 0.161 V                              ; 0.061 V                              ; 4.44e-10 s                  ; 4.06e-10 s                  ; No                         ; Yes                        ; 2.62 V                      ; 4.66e-08 V                  ; 2.72 V             ; -0.0215 V          ; 0.161 V                             ; 0.061 V                             ; 4.44e-10 s                 ; 4.06e-10 s                 ; No                        ; Yes                       ;
; ~ALTERA_NCEO~ ; 2.5 V        ; 0 s                 ; 0 s                 ; 2.62 V                       ; 3.06e-08 V                   ; 2.86 V              ; -0.0341 V           ; 0.364 V                              ; 0.046 V                              ; 1.17e-10 s                  ; 2.6e-10 s                   ; No                         ; Yes                        ; 2.62 V                      ; 3.06e-08 V                  ; 2.86 V             ; -0.0341 V          ; 0.364 V                             ; 0.046 V                             ; 1.17e-10 s                 ; 2.6e-10 s                  ; No                        ; Yes                       ;
; ~ALTERA_DCLK~ ; 2.5 V        ; 0 s                 ; 0 s                 ; 2.62 V                       ; 3.81e-08 V                   ; 2.72 V              ; -0.0542 V           ; 0.144 V                              ; 0.087 V                              ; 2.55e-10 s                  ; 2.14e-10 s                  ; Yes                        ; Yes                        ; 2.62 V                      ; 3.81e-08 V                  ; 2.72 V             ; -0.0542 V          ; 0.144 V                             ; 0.087 V                             ; 2.55e-10 s                 ; 2.14e-10 s                 ; Yes                       ; Yes                       ;
+---------------+--------------+---------------------+---------------------+------------------------------+------------------------------+---------------------+---------------------+--------------------------------------+--------------------------------------+-----------------------------+-----------------------------+----------------------------+----------------------------+-----------------------------+-----------------------------+--------------------+--------------------+-------------------------------------+-------------------------------------+----------------------------+----------------------------+---------------------------+---------------------------+


+-------------------------------------------------------------------+
; Setup Transfers                                                   ;
+------------+----------+----------+----------+----------+----------+
; From Clock ; To Clock ; RR Paths ; FR Paths ; RF Paths ; FF Paths ;
+------------+----------+----------+----------+----------+----------+
; clk        ; clk      ; 887      ; 0        ; 0        ; 0        ;
+------------+----------+----------+----------+----------+----------+
Entries labeled "false path" only account for clock-to-clock false paths and not path-based false paths. As a result, actual path counts may be lower than reported.


+-------------------------------------------------------------------+
; Hold Transfers                                                    ;
+------------+----------+----------+----------+----------+----------+
; From Clock ; To Clock ; RR Paths ; FR Paths ; RF Paths ; FF Paths ;
+------------+----------+----------+----------+----------+----------+
; clk        ; clk      ; 887      ; 0        ; 0        ; 0        ;
+------------+----------+----------+----------+----------+----------+
Entries labeled "false path" only account for clock-to-clock false paths and not path-based false paths. As a result, actual path counts may be lower than reported.


---------------
; Report TCCS ;
---------------
No dedicated SERDES Transmitter circuitry present in device or used in design


---------------
; Report RSKM ;
---------------
No dedicated SERDES Receiver circuitry present in device or used in design


+------------------------------------------------+
; Unconstrained Paths                            ;
+---------------------------------+-------+------+
; Property                        ; Setup ; Hold ;
+---------------------------------+-------+------+
; Illegal Clocks                  ; 0     ; 0    ;
; Unconstrained Clocks            ; 0     ; 0    ;
; Unconstrained Input Ports       ; 9     ; 9    ;
; Unconstrained Input Port Paths  ; 85    ; 85   ;
; Unconstrained Output Ports      ; 11    ; 11   ;
; Unconstrained Output Port Paths ; 24    ; 24   ;
+---------------------------------+-------+------+


+------------------------------------+
; TimeQuest Timing Analyzer Messages ;
+------------------------------------+
Info: *******************************************************************
Info: Running Quartus II 64-Bit TimeQuest Timing Analyzer
    Info: Version 13.0.1 Build 232 06/12/2013 Service Pack 1 SJ Web Edition
    Info: Processing started: Sun Aug 23 19:22:57 2026
Info: Command: quartus_sta q7 -c q7
Info: qsta_default_script.tcl version: #1
Warning (20028): Parallel compilation is not licensed and has been disabled
Info (21076): High junction temperature operating condition is not set. Assuming a default value of '85'.
Info (21076): Low junction temperature operating condition is not set. Assuming a default value of '0'.
Critical Warning (332012): Synopsys Design Constraints File file not found: 'q7.sdc'. A Synopsys Design Constraints File is required by the TimeQuest Timing Analyzer to get proper timing constraints. Without it, the Compiler will not properly optimize the design.
Info (332142): No user constrained base clocks found in the design. Calling "derive_clocks -period 1.0"
Info (332105): Deriving Clocks
    Info (332105): create_clock -period 1.000 -name clk clk
Info (332143): No user constrained clock uncertainty found in the design. Calling "derive_clock_uncertainty"
Info (332123): Deriving Clock Uncertainty. Please refer to report_sdc in TimeQuest to see clock uncertainties.
Info: Found TIMEQUEST_REPORT_SCRIPT_INCLUDE_DEFAULT_ANALYSIS = ON
Info: Analyzing Slow 1200mV 85C Model
Critical Warning (332148): Timing requirements not met
    Info (11105): For recommendations on closing timing, run Report Timing Closure Recommendations in the TimeQuest Timing Analyzer.
Info (332146): Worst-case setup slack is -1.625
    Info (332119):     Slack End Point TNS Clock 
    Info (332119): ========= ============= =====================
    Info (332119):    -1.625       -75.322 clk 
Info (332146): Worst-case hold slack is 0.246
    Info (332119):     Slack End Point TNS Clock 
    Info (332119): ========= ============= =====================
    Info (332119):     0.246         0.000 clk 
Info (332140): No Recovery paths to report
Info (332140): No Removal paths to report
Info (332146): Worst-case minimum pulse width slack is -3.000
    Info (332119):     Slack End Point TNS Clock 
    Info (332119): ========= ============= =====================
    Info (332119):    -3.000       -64.000 clk 
Info: Analyzing Slow 1200mV 0C Model
Info (334003): Started post-fitting delay annotation
Info (334004): Delay annotation completed successfully
Info (332123): Deriving Clock Uncertainty. Please refer to report_sdc in TimeQuest to see clock uncertainties.
Critical Warning (332148): Timing requirements not met
    Info (11105): For recommendations on closing timing, run Report Timing Closure Recommendations in the TimeQuest Timing Analyzer.
Info (332146): Worst-case setup slack is -1.372
    Info (332119):     Slack End Point TNS Clock 
    Info (332119): ========= ============= =====================
    Info (332119):    -1.372       -61.530 clk 
Info (332146): Worst-case hold slack is 0.221
    Info (332119):     Slack End Point TNS Clock 
    Info (332119): ========= ============= =====================
    Info (332119):     0.221         0.000 clk 
Info (332140): No Recovery paths to report
Info (332140): No Removal paths to report
Info (332146): Worst-case minimum pulse width slack is -3.000
    Info (332119):     Slack End Point TNS Clock 
    Info (332119): ========= ============= =====================
    Info (332119):    -3.000       -64.000 clk 
Info: Analyzing Fast 1200mV 0C Model
Info (332123): Deriving Clock Uncertainty. Please refer to report_sdc in TimeQuest to see clock uncertainties.
Critical Warning (332148): Timing requirements not met
    Info (11105): For recommendations on closing timing, run Report Timing Closure Recommendations in the TimeQuest Timing Analyzer.
Info (332146): Worst-case setup slack is -0.445
    Info (332119):     Slack End Point TNS Clock 
    Info (332119): ========= ============= =====================
    Info (332119):    -0.445       -15.638 clk 
Info (332146): Worst-case hold slack is 0.131
    Info (332119):     Slack End Point TNS Clock 
    Info (332119): ========= ============= =====================
    Info (332119):     0.131         0.000 clk 
Info (332140): No Recovery paths to report
Info (332140): No Removal paths to report
Info (332146): Worst-case minimum pulse width slack is -3.000
    Info (332119):     Slack End Point TNS Clock 
    Info (332119): ========= ============= =====================
    Info (332119):    -3.000       -66.122 clk 
Info (332102): Design is not fully constrained for setup requirements
Info (332102): Design is not fully constrained for hold requirements
Info: Quartus II 64-Bit TimeQuest Timing Analyzer was successful. 0 errors, 5 warnings
    Info: Peak virtual memory: 4593 megabytes
    Info: Processing ended: Sun Aug 23 19:23:00 2026
    Info: Elapsed time: 00:00:03
    Info: Total CPU time (on all processors): 00:00:02


