TimeQuest Timing Analyzer report for q5
Sat Aug 15 23:58:39 2026
Quartus II 64-Bit Version 13.0.1 Build 232 06/12/2013 Service Pack 1 SJ Web Edition


---------------------
; Table of Contents ;
---------------------
  1. Legal Notice
  2. TimeQuest Timing Analyzer Summary
  3. Parallel Compilation
  4. Clocks
  5. Slow 1200mV 85C Model Fmax Summary
  6. Timing Closure Recommendations
  7. Slow 1200mV 85C Model Setup Summary
  8. Slow 1200mV 85C Model Hold Summary
  9. Slow 1200mV 85C Model Recovery Summary
 10. Slow 1200mV 85C Model Removal Summary
 11. Slow 1200mV 85C Model Minimum Pulse Width Summary
 12. Slow 1200mV 85C Model Setup: 'Clk'
 13. Slow 1200mV 85C Model Hold: 'Clk'
 14. Slow 1200mV 85C Model Minimum Pulse Width: 'Clk'
 15. Setup Times
 16. Hold Times
 17. Clock to Output Times
 18. Minimum Clock to Output Times
 19. Slow 1200mV 85C Model Metastability Report
 20. Slow 1200mV 0C Model Fmax Summary
 21. Slow 1200mV 0C Model Setup Summary
 22. Slow 1200mV 0C Model Hold Summary
 23. Slow 1200mV 0C Model Recovery Summary
 24. Slow 1200mV 0C Model Removal Summary
 25. Slow 1200mV 0C Model Minimum Pulse Width Summary
 26. Slow 1200mV 0C Model Setup: 'Clk'
 27. Slow 1200mV 0C Model Hold: 'Clk'
 28. Slow 1200mV 0C Model Minimum Pulse Width: 'Clk'
 29. Setup Times
 30. Hold Times
 31. Clock to Output Times
 32. Minimum Clock to Output Times
 33. Slow 1200mV 0C Model Metastability Report
 34. Fast 1200mV 0C Model Setup Summary
 35. Fast 1200mV 0C Model Hold Summary
 36. Fast 1200mV 0C Model Recovery Summary
 37. Fast 1200mV 0C Model Removal Summary
 38. Fast 1200mV 0C Model Minimum Pulse Width Summary
 39. Fast 1200mV 0C Model Setup: 'Clk'
 40. Fast 1200mV 0C Model Hold: 'Clk'
 41. Fast 1200mV 0C Model Minimum Pulse Width: 'Clk'
 42. Setup Times
 43. Hold Times
 44. Clock to Output Times
 45. Minimum Clock to Output Times
 46. Fast 1200mV 0C Model Metastability Report
 47. Multicorner Timing Analysis Summary
 48. Setup Times
 49. Hold Times
 50. Clock to Output Times
 51. Minimum Clock to Output Times
 52. Board Trace Model Assignments
 53. Input Transition Times
 54. Signal Integrity Metrics (Slow 1200mv 0c Model)
 55. Signal Integrity Metrics (Slow 1200mv 85c Model)
 56. Signal Integrity Metrics (Fast 1200mv 0c Model)
 57. Setup Transfers
 58. Hold Transfers
 59. Report TCCS
 60. Report RSKM
 61. Unconstrained Paths
 62. TimeQuest Timing Analyzer Messages



----------------
; Legal Notice ;
----------------
Copyright (C) 1991-2013 Altera Corporation
Your use of Altera Corporation's design tools, logic functions 
and other software and tools, and its AMPP partner logic 
functions, and any output files from any of the foregoing 
(including device programming or simulation files), and any 
associated documentation or information are expressly subject 
to the terms and conditions of the Altera Program License 
Subscription Agreement, Altera MegaCore Function License 
Agreement, or other applicable license agreement, including, 
without limitation, that your use is for the sole purpose of 
programming logic devices manufactured by Altera and sold by 
Altera or its authorized distributors.  Please refer to the 
applicable agreement for further details.



+----------------------------------------------------------------------------------------+
; TimeQuest Timing Analyzer Summary                                                      ;
+--------------------+-------------------------------------------------------------------+
; Quartus II Version ; Version 13.0.1 Build 232 06/12/2013 Service Pack 1 SJ Web Edition ;
; Revision Name      ; q5                                                                ;
; Device Family      ; Cyclone IV GX                                                     ;
; Device Name        ; EP4CGX15BF14C6                                                    ;
; Timing Models      ; Final                                                             ;
; Delay Model        ; Combined                                                          ;
; Rise/Fall Delays   ; Enabled                                                           ;
+--------------------+-------------------------------------------------------------------+


Parallel compilation was disabled, but you have multiple processors available. Enable parallel compilation to reduce compilation time.
+-------------------------------------+
; Parallel Compilation                ;
+----------------------------+--------+
; Processors                 ; Number ;
+----------------------------+--------+
; Number detected on machine ; 8      ;
; Maximum allowed            ; 1      ;
+----------------------------+--------+


+---------------------------------------------------------------------------------------------------------------------------------------------------------------------------------+
; Clocks                                                                                                                                                                          ;
+------------+------+--------+------------+-------+-------+------------+-----------+-------------+-------+--------+-----------+------------+----------+--------+--------+---------+
; Clock Name ; Type ; Period ; Frequency  ; Rise  ; Fall  ; Duty Cycle ; Divide by ; Multiply by ; Phase ; Offset ; Edge List ; Edge Shift ; Inverted ; Master ; Source ; Targets ;
+------------+------+--------+------------+-------+-------+------------+-----------+-------------+-------+--------+-----------+------------+----------+--------+--------+---------+
; Clk        ; Base ; 1.000  ; 1000.0 MHz ; 0.000 ; 0.500 ;            ;           ;             ;       ;        ;           ;            ;          ;        ;        ; { Clk } ;
+------------+------+--------+------------+-------+-------+------------+-----------+-------------+-------+--------+-----------+------------+----------+--------+--------+---------+


+--------------------------------------------------+
; Slow 1200mV 85C Model Fmax Summary               ;
+------------+-----------------+------------+------+
; Fmax       ; Restricted Fmax ; Clock Name ; Note ;
+------------+-----------------+------------+------+
; 170.07 MHz ; 170.07 MHz      ; Clk        ;      ;
+------------+-----------------+------------+------+
This panel reports FMAX for every clock in the design, regardless of the user-specified clock periods.  FMAX is only computed for paths where the source and destination registers or ports are driven by the same clock.  Paths of different clocks, including generated clocks, are ignored.  For paths between a clock and its inversion, FMAX is computed as if the rising and falling edges are scaled along with FMAX, such that the duty cycle (in terms of a percentage) is maintained. Altera recommends that you always use clock constraints and other slack reports for sign-off analysis.


----------------------------------
; Timing Closure Recommendations ;
----------------------------------
HTML report is unavailable in plain text report export.


+-------------------------------------+
; Slow 1200mV 85C Model Setup Summary ;
+-------+--------+--------------------+
; Clock ; Slack  ; End Point TNS      ;
+-------+--------+--------------------+
; Clk   ; -4.880 ; -133.394           ;
+-------+--------+--------------------+


+------------------------------------+
; Slow 1200mV 85C Model Hold Summary ;
+-------+-------+--------------------+
; Clock ; Slack ; End Point TNS      ;
+-------+-------+--------------------+
; Clk   ; 0.355 ; 0.000              ;
+-------+-------+--------------------+


------------------------------------------
; Slow 1200mV 85C Model Recovery Summary ;
------------------------------------------
No paths to report.


-----------------------------------------
; Slow 1200mV 85C Model Removal Summary ;
-----------------------------------------
No paths to report.


+---------------------------------------------------+
; Slow 1200mV 85C Model Minimum Pulse Width Summary ;
+-------+--------+----------------------------------+
; Clock ; Slack  ; End Point TNS                    ;
+-------+--------+----------------------------------+
; Clk   ; -3.000 ; -44.000                          ;
+-------+--------+----------------------------------+


+--------------------------------------------------------------------------------------------------------------------------------------------------------------+
; Slow 1200mV 85C Model Setup: 'Clk'                                                                                                                           ;
+--------+----------------------------------------+--------------------------------------+--------------+-------------+--------------+------------+------------+
; Slack  ; From Node                              ; To Node                              ; Launch Clock ; Latch Clock ; Relationship ; Clock Skew ; Data Delay ;
+--------+----------------------------------------+--------------------------------------+--------------+-------------+--------------+------------+------------+
; -4.880 ; booth_datapath:u_datapath|Bmap[6]      ; booth_datapath:u_datapath|Q[2]       ; Clk          ; Clk         ; 1.000        ; -0.064     ; 5.811      ;
; -4.871 ; booth_datapath:u_datapath|Bmap[6]      ; booth_datapath:u_datapath|Q[1]       ; Clk          ; Clk         ; 1.000        ; 0.248      ; 6.114      ;
; -4.845 ; booth_datapath:u_datapath|Bmap[5]      ; booth_datapath:u_datapath|Q[2]       ; Clk          ; Clk         ; 1.000        ; -0.064     ; 5.776      ;
; -4.845 ; booth_datapath:u_datapath|Bmap[5]      ; booth_datapath:u_datapath|Q[1]       ; Clk          ; Clk         ; 1.000        ; 0.248      ; 6.088      ;
; -4.791 ; booth_datapath:u_datapath|Bmap[6]      ; booth_datapath:u_datapath|Q[4]       ; Clk          ; Clk         ; 1.000        ; 0.248      ; 6.034      ;
; -4.756 ; booth_datapath:u_datapath|Bmap[5]      ; booth_datapath:u_datapath|Q[4]       ; Clk          ; Clk         ; 1.000        ; 0.248      ; 5.999      ;
; -4.742 ; booth_datapath:u_datapath|Q[0]         ; booth_datapath:u_datapath|Q[2]       ; Clk          ; Clk         ; 1.000        ; -0.394     ; 5.343      ;
; -4.735 ; booth_datapath:u_datapath|Bmap[6]      ; booth_datapath:u_datapath|A[0]       ; Clk          ; Clk         ; 1.000        ; 0.276      ; 6.006      ;
; -4.735 ; booth_datapath:u_datapath|Bmap[2]      ; booth_datapath:u_datapath|Q[2]       ; Clk          ; Clk         ; 1.000        ; -0.064     ; 5.666      ;
; -4.726 ; booth_datapath:u_datapath|Bmap[2]      ; booth_datapath:u_datapath|Q[1]       ; Clk          ; Clk         ; 1.000        ; 0.248      ; 5.969      ;
; -4.700 ; booth_datapath:u_datapath|Bmap[5]      ; booth_datapath:u_datapath|A[0]       ; Clk          ; Clk         ; 1.000        ; 0.276      ; 5.971      ;
; -4.700 ; booth_datapath:u_datapath|Q_1          ; booth_datapath:u_datapath|Q[2]       ; Clk          ; Clk         ; 1.000        ; -0.394     ; 5.301      ;
; -4.646 ; booth_datapath:u_datapath|Bmap[2]      ; booth_datapath:u_datapath|Q[4]       ; Clk          ; Clk         ; 1.000        ; 0.248      ; 5.889      ;
; -4.629 ; booth_datapath:u_datapath|Bmap[4]      ; booth_datapath:u_datapath|Q[2]       ; Clk          ; Clk         ; 1.000        ; -0.064     ; 5.560      ;
; -4.620 ; booth_datapath:u_datapath|Bmap[4]      ; booth_datapath:u_datapath|Q[1]       ; Clk          ; Clk         ; 1.000        ; 0.248      ; 5.863      ;
; -4.618 ; booth_datapath:u_datapath|Bmap[7]      ; booth_datapath:u_datapath|Q[2]       ; Clk          ; Clk         ; 1.000        ; -0.064     ; 5.549      ;
; -4.609 ; booth_datapath:u_datapath|Bmap[7]      ; booth_datapath:u_datapath|Q[1]       ; Clk          ; Clk         ; 1.000        ; 0.248      ; 5.852      ;
; -4.595 ; booth_datapath:u_datapath|Q[0]         ; booth_datapath:u_datapath|Q[1]       ; Clk          ; Clk         ; 1.000        ; -0.082     ; 5.508      ;
; -4.593 ; booth_datapath:u_datapath|Bmap[3]      ; booth_datapath:u_datapath|Q[2]       ; Clk          ; Clk         ; 1.000        ; -0.064     ; 5.524      ;
; -4.590 ; booth_datapath:u_datapath|Bmap[2]      ; booth_datapath:u_datapath|A[0]       ; Clk          ; Clk         ; 1.000        ; 0.276      ; 5.861      ;
; -4.584 ; booth_datapath:u_datapath|Bmap[3]      ; booth_datapath:u_datapath|Q[1]       ; Clk          ; Clk         ; 1.000        ; 0.248      ; 5.827      ;
; -4.571 ; booth_datapath:u_datapath|Q_1          ; booth_datapath:u_datapath|Q[1]       ; Clk          ; Clk         ; 1.000        ; -0.082     ; 5.484      ;
; -4.570 ; booth_datapath:u_datapath|Q_1          ; booth_datapath:u_datapath|Q[4]       ; Clk          ; Clk         ; 1.000        ; -0.082     ; 5.483      ;
; -4.567 ; booth_datapath:u_datapath|Q[0]         ; booth_datapath:u_datapath|Q[5]       ; Clk          ; Clk         ; 1.000        ; -0.082     ; 5.480      ;
; -4.563 ; booth_datapath:u_datapath|Q[0]         ; booth_datapath:u_datapath|Q[4]       ; Clk          ; Clk         ; 1.000        ; -0.082     ; 5.476      ;
; -4.547 ; booth_datapath:u_datapath|Bmap[6]      ; booth_datapath:u_datapath|A[1]       ; Clk          ; Clk         ; 1.000        ; 0.276      ; 5.818      ;
; -4.540 ; booth_datapath:u_datapath|Bmap[4]      ; booth_datapath:u_datapath|Q[4]       ; Clk          ; Clk         ; 1.000        ; 0.248      ; 5.783      ;
; -4.529 ; booth_datapath:u_datapath|Bmap[7]      ; booth_datapath:u_datapath|Q[4]       ; Clk          ; Clk         ; 1.000        ; 0.248      ; 5.772      ;
; -4.521 ; booth_datapath:u_datapath|Bmap[5]      ; booth_datapath:u_datapath|A[1]       ; Clk          ; Clk         ; 1.000        ; 0.276      ; 5.792      ;
; -4.516 ; booth_datapath:u_datapath|Bmap[1]      ; booth_datapath:u_datapath|Q[2]       ; Clk          ; Clk         ; 1.000        ; -0.064     ; 5.447      ;
; -4.516 ; booth_datapath:u_datapath|Bmap[1]      ; booth_datapath:u_datapath|Q[1]       ; Clk          ; Clk         ; 1.000        ; 0.248      ; 5.759      ;
; -4.514 ; booth_datapath:u_datapath|Q_1          ; booth_datapath:u_datapath|A[0]       ; Clk          ; Clk         ; 1.000        ; -0.054     ; 5.455      ;
; -4.513 ; booth_datapath:u_datapath|Q_1          ; booth_datapath:u_datapath|Q[3]       ; Clk          ; Clk         ; 1.000        ; -0.054     ; 5.454      ;
; -4.509 ; booth_datapath:u_datapath|Bmap[6]      ; booth_datapath:u_datapath|Q[7]       ; Clk          ; Clk         ; 1.000        ; 0.252      ; 5.756      ;
; -4.508 ; booth_datapath:u_datapath|Bmap[6]      ; booth_datapath:u_datapath|Q_1        ; Clk          ; Clk         ; 1.000        ; 0.252      ; 5.755      ;
; -4.507 ; booth_datapath:u_datapath|Q[0]         ; booth_datapath:u_datapath|A[0]       ; Clk          ; Clk         ; 1.000        ; -0.054     ; 5.448      ;
; -4.506 ; booth_datapath:u_datapath|Q[0]         ; booth_datapath:u_datapath|Q[3]       ; Clk          ; Clk         ; 1.000        ; -0.054     ; 5.447      ;
; -4.504 ; booth_datapath:u_datapath|Bmap[3]      ; booth_datapath:u_datapath|Q[4]       ; Clk          ; Clk         ; 1.000        ; 0.248      ; 5.747      ;
; -4.484 ; booth_datapath:u_datapath|Bmap[4]      ; booth_datapath:u_datapath|A[0]       ; Clk          ; Clk         ; 1.000        ; 0.276      ; 5.755      ;
; -4.483 ; booth_datapath:u_datapath|Bmap[5]      ; booth_datapath:u_datapath|Q[7]       ; Clk          ; Clk         ; 1.000        ; 0.252      ; 5.730      ;
; -4.482 ; booth_datapath:u_datapath|Q_1          ; booth_datapath:u_datapath|Q[5]       ; Clk          ; Clk         ; 1.000        ; -0.082     ; 5.395      ;
; -4.482 ; booth_datapath:u_datapath|Bmap[5]      ; booth_datapath:u_datapath|Q_1        ; Clk          ; Clk         ; 1.000        ; 0.252      ; 5.729      ;
; -4.477 ; booth_datapath:u_datapath|Bmap[6]      ; booth_datapath:u_datapath|Q[3]       ; Clk          ; Clk         ; 1.000        ; 0.276      ; 5.748      ;
; -4.473 ; booth_datapath:u_datapath|Bmap[7]      ; booth_datapath:u_datapath|A[0]       ; Clk          ; Clk         ; 1.000        ; 0.276      ; 5.744      ;
; -4.453 ; booth_datapath:u_datapath|Bmap[6]      ; booth_datapath:u_datapath|Bmap[1]    ; Clk          ; Clk         ; 1.000        ; -0.065     ; 5.383      ;
; -4.451 ; booth_datapath:u_datapath|Bmap[5]      ; booth_datapath:u_datapath|Q[3]       ; Clk          ; Clk         ; 1.000        ; 0.276      ; 5.722      ;
; -4.448 ; booth_datapath:u_datapath|Bmap[3]      ; booth_datapath:u_datapath|A[0]       ; Clk          ; Clk         ; 1.000        ; 0.276      ; 5.719      ;
; -4.445 ; booth_datapath:u_datapath|Bmap[6]      ; booth_datapath:u_datapath|Q[5]       ; Clk          ; Clk         ; 1.000        ; 0.248      ; 5.688      ;
; -4.427 ; booth_datapath:u_datapath|Bmap[1]      ; booth_datapath:u_datapath|Q[4]       ; Clk          ; Clk         ; 1.000        ; 0.248      ; 5.670      ;
; -4.426 ; booth_datapath:u_datapath|Bmap[6]      ; booth_datapath:u_datapath|Q[0]       ; Clk          ; Clk         ; 1.000        ; 0.253      ; 5.674      ;
; -4.419 ; booth_datapath:u_datapath|Bmap[5]      ; booth_datapath:u_datapath|Q[5]       ; Clk          ; Clk         ; 1.000        ; 0.248      ; 5.662      ;
; -4.418 ; booth_datapath:u_datapath|Bmap[5]      ; booth_datapath:u_datapath|Bmap[1]    ; Clk          ; Clk         ; 1.000        ; -0.065     ; 5.348      ;
; -4.402 ; booth_datapath:u_datapath|Bmap[2]      ; booth_datapath:u_datapath|A[1]       ; Clk          ; Clk         ; 1.000        ; 0.276      ; 5.673      ;
; -4.394 ; booth_datapath:u_datapath|Q[0]         ; booth_datapath:u_datapath|A[1]       ; Clk          ; Clk         ; 1.000        ; -0.054     ; 5.335      ;
; -4.391 ; booth_datapath:u_datapath|Bmap[5]      ; booth_datapath:u_datapath|Q[0]       ; Clk          ; Clk         ; 1.000        ; 0.253      ; 5.639      ;
; -4.373 ; booth_datapath:u_datapath|Q_1          ; booth_datapath:u_datapath|Q[7]       ; Clk          ; Clk         ; 1.000        ; -0.078     ; 5.290      ;
; -4.373 ; booth_datapath:u_datapath|Q_1          ; booth_datapath:u_datapath|Q_1        ; Clk          ; Clk         ; 1.000        ; -0.078     ; 5.290      ;
; -4.371 ; booth_datapath:u_datapath|Bmap[1]      ; booth_datapath:u_datapath|A[0]       ; Clk          ; Clk         ; 1.000        ; 0.276      ; 5.642      ;
; -4.370 ; booth_datapath:u_datapath|Q_1          ; booth_datapath:u_datapath|A[1]       ; Clk          ; Clk         ; 1.000        ; -0.054     ; 5.311      ;
; -4.366 ; booth_datapath:u_datapath|Q[0]         ; booth_datapath:u_datapath|Q[7]       ; Clk          ; Clk         ; 1.000        ; -0.078     ; 5.283      ;
; -4.366 ; booth_datapath:u_datapath|Q[0]         ; booth_datapath:u_datapath|Q_1        ; Clk          ; Clk         ; 1.000        ; -0.078     ; 5.283      ;
; -4.364 ; booth_datapath:u_datapath|Bmap[2]      ; booth_datapath:u_datapath|Q[7]       ; Clk          ; Clk         ; 1.000        ; 0.252      ; 5.611      ;
; -4.363 ; booth_datapath:u_datapath|Bmap[2]      ; booth_datapath:u_datapath|Q_1        ; Clk          ; Clk         ; 1.000        ; 0.252      ; 5.610      ;
; -4.332 ; booth_datapath:u_datapath|Bmap[2]      ; booth_datapath:u_datapath|Q[3]       ; Clk          ; Clk         ; 1.000        ; 0.276      ; 5.603      ;
; -4.308 ; booth_datapath:u_datapath|Bmap[2]      ; booth_datapath:u_datapath|Bmap[1]    ; Clk          ; Clk         ; 1.000        ; -0.065     ; 5.238      ;
; -4.300 ; booth_datapath:u_datapath|Bmap[2]      ; booth_datapath:u_datapath|Q[5]       ; Clk          ; Clk         ; 1.000        ; 0.248      ; 5.543      ;
; -4.296 ; booth_datapath:u_datapath|Bmap[4]      ; booth_datapath:u_datapath|A[1]       ; Clk          ; Clk         ; 1.000        ; 0.276      ; 5.567      ;
; -4.285 ; booth_datapath:u_datapath|Bmap[7]      ; booth_datapath:u_datapath|A[1]       ; Clk          ; Clk         ; 1.000        ; 0.276      ; 5.556      ;
; -4.281 ; booth_datapath:u_datapath|Bmap[2]      ; booth_datapath:u_datapath|Q[0]       ; Clk          ; Clk         ; 1.000        ; 0.253      ; 5.529      ;
; -4.279 ; booth_datapath:u_datapath|Bmap[6]      ; booth_datapath:u_datapath|A[4]       ; Clk          ; Clk         ; 1.000        ; 0.276      ; 5.550      ;
; -4.260 ; booth_datapath:u_datapath|Bmap[3]      ; booth_datapath:u_datapath|A[1]       ; Clk          ; Clk         ; 1.000        ; 0.276      ; 5.531      ;
; -4.258 ; booth_datapath:u_datapath|Bmap[4]      ; booth_datapath:u_datapath|Q[7]       ; Clk          ; Clk         ; 1.000        ; 0.252      ; 5.505      ;
; -4.257 ; booth_datapath:u_datapath|Bmap[4]      ; booth_datapath:u_datapath|Q_1        ; Clk          ; Clk         ; 1.000        ; 0.252      ; 5.504      ;
; -4.247 ; booth_datapath:u_datapath|Bmap[7]      ; booth_datapath:u_datapath|Q[7]       ; Clk          ; Clk         ; 1.000        ; 0.252      ; 5.494      ;
; -4.246 ; booth_datapath:u_datapath|Bmap[7]      ; booth_datapath:u_datapath|Q_1        ; Clk          ; Clk         ; 1.000        ; 0.252      ; 5.493      ;
; -4.245 ; booth_datapath:u_datapath|Bmap[5]      ; booth_datapath:u_datapath|A[4]       ; Clk          ; Clk         ; 1.000        ; 0.276      ; 5.516      ;
; -4.238 ; booth_datapath:u_datapath|Bmap[6]      ; booth_datapath:u_datapath|A[5]       ; Clk          ; Clk         ; 1.000        ; 0.276      ; 5.509      ;
; -4.226 ; booth_datapath:u_datapath|Bmap[4]      ; booth_datapath:u_datapath|Q[3]       ; Clk          ; Clk         ; 1.000        ; 0.276      ; 5.497      ;
; -4.222 ; booth_datapath:u_datapath|Bmap[3]      ; booth_datapath:u_datapath|Q[7]       ; Clk          ; Clk         ; 1.000        ; 0.252      ; 5.469      ;
; -4.221 ; booth_datapath:u_datapath|Bmap[3]      ; booth_datapath:u_datapath|Q_1        ; Clk          ; Clk         ; 1.000        ; 0.252      ; 5.468      ;
; -4.215 ; booth_datapath:u_datapath|Bmap[7]      ; booth_datapath:u_datapath|Q[3]       ; Clk          ; Clk         ; 1.000        ; 0.276      ; 5.486      ;
; -4.212 ; booth_datapath:u_datapath|Bmap[5]      ; booth_datapath:u_datapath|A[5]       ; Clk          ; Clk         ; 1.000        ; 0.276      ; 5.483      ;
; -4.206 ; booth_datapath:u_datapath|Q_1          ; booth_datapath:u_datapath|A[3]       ; Clk          ; Clk         ; 1.000        ; -0.054     ; 5.147      ;
; -4.205 ; booth_datapath:u_datapath|Q_1          ; booth_datapath:u_datapath|Q[0]       ; Clk          ; Clk         ; 1.000        ; -0.077     ; 5.123      ;
; -4.202 ; booth_datapath:u_datapath|Bmap[4]      ; booth_datapath:u_datapath|Bmap[1]    ; Clk          ; Clk         ; 1.000        ; -0.065     ; 5.132      ;
; -4.199 ; booth_datapath:u_datapath|Remaining[2] ; booth_datapath:u_datapath|Q[2]       ; Clk          ; Clk         ; 1.000        ; -0.065     ; 5.129      ;
; -4.199 ; booth_datapath:u_datapath|Q[0]         ; booth_datapath:u_datapath|A[3]       ; Clk          ; Clk         ; 1.000        ; -0.054     ; 5.140      ;
; -4.198 ; booth_datapath:u_datapath|Remaining[3] ; booth_datapath:u_datapath|Q[2]       ; Clk          ; Clk         ; 1.000        ; -0.065     ; 5.128      ;
; -4.198 ; booth_datapath:u_datapath|Q[0]         ; booth_datapath:u_datapath|Q[0]       ; Clk          ; Clk         ; 1.000        ; -0.077     ; 5.116      ;
; -4.194 ; booth_datapath:u_datapath|Bmap[4]      ; booth_datapath:u_datapath|Q[5]       ; Clk          ; Clk         ; 1.000        ; 0.248      ; 5.437      ;
; -4.192 ; booth_datapath:u_datapath|Bmap[1]      ; booth_datapath:u_datapath|A[1]       ; Clk          ; Clk         ; 1.000        ; 0.276      ; 5.463      ;
; -4.191 ; booth_datapath:u_datapath|Bmap[7]      ; booth_datapath:u_datapath|Bmap[1]    ; Clk          ; Clk         ; 1.000        ; -0.065     ; 5.121      ;
; -4.190 ; booth_datapath:u_datapath|Remaining[2] ; booth_datapath:u_datapath|Q[1]       ; Clk          ; Clk         ; 1.000        ; 0.247      ; 5.432      ;
; -4.190 ; booth_datapath:u_datapath|Bmap[3]      ; booth_datapath:u_datapath|Q[3]       ; Clk          ; Clk         ; 1.000        ; 0.276      ; 5.461      ;
; -4.189 ; booth_datapath:u_datapath|Remaining[3] ; booth_datapath:u_datapath|Q[1]       ; Clk          ; Clk         ; 1.000        ; 0.247      ; 5.431      ;
; -4.183 ; booth_datapath:u_datapath|Bmap[7]      ; booth_datapath:u_datapath|Q[5]       ; Clk          ; Clk         ; 1.000        ; 0.248      ; 5.426      ;
; -4.175 ; booth_datapath:u_datapath|Bmap[4]      ; booth_datapath:u_datapath|Q[0]       ; Clk          ; Clk         ; 1.000        ; 0.253      ; 5.423      ;
; -4.171 ; booth_datapath:u_datapath|Bmap[6]      ; booth_control:u_control|State.REPORT ; Clk          ; Clk         ; 1.000        ; -0.064     ; 5.102      ;
; -4.170 ; booth_datapath:u_datapath|Bmap[6]      ; booth_control:u_control|State.CALC   ; Clk          ; Clk         ; 1.000        ; -0.064     ; 5.101      ;
; -4.166 ; booth_datapath:u_datapath|Bmap[3]      ; booth_datapath:u_datapath|Bmap[1]    ; Clk          ; Clk         ; 1.000        ; -0.065     ; 5.096      ;
+--------+----------------------------------------+--------------------------------------+--------------+-------------+--------------+------------+------------+


+---------------------------------------------------------------------------------------------------------------------------------------------------------------+
; Slow 1200mV 85C Model Hold: 'Clk'                                                                                                                             ;
+-------+----------------------------------------+----------------------------------------+--------------+-------------+--------------+------------+------------+
; Slack ; From Node                              ; To Node                                ; Launch Clock ; Latch Clock ; Relationship ; Clock Skew ; Data Delay ;
+-------+----------------------------------------+----------------------------------------+--------------+-------------+--------------+------------+------------+
; 0.355 ; booth_control:u_control|State.IDLE     ; booth_control:u_control|State.IDLE     ; Clk          ; Clk         ; 0.000        ; 0.065      ; 0.577      ;
; 0.355 ; booth_control:u_control|State.CALC     ; booth_control:u_control|State.CALC     ; Clk          ; Clk         ; 0.000        ; 0.065      ; 0.577      ;
; 0.386 ; booth_datapath:u_datapath|Remaining[3] ; booth_datapath:u_datapath|Remaining[3] ; Clk          ; Clk         ; 0.000        ; 0.065      ; 0.608      ;
; 0.477 ; booth_control:u_control|State.IDLE     ; booth_control:u_control|State.LOAD     ; Clk          ; Clk         ; 0.000        ; 0.065      ; 0.699      ;
; 0.505 ; booth_control:u_control|State.CALC     ; booth_control:u_control|State.REPORT   ; Clk          ; Clk         ; 0.000        ; 0.065      ; 0.727      ;
; 0.599 ; booth_datapath:u_datapath|Remaining[0] ; booth_datapath:u_datapath|Remaining[0] ; Clk          ; Clk         ; 0.000        ; 0.065      ; 0.821      ;
; 0.606 ; booth_datapath:u_datapath|Remaining[1] ; booth_datapath:u_datapath|Remaining[1] ; Clk          ; Clk         ; 0.000        ; 0.065      ; 0.828      ;
; 0.633 ; booth_control:u_control|State.LOAD     ; booth_datapath:u_datapath|A[8]         ; Clk          ; Clk         ; 0.000        ; 0.419      ; 1.209      ;
; 0.644 ; booth_datapath:u_datapath|Bmap[3]      ; booth_datapath:u_datapath|Bmap[2]      ; Clk          ; Clk         ; 0.000        ; 0.065      ; 0.866      ;
; 0.713 ; booth_datapath:u_datapath|Bmap[2]      ; booth_datapath:u_datapath|Bmap[1]      ; Clk          ; Clk         ; 0.000        ; 0.065      ; 0.935      ;
; 0.727 ; booth_control:u_control|State.LOAD     ; booth_datapath:u_datapath|A[0]         ; Clk          ; Clk         ; 0.000        ; 0.419      ; 1.303      ;
; 0.727 ; booth_control:u_control|State.LOAD     ; booth_datapath:u_datapath|A[2]         ; Clk          ; Clk         ; 0.000        ; 0.419      ; 1.303      ;
; 0.877 ; booth_datapath:u_datapath|Remaining[0] ; booth_datapath:u_datapath|Remaining[1] ; Clk          ; Clk         ; 0.000        ; 0.065      ; 1.099      ;
; 0.879 ; booth_datapath:u_datapath|Remaining[0] ; booth_datapath:u_datapath|Remaining[2] ; Clk          ; Clk         ; 0.000        ; 0.065      ; 1.101      ;
; 0.880 ; booth_datapath:u_datapath|Remaining[1] ; booth_datapath:u_datapath|Remaining[2] ; Clk          ; Clk         ; 0.000        ; 0.065      ; 1.102      ;
; 0.890 ; booth_datapath:u_datapath|Bmap[4]      ; booth_datapath:u_datapath|Bmap[1]      ; Clk          ; Clk         ; 0.000        ; 0.065      ; 1.112      ;
; 0.902 ; booth_control:u_control|State.LOAD     ; booth_datapath:u_datapath|Remaining[3] ; Clk          ; Clk         ; 0.000        ; 0.065      ; 1.124      ;
; 0.902 ; booth_control:u_control|State.LOAD     ; booth_datapath:u_datapath|Remaining[2] ; Clk          ; Clk         ; 0.000        ; 0.065      ; 1.124      ;
; 0.902 ; booth_control:u_control|State.LOAD     ; booth_datapath:u_datapath|Remaining[0] ; Clk          ; Clk         ; 0.000        ; 0.065      ; 1.124      ;
; 0.902 ; booth_control:u_control|State.LOAD     ; booth_datapath:u_datapath|Remaining[1] ; Clk          ; Clk         ; 0.000        ; 0.065      ; 1.124      ;
; 0.939 ; booth_datapath:u_datapath|Remaining[2] ; booth_datapath:u_datapath|Remaining[2] ; Clk          ; Clk         ; 0.000        ; 0.065      ; 1.161      ;
; 0.944 ; booth_datapath:u_datapath|A[8]         ; booth_datapath:u_datapath|A[0]         ; Clk          ; Clk         ; 0.000        ; 0.079      ; 1.180      ;
; 0.948 ; booth_datapath:u_datapath|A[8]         ; booth_datapath:u_datapath|A[8]         ; Clk          ; Clk         ; 0.000        ; 0.079      ; 1.184      ;
; 0.956 ; booth_control:u_control|State.LOAD     ; booth_datapath:u_datapath|Bmap[6]      ; Clk          ; Clk         ; 0.000        ; 0.064      ; 1.177      ;
; 0.981 ; booth_control:u_control|State.LOAD     ; booth_datapath:u_datapath|Bmap[4]      ; Clk          ; Clk         ; 0.000        ; 0.064      ; 1.202      ;
; 0.989 ; booth_datapath:u_datapath|Remaining[0] ; booth_datapath:u_datapath|Remaining[3] ; Clk          ; Clk         ; 0.000        ; 0.065      ; 1.211      ;
; 0.990 ; booth_datapath:u_datapath|Remaining[1] ; booth_datapath:u_datapath|Remaining[3] ; Clk          ; Clk         ; 0.000        ; 0.065      ; 1.212      ;
; 0.992 ; booth_control:u_control|State.REPORT   ; booth_control:u_control|State.IDLE     ; Clk          ; Clk         ; 0.000        ; 0.065      ; 1.214      ;
; 1.004 ; booth_control:u_control|State.LOAD     ; booth_control:u_control|State.CALC     ; Clk          ; Clk         ; 0.000        ; 0.065      ; 1.226      ;
; 1.041 ; booth_datapath:u_datapath|A[8]         ; booth_datapath:u_datapath|A[2]         ; Clk          ; Clk         ; 0.000        ; 0.079      ; 1.277      ;
; 1.082 ; booth_control:u_control|State.LOAD     ; booth_datapath:u_datapath|A[6]         ; Clk          ; Clk         ; 0.000        ; 0.064      ; 1.303      ;
; 1.088 ; booth_datapath:u_datapath|Bmap[3]      ; booth_datapath:u_datapath|Bmap[1]      ; Clk          ; Clk         ; 0.000        ; 0.065      ; 1.310      ;
; 1.106 ; booth_control:u_control|State.LOAD     ; booth_datapath:u_datapath|Q_1          ; Clk          ; Clk         ; 0.000        ; 0.394      ; 1.657      ;
; 1.140 ; booth_control:u_control|State.CALC     ; booth_datapath:u_datapath|A[8]         ; Clk          ; Clk         ; 0.000        ; 0.419      ; 1.716      ;
; 1.140 ; booth_control:u_control|State.CALC     ; booth_datapath:u_datapath|A[0]         ; Clk          ; Clk         ; 0.000        ; 0.419      ; 1.716      ;
; 1.140 ; booth_control:u_control|State.CALC     ; booth_datapath:u_datapath|A[2]         ; Clk          ; Clk         ; 0.000        ; 0.419      ; 1.716      ;
; 1.140 ; booth_control:u_control|State.CALC     ; booth_datapath:u_datapath|Q[6]         ; Clk          ; Clk         ; 0.000        ; 0.419      ; 1.716      ;
; 1.181 ; booth_control:u_control|State.LOAD     ; booth_datapath:u_datapath|Q[2]         ; Clk          ; Clk         ; 0.000        ; 0.065      ; 1.403      ;
; 1.227 ; booth_datapath:u_datapath|Remaining[2] ; booth_datapath:u_datapath|Remaining[3] ; Clk          ; Clk         ; 0.000        ; 0.065      ; 1.449      ;
; 1.250 ; booth_control:u_control|State.LOAD     ; booth_datapath:u_datapath|A[7]         ; Clk          ; Clk         ; 0.000        ; 0.418      ; 1.825      ;
; 1.250 ; booth_control:u_control|State.LOAD     ; booth_datapath:u_datapath|A[3]         ; Clk          ; Clk         ; 0.000        ; 0.418      ; 1.825      ;
; 1.250 ; booth_control:u_control|State.LOAD     ; booth_datapath:u_datapath|A[1]         ; Clk          ; Clk         ; 0.000        ; 0.418      ; 1.825      ;
; 1.250 ; booth_control:u_control|State.LOAD     ; booth_datapath:u_datapath|A[4]         ; Clk          ; Clk         ; 0.000        ; 0.418      ; 1.825      ;
; 1.250 ; booth_control:u_control|State.LOAD     ; booth_datapath:u_datapath|A[5]         ; Clk          ; Clk         ; 0.000        ; 0.418      ; 1.825      ;
; 1.263 ; booth_control:u_control|State.LOAD     ; booth_datapath:u_datapath|Q[7]         ; Clk          ; Clk         ; 0.000        ; 0.394      ; 1.814      ;
; 1.271 ; booth_datapath:u_datapath|A[8]         ; booth_datapath:u_datapath|A[7]         ; Clk          ; Clk         ; 0.000        ; 0.078      ; 1.506      ;
; 1.271 ; booth_datapath:u_datapath|A[8]         ; booth_datapath:u_datapath|A[3]         ; Clk          ; Clk         ; 0.000        ; 0.078      ; 1.506      ;
; 1.271 ; booth_datapath:u_datapath|A[8]         ; booth_datapath:u_datapath|A[1]         ; Clk          ; Clk         ; 0.000        ; 0.078      ; 1.506      ;
; 1.271 ; booth_datapath:u_datapath|A[8]         ; booth_datapath:u_datapath|A[5]         ; Clk          ; Clk         ; 0.000        ; 0.078      ; 1.506      ;
; 1.272 ; booth_control:u_control|State.LOAD     ; booth_datapath:u_datapath|Bmap[3]      ; Clk          ; Clk         ; 0.000        ; 0.064      ; 1.493      ;
; 1.274 ; booth_datapath:u_datapath|A[8]         ; booth_datapath:u_datapath|A[4]         ; Clk          ; Clk         ; 0.000        ; 0.078      ; 1.509      ;
; 1.275 ; booth_control:u_control|State.LOAD     ; booth_datapath:u_datapath|M[7]         ; Clk          ; Clk         ; 0.000        ; 0.064      ; 1.496      ;
; 1.275 ; booth_control:u_control|State.LOAD     ; booth_datapath:u_datapath|M[3]         ; Clk          ; Clk         ; 0.000        ; 0.064      ; 1.496      ;
; 1.275 ; booth_control:u_control|State.LOAD     ; booth_datapath:u_datapath|M[6]         ; Clk          ; Clk         ; 0.000        ; 0.064      ; 1.496      ;
; 1.297 ; booth_datapath:u_datapath|A[8]         ; booth_datapath:u_datapath|A[6]         ; Clk          ; Clk         ; 0.000        ; -0.276     ; 1.178      ;
; 1.306 ; booth_datapath:u_datapath|Remaining[3] ; booth_datapath:u_datapath|A[2]         ; Clk          ; Clk         ; 0.000        ; 0.419      ; 1.882      ;
; 1.309 ; booth_datapath:u_datapath|Remaining[3] ; booth_datapath:u_datapath|A[0]         ; Clk          ; Clk         ; 0.000        ; 0.419      ; 1.885      ;
; 1.328 ; booth_control:u_control|State.CALC     ; booth_datapath:u_datapath|Q[2]         ; Clk          ; Clk         ; 0.000        ; 0.065      ; 1.550      ;
; 1.366 ; booth_datapath:u_datapath|Remaining[2] ; booth_datapath:u_datapath|A[4]         ; Clk          ; Clk         ; 0.000        ; 0.418      ; 1.941      ;
; 1.370 ; booth_datapath:u_datapath|Remaining[2] ; booth_datapath:u_datapath|A[5]         ; Clk          ; Clk         ; 0.000        ; 0.418      ; 1.945      ;
; 1.377 ; booth_datapath:u_datapath|Q_1          ; booth_datapath:u_datapath|A[0]         ; Clk          ; Clk         ; 0.000        ; 0.103      ; 1.637      ;
; 1.381 ; booth_datapath:u_datapath|Q_1          ; booth_datapath:u_datapath|A[8]         ; Clk          ; Clk         ; 0.000        ; 0.103      ; 1.641      ;
; 1.388 ; booth_datapath:u_datapath|Bmap[4]      ; booth_datapath:u_datapath|Bmap[3]      ; Clk          ; Clk         ; 0.000        ; 0.065      ; 1.610      ;
; 1.408 ; booth_control:u_control|State.LOAD     ; booth_datapath:u_datapath|Bmap[7]      ; Clk          ; Clk         ; 0.000        ; 0.064      ; 1.629      ;
; 1.408 ; booth_control:u_control|State.LOAD     ; booth_datapath:u_datapath|Bmap[5]      ; Clk          ; Clk         ; 0.000        ; 0.064      ; 1.629      ;
; 1.408 ; booth_control:u_control|State.LOAD     ; booth_datapath:u_datapath|Bmap[1]      ; Clk          ; Clk         ; 0.000        ; 0.064      ; 1.629      ;
; 1.412 ; booth_datapath:u_datapath|Remaining[3] ; booth_control:u_control|State.REPORT   ; Clk          ; Clk         ; 0.000        ; 0.065      ; 1.634      ;
; 1.419 ; booth_datapath:u_datapath|Remaining[3] ; booth_control:u_control|State.CALC     ; Clk          ; Clk         ; 0.000        ; 0.065      ; 1.641      ;
; 1.422 ; booth_control:u_control|State.CALC     ; booth_datapath:u_datapath|Q[7]         ; Clk          ; Clk         ; 0.000        ; 0.394      ; 1.973      ;
; 1.422 ; booth_control:u_control|State.CALC     ; booth_datapath:u_datapath|Q_1          ; Clk          ; Clk         ; 0.000        ; 0.394      ; 1.973      ;
; 1.423 ; booth_datapath:u_datapath|A[6]         ; booth_datapath:u_datapath|A[6]         ; Clk          ; Clk         ; 0.000        ; 0.064      ; 1.644      ;
; 1.427 ; booth_control:u_control|State.LOAD     ; booth_datapath:u_datapath|Q[1]         ; Clk          ; Clk         ; 0.000        ; 0.390      ; 1.974      ;
; 1.447 ; booth_datapath:u_datapath|Remaining[3] ; booth_datapath:u_datapath|Q[4]         ; Clk          ; Clk         ; 0.000        ; 0.390      ; 1.994      ;
; 1.449 ; booth_datapath:u_datapath|Bmap[6]      ; booth_datapath:u_datapath|Bmap[5]      ; Clk          ; Clk         ; 0.000        ; 0.065      ; 1.671      ;
; 1.454 ; booth_datapath:u_datapath|Remaining[3] ; booth_datapath:u_datapath|Q[0]         ; Clk          ; Clk         ; 0.000        ; 0.394      ; 2.005      ;
; 1.457 ; booth_datapath:u_datapath|Remaining[3] ; booth_datapath:u_datapath|Q[6]         ; Clk          ; Clk         ; 0.000        ; 0.419      ; 2.033      ;
; 1.463 ; booth_datapath:u_datapath|A[6]         ; booth_datapath:u_datapath|Q[6]         ; Clk          ; Clk         ; 0.000        ; 0.419      ; 2.039      ;
; 1.474 ; booth_datapath:u_datapath|Q_1          ; booth_datapath:u_datapath|A[2]         ; Clk          ; Clk         ; 0.000        ; 0.103      ; 1.734      ;
; 1.475 ; booth_control:u_control|State.LOAD     ; booth_datapath:u_datapath|Q[3]         ; Clk          ; Clk         ; 0.000        ; 0.418      ; 2.050      ;
; 1.479 ; booth_datapath:u_datapath|Remaining[3] ; booth_datapath:u_datapath|Q[7]         ; Clk          ; Clk         ; 0.000        ; 0.394      ; 2.030      ;
; 1.485 ; booth_datapath:u_datapath|A[6]         ; booth_datapath:u_datapath|A[2]         ; Clk          ; Clk         ; 0.000        ; 0.419      ; 2.061      ;
; 1.489 ; booth_control:u_control|State.LOAD     ; booth_datapath:u_datapath|Q[0]         ; Clk          ; Clk         ; 0.000        ; 0.394      ; 2.040      ;
; 1.490 ; booth_datapath:u_datapath|Remaining[3] ; booth_datapath:u_datapath|Q_1          ; Clk          ; Clk         ; 0.000        ; 0.394      ; 2.041      ;
; 1.508 ; booth_datapath:u_datapath|Bmap[4]      ; booth_datapath:u_datapath|Bmap[2]      ; Clk          ; Clk         ; 0.000        ; 0.065      ; 1.730      ;
; 1.513 ; booth_control:u_control|State.LOAD     ; booth_datapath:u_datapath|M[0]         ; Clk          ; Clk         ; 0.000        ; 0.064      ; 1.734      ;
; 1.513 ; booth_control:u_control|State.LOAD     ; booth_datapath:u_datapath|M[1]         ; Clk          ; Clk         ; 0.000        ; 0.064      ; 1.734      ;
; 1.513 ; booth_control:u_control|State.LOAD     ; booth_datapath:u_datapath|M[2]         ; Clk          ; Clk         ; 0.000        ; 0.064      ; 1.734      ;
; 1.513 ; booth_control:u_control|State.LOAD     ; booth_datapath:u_datapath|M[4]         ; Clk          ; Clk         ; 0.000        ; 0.064      ; 1.734      ;
; 1.513 ; booth_control:u_control|State.LOAD     ; booth_datapath:u_datapath|M[5]         ; Clk          ; Clk         ; 0.000        ; 0.064      ; 1.734      ;
; 1.517 ; booth_control:u_control|State.CALC     ; booth_datapath:u_datapath|A[7]         ; Clk          ; Clk         ; 0.000        ; 0.418      ; 2.092      ;
; 1.517 ; booth_control:u_control|State.CALC     ; booth_datapath:u_datapath|A[3]         ; Clk          ; Clk         ; 0.000        ; 0.418      ; 2.092      ;
; 1.517 ; booth_control:u_control|State.CALC     ; booth_datapath:u_datapath|A[1]         ; Clk          ; Clk         ; 0.000        ; 0.418      ; 2.092      ;
; 1.517 ; booth_control:u_control|State.CALC     ; booth_datapath:u_datapath|A[4]         ; Clk          ; Clk         ; 0.000        ; 0.418      ; 2.092      ;
; 1.517 ; booth_control:u_control|State.CALC     ; booth_datapath:u_datapath|A[5]         ; Clk          ; Clk         ; 0.000        ; 0.418      ; 2.092      ;
; 1.517 ; booth_control:u_control|State.CALC     ; booth_datapath:u_datapath|Q[3]         ; Clk          ; Clk         ; 0.000        ; 0.418      ; 2.092      ;
; 1.519 ; booth_control:u_control|State.CALC     ; booth_datapath:u_datapath|A[6]         ; Clk          ; Clk         ; 0.000        ; 0.064      ; 1.740      ;
; 1.532 ; booth_control:u_control|State.LOAD     ; booth_datapath:u_datapath|Q[5]         ; Clk          ; Clk         ; 0.000        ; 0.390      ; 2.079      ;
; 1.542 ; booth_datapath:u_datapath|Remaining[3] ; booth_datapath:u_datapath|Bmap[6]      ; Clk          ; Clk         ; 0.000        ; 0.064      ; 1.763      ;
; 1.557 ; booth_datapath:u_datapath|Bmap[7]      ; booth_datapath:u_datapath|Bmap[6]      ; Clk          ; Clk         ; 0.000        ; 0.065      ; 1.779      ;
; 1.561 ; booth_datapath:u_datapath|Remaining[3] ; booth_datapath:u_datapath|Bmap[3]      ; Clk          ; Clk         ; 0.000        ; 0.064      ; 1.782      ;
+-------+----------------------------------------+----------------------------------------+--------------+-------------+--------------+------------+------------+


+------------------------------------------------------------------------------------------------------------------------+
; Slow 1200mV 85C Model Minimum Pulse Width: 'Clk'                                                                       ;
+--------+--------------+----------------+-----------------+-------+------------+----------------------------------------+
; Slack  ; Actual Width ; Required Width ; Type            ; Clock ; Clock Edge ; Target                                 ;
+--------+--------------+----------------+-----------------+-------+------------+----------------------------------------+
; -3.000 ; 1.000        ; 4.000          ; Port Rate       ; Clk   ; Rise       ; Clk                                    ;
; -1.000 ; 1.000        ; 2.000          ; Min Period      ; Clk   ; Rise       ; booth_control:u_control|State.CALC     ;
; -1.000 ; 1.000        ; 2.000          ; Min Period      ; Clk   ; Rise       ; booth_control:u_control|State.IDLE     ;
; -1.000 ; 1.000        ; 2.000          ; Min Period      ; Clk   ; Rise       ; booth_control:u_control|State.LOAD     ;
; -1.000 ; 1.000        ; 2.000          ; Min Period      ; Clk   ; Rise       ; booth_control:u_control|State.REPORT   ;
; -1.000 ; 1.000        ; 2.000          ; Min Period      ; Clk   ; Rise       ; booth_datapath:u_datapath|A[0]         ;
; -1.000 ; 1.000        ; 2.000          ; Min Period      ; Clk   ; Rise       ; booth_datapath:u_datapath|A[1]         ;
; -1.000 ; 1.000        ; 2.000          ; Min Period      ; Clk   ; Rise       ; booth_datapath:u_datapath|A[2]         ;
; -1.000 ; 1.000        ; 2.000          ; Min Period      ; Clk   ; Rise       ; booth_datapath:u_datapath|A[3]         ;
; -1.000 ; 1.000        ; 2.000          ; Min Period      ; Clk   ; Rise       ; booth_datapath:u_datapath|A[4]         ;
; -1.000 ; 1.000        ; 2.000          ; Min Period      ; Clk   ; Rise       ; booth_datapath:u_datapath|A[5]         ;
; -1.000 ; 1.000        ; 2.000          ; Min Period      ; Clk   ; Rise       ; booth_datapath:u_datapath|A[6]         ;
; -1.000 ; 1.000        ; 2.000          ; Min Period      ; Clk   ; Rise       ; booth_datapath:u_datapath|A[7]         ;
; -1.000 ; 1.000        ; 2.000          ; Min Period      ; Clk   ; Rise       ; booth_datapath:u_datapath|A[8]         ;
; -1.000 ; 1.000        ; 2.000          ; Min Period      ; Clk   ; Rise       ; booth_datapath:u_datapath|Bmap[1]      ;
; -1.000 ; 1.000        ; 2.000          ; Min Period      ; Clk   ; Rise       ; booth_datapath:u_datapath|Bmap[2]      ;
; -1.000 ; 1.000        ; 2.000          ; Min Period      ; Clk   ; Rise       ; booth_datapath:u_datapath|Bmap[3]      ;
; -1.000 ; 1.000        ; 2.000          ; Min Period      ; Clk   ; Rise       ; booth_datapath:u_datapath|Bmap[4]      ;
; -1.000 ; 1.000        ; 2.000          ; Min Period      ; Clk   ; Rise       ; booth_datapath:u_datapath|Bmap[5]      ;
; -1.000 ; 1.000        ; 2.000          ; Min Period      ; Clk   ; Rise       ; booth_datapath:u_datapath|Bmap[6]      ;
; -1.000 ; 1.000        ; 2.000          ; Min Period      ; Clk   ; Rise       ; booth_datapath:u_datapath|Bmap[7]      ;
; -1.000 ; 1.000        ; 2.000          ; Min Period      ; Clk   ; Rise       ; booth_datapath:u_datapath|M[0]         ;
; -1.000 ; 1.000        ; 2.000          ; Min Period      ; Clk   ; Rise       ; booth_datapath:u_datapath|M[1]         ;
; -1.000 ; 1.000        ; 2.000          ; Min Period      ; Clk   ; Rise       ; booth_datapath:u_datapath|M[2]         ;
; -1.000 ; 1.000        ; 2.000          ; Min Period      ; Clk   ; Rise       ; booth_datapath:u_datapath|M[3]         ;
; -1.000 ; 1.000        ; 2.000          ; Min Period      ; Clk   ; Rise       ; booth_datapath:u_datapath|M[4]         ;
; -1.000 ; 1.000        ; 2.000          ; Min Period      ; Clk   ; Rise       ; booth_datapath:u_datapath|M[5]         ;
; -1.000 ; 1.000        ; 2.000          ; Min Period      ; Clk   ; Rise       ; booth_datapath:u_datapath|M[6]         ;
; -1.000 ; 1.000        ; 2.000          ; Min Period      ; Clk   ; Rise       ; booth_datapath:u_datapath|M[7]         ;
; -1.000 ; 1.000        ; 2.000          ; Min Period      ; Clk   ; Rise       ; booth_datapath:u_datapath|Q[0]         ;
; -1.000 ; 1.000        ; 2.000          ; Min Period      ; Clk   ; Rise       ; booth_datapath:u_datapath|Q[1]         ;
; -1.000 ; 1.000        ; 2.000          ; Min Period      ; Clk   ; Rise       ; booth_datapath:u_datapath|Q[2]         ;
; -1.000 ; 1.000        ; 2.000          ; Min Period      ; Clk   ; Rise       ; booth_datapath:u_datapath|Q[3]         ;
; -1.000 ; 1.000        ; 2.000          ; Min Period      ; Clk   ; Rise       ; booth_datapath:u_datapath|Q[4]         ;
; -1.000 ; 1.000        ; 2.000          ; Min Period      ; Clk   ; Rise       ; booth_datapath:u_datapath|Q[5]         ;
; -1.000 ; 1.000        ; 2.000          ; Min Period      ; Clk   ; Rise       ; booth_datapath:u_datapath|Q[6]         ;
; -1.000 ; 1.000        ; 2.000          ; Min Period      ; Clk   ; Rise       ; booth_datapath:u_datapath|Q[7]         ;
; -1.000 ; 1.000        ; 2.000          ; Min Period      ; Clk   ; Rise       ; booth_datapath:u_datapath|Q_1          ;
; -1.000 ; 1.000        ; 2.000          ; Min Period      ; Clk   ; Rise       ; booth_datapath:u_datapath|Remaining[0] ;
; -1.000 ; 1.000        ; 2.000          ; Min Period      ; Clk   ; Rise       ; booth_datapath:u_datapath|Remaining[1] ;
; -1.000 ; 1.000        ; 2.000          ; Min Period      ; Clk   ; Rise       ; booth_datapath:u_datapath|Remaining[2] ;
; -1.000 ; 1.000        ; 2.000          ; Min Period      ; Clk   ; Rise       ; booth_datapath:u_datapath|Remaining[3] ;
; 0.185  ; 0.369        ; 0.184          ; Low Pulse Width ; Clk   ; Rise       ; booth_datapath:u_datapath|A[0]         ;
; 0.185  ; 0.369        ; 0.184          ; Low Pulse Width ; Clk   ; Rise       ; booth_datapath:u_datapath|A[2]         ;
; 0.185  ; 0.369        ; 0.184          ; Low Pulse Width ; Clk   ; Rise       ; booth_datapath:u_datapath|A[8]         ;
; 0.185  ; 0.369        ; 0.184          ; Low Pulse Width ; Clk   ; Rise       ; booth_datapath:u_datapath|Q[6]         ;
; 0.196  ; 0.380        ; 0.184          ; Low Pulse Width ; Clk   ; Rise       ; booth_datapath:u_datapath|A[1]         ;
; 0.196  ; 0.380        ; 0.184          ; Low Pulse Width ; Clk   ; Rise       ; booth_datapath:u_datapath|A[3]         ;
; 0.196  ; 0.380        ; 0.184          ; Low Pulse Width ; Clk   ; Rise       ; booth_datapath:u_datapath|A[4]         ;
; 0.196  ; 0.380        ; 0.184          ; Low Pulse Width ; Clk   ; Rise       ; booth_datapath:u_datapath|A[5]         ;
; 0.196  ; 0.380        ; 0.184          ; Low Pulse Width ; Clk   ; Rise       ; booth_datapath:u_datapath|A[7]         ;
; 0.196  ; 0.380        ; 0.184          ; Low Pulse Width ; Clk   ; Rise       ; booth_datapath:u_datapath|Q[3]         ;
; 0.204  ; 0.388        ; 0.184          ; Low Pulse Width ; Clk   ; Rise       ; booth_datapath:u_datapath|Q[0]         ;
; 0.204  ; 0.388        ; 0.184          ; Low Pulse Width ; Clk   ; Rise       ; booth_datapath:u_datapath|Q[7]         ;
; 0.204  ; 0.388        ; 0.184          ; Low Pulse Width ; Clk   ; Rise       ; booth_datapath:u_datapath|Q_1          ;
; 0.210  ; 0.394        ; 0.184          ; Low Pulse Width ; Clk   ; Rise       ; booth_datapath:u_datapath|Q[1]         ;
; 0.210  ; 0.394        ; 0.184          ; Low Pulse Width ; Clk   ; Rise       ; booth_datapath:u_datapath|Q[4]         ;
; 0.210  ; 0.394        ; 0.184          ; Low Pulse Width ; Clk   ; Rise       ; booth_datapath:u_datapath|Q[5]         ;
; 0.216  ; 0.400        ; 0.184          ; Low Pulse Width ; Clk   ; Rise       ; booth_control:u_control|State.CALC     ;
; 0.216  ; 0.400        ; 0.184          ; Low Pulse Width ; Clk   ; Rise       ; booth_control:u_control|State.IDLE     ;
; 0.216  ; 0.400        ; 0.184          ; Low Pulse Width ; Clk   ; Rise       ; booth_control:u_control|State.LOAD     ;
; 0.216  ; 0.400        ; 0.184          ; Low Pulse Width ; Clk   ; Rise       ; booth_control:u_control|State.REPORT   ;
; 0.216  ; 0.400        ; 0.184          ; Low Pulse Width ; Clk   ; Rise       ; booth_datapath:u_datapath|A[6]         ;
; 0.216  ; 0.400        ; 0.184          ; Low Pulse Width ; Clk   ; Rise       ; booth_datapath:u_datapath|Bmap[1]      ;
; 0.216  ; 0.400        ; 0.184          ; Low Pulse Width ; Clk   ; Rise       ; booth_datapath:u_datapath|Bmap[2]      ;
; 0.216  ; 0.400        ; 0.184          ; Low Pulse Width ; Clk   ; Rise       ; booth_datapath:u_datapath|Bmap[3]      ;
; 0.216  ; 0.400        ; 0.184          ; Low Pulse Width ; Clk   ; Rise       ; booth_datapath:u_datapath|Bmap[4]      ;
; 0.216  ; 0.400        ; 0.184          ; Low Pulse Width ; Clk   ; Rise       ; booth_datapath:u_datapath|Bmap[5]      ;
; 0.216  ; 0.400        ; 0.184          ; Low Pulse Width ; Clk   ; Rise       ; booth_datapath:u_datapath|Bmap[6]      ;
; 0.216  ; 0.400        ; 0.184          ; Low Pulse Width ; Clk   ; Rise       ; booth_datapath:u_datapath|Bmap[7]      ;
; 0.216  ; 0.400        ; 0.184          ; Low Pulse Width ; Clk   ; Rise       ; booth_datapath:u_datapath|M[0]         ;
; 0.216  ; 0.400        ; 0.184          ; Low Pulse Width ; Clk   ; Rise       ; booth_datapath:u_datapath|M[1]         ;
; 0.216  ; 0.400        ; 0.184          ; Low Pulse Width ; Clk   ; Rise       ; booth_datapath:u_datapath|M[2]         ;
; 0.216  ; 0.400        ; 0.184          ; Low Pulse Width ; Clk   ; Rise       ; booth_datapath:u_datapath|M[3]         ;
; 0.216  ; 0.400        ; 0.184          ; Low Pulse Width ; Clk   ; Rise       ; booth_datapath:u_datapath|M[4]         ;
; 0.216  ; 0.400        ; 0.184          ; Low Pulse Width ; Clk   ; Rise       ; booth_datapath:u_datapath|M[5]         ;
; 0.216  ; 0.400        ; 0.184          ; Low Pulse Width ; Clk   ; Rise       ; booth_datapath:u_datapath|M[6]         ;
; 0.216  ; 0.400        ; 0.184          ; Low Pulse Width ; Clk   ; Rise       ; booth_datapath:u_datapath|M[7]         ;
; 0.216  ; 0.400        ; 0.184          ; Low Pulse Width ; Clk   ; Rise       ; booth_datapath:u_datapath|Q[2]         ;
; 0.216  ; 0.400        ; 0.184          ; Low Pulse Width ; Clk   ; Rise       ; booth_datapath:u_datapath|Remaining[0] ;
; 0.216  ; 0.400        ; 0.184          ; Low Pulse Width ; Clk   ; Rise       ; booth_datapath:u_datapath|Remaining[1] ;
; 0.216  ; 0.400        ; 0.184          ; Low Pulse Width ; Clk   ; Rise       ; booth_datapath:u_datapath|Remaining[2] ;
; 0.216  ; 0.400        ; 0.184          ; Low Pulse Width ; Clk   ; Rise       ; booth_datapath:u_datapath|Remaining[3] ;
; 0.326  ; 0.326        ; 0.000          ; Low Pulse Width ; Clk   ; Rise       ; Clk~input|o                            ;
; 0.337  ; 0.337        ; 0.000          ; Low Pulse Width ; Clk   ; Rise       ; Clk~inputclkctrl|inclk[0]              ;
; 0.337  ; 0.337        ; 0.000          ; Low Pulse Width ; Clk   ; Rise       ; Clk~inputclkctrl|outclk                ;
; 0.346  ; 0.346        ; 0.000          ; Low Pulse Width ; Clk   ; Rise       ; u_datapath|A[0]|clk                    ;
; 0.346  ; 0.346        ; 0.000          ; Low Pulse Width ; Clk   ; Rise       ; u_datapath|A[2]|clk                    ;
; 0.346  ; 0.346        ; 0.000          ; Low Pulse Width ; Clk   ; Rise       ; u_datapath|A[8]|clk                    ;
; 0.346  ; 0.346        ; 0.000          ; Low Pulse Width ; Clk   ; Rise       ; u_datapath|Q[6]|clk                    ;
; 0.357  ; 0.357        ; 0.000          ; Low Pulse Width ; Clk   ; Rise       ; u_datapath|A[1]|clk                    ;
; 0.357  ; 0.357        ; 0.000          ; Low Pulse Width ; Clk   ; Rise       ; u_datapath|A[3]|clk                    ;
; 0.357  ; 0.357        ; 0.000          ; Low Pulse Width ; Clk   ; Rise       ; u_datapath|A[4]|clk                    ;
; 0.357  ; 0.357        ; 0.000          ; Low Pulse Width ; Clk   ; Rise       ; u_datapath|A[5]|clk                    ;
; 0.357  ; 0.357        ; 0.000          ; Low Pulse Width ; Clk   ; Rise       ; u_datapath|A[7]|clk                    ;
; 0.357  ; 0.357        ; 0.000          ; Low Pulse Width ; Clk   ; Rise       ; u_datapath|Q[3]|clk                    ;
; 0.364  ; 0.364        ; 0.000          ; Low Pulse Width ; Clk   ; Rise       ; u_datapath|Q[7]|clk                    ;
; 0.364  ; 0.364        ; 0.000          ; Low Pulse Width ; Clk   ; Rise       ; u_datapath|Q_1|clk                     ;
; 0.365  ; 0.365        ; 0.000          ; Low Pulse Width ; Clk   ; Rise       ; u_datapath|Q[0]|clk                    ;
; 0.370  ; 0.370        ; 0.000          ; Low Pulse Width ; Clk   ; Rise       ; u_datapath|Q[1]|clk                    ;
+--------+--------------+----------------+-----------------+-------+------------+----------------------------------------+


+------------------------------------------------------------------------------+
; Setup Times                                                                  ;
+------------------+------------+-------+-------+------------+-----------------+
; Data Port        ; Clock Port ; Rise  ; Fall  ; Clock Edge ; Clock Reference ;
+------------------+------------+-------+-------+------------+-----------------+
; Multiplicand[*]  ; Clk        ; 2.478 ; 2.993 ; Rise       ; Clk             ;
;  Multiplicand[0] ; Clk        ; 2.179 ; 2.657 ; Rise       ; Clk             ;
;  Multiplicand[1] ; Clk        ; 2.171 ; 2.641 ; Rise       ; Clk             ;
;  Multiplicand[2] ; Clk        ; 2.329 ; 2.840 ; Rise       ; Clk             ;
;  Multiplicand[3] ; Clk        ; 2.478 ; 2.993 ; Rise       ; Clk             ;
;  Multiplicand[4] ; Clk        ; 2.471 ; 2.976 ; Rise       ; Clk             ;
;  Multiplicand[5] ; Clk        ; 2.264 ; 2.722 ; Rise       ; Clk             ;
;  Multiplicand[6] ; Clk        ; 2.008 ; 2.461 ; Rise       ; Clk             ;
;  Multiplicand[7] ; Clk        ; 2.000 ; 2.487 ; Rise       ; Clk             ;
; Multiplier[*]    ; Clk        ; 4.245 ; 4.735 ; Rise       ; Clk             ;
;  Multiplier[0]   ; Clk        ; 1.323 ; 1.441 ; Rise       ; Clk             ;
;  Multiplier[1]   ; Clk        ; 1.449 ; 1.580 ; Rise       ; Clk             ;
;  Multiplier[2]   ; Clk        ; 4.245 ; 4.735 ; Rise       ; Clk             ;
;  Multiplier[3]   ; Clk        ; 2.431 ; 2.913 ; Rise       ; Clk             ;
;  Multiplier[4]   ; Clk        ; 2.584 ; 3.077 ; Rise       ; Clk             ;
;  Multiplier[5]   ; Clk        ; 3.124 ; 3.555 ; Rise       ; Clk             ;
;  Multiplier[6]   ; Clk        ; 3.629 ; 4.078 ; Rise       ; Clk             ;
;  Multiplier[7]   ; Clk        ; 3.182 ; 3.664 ; Rise       ; Clk             ;
; Start            ; Clk        ; 2.272 ; 2.810 ; Rise       ; Clk             ;
+------------------+------------+-------+-------+------------+-----------------+


+--------------------------------------------------------------------------------+
; Hold Times                                                                     ;
+------------------+------------+--------+--------+------------+-----------------+
; Data Port        ; Clock Port ; Rise   ; Fall   ; Clock Edge ; Clock Reference ;
+------------------+------------+--------+--------+------------+-----------------+
; Multiplicand[*]  ; Clk        ; -1.610 ; -2.061 ; Rise       ; Clk             ;
;  Multiplicand[0] ; Clk        ; -1.783 ; -2.248 ; Rise       ; Clk             ;
;  Multiplicand[1] ; Clk        ; -1.773 ; -2.232 ; Rise       ; Clk             ;
;  Multiplicand[2] ; Clk        ; -1.926 ; -2.423 ; Rise       ; Clk             ;
;  Multiplicand[3] ; Clk        ; -2.069 ; -2.569 ; Rise       ; Clk             ;
;  Multiplicand[4] ; Clk        ; -2.062 ; -2.554 ; Rise       ; Clk             ;
;  Multiplicand[5] ; Clk        ; -1.868 ; -2.311 ; Rise       ; Clk             ;
;  Multiplicand[6] ; Clk        ; -1.622 ; -2.061 ; Rise       ; Clk             ;
;  Multiplicand[7] ; Clk        ; -1.610 ; -2.084 ; Rise       ; Clk             ;
; Multiplier[*]    ; Clk        ; 0.678  ; 0.546  ; Rise       ; Clk             ;
;  Multiplier[0]   ; Clk        ; 0.678  ; 0.546  ; Rise       ; Clk             ;
;  Multiplier[1]   ; Clk        ; 0.640  ; 0.528  ; Rise       ; Clk             ;
;  Multiplier[2]   ; Clk        ; -2.065 ; -2.540 ; Rise       ; Clk             ;
;  Multiplier[3]   ; Clk        ; -1.586 ; -2.090 ; Rise       ; Clk             ;
;  Multiplier[4]   ; Clk        ; -1.593 ; -2.054 ; Rise       ; Clk             ;
;  Multiplier[5]   ; Clk        ; -1.796 ; -2.313 ; Rise       ; Clk             ;
;  Multiplier[6]   ; Clk        ; -2.142 ; -2.667 ; Rise       ; Clk             ;
;  Multiplier[7]   ; Clk        ; -1.402 ; -1.857 ; Rise       ; Clk             ;
; Start            ; Clk        ; -1.857 ; -2.371 ; Rise       ; Clk             ;
+------------------+------------+--------+--------+------------+-----------------+


+--------------------------------------------------------------------------+
; Clock to Output Times                                                    ;
+--------------+------------+-------+-------+------------+-----------------+
; Data Port    ; Clock Port ; Rise  ; Fall  ; Clock Edge ; Clock Reference ;
+--------------+------------+-------+-------+------------+-----------------+
; Done         ; Clk        ; 6.660 ; 6.595 ; Rise       ; Clk             ;
; Product[*]   ; Clk        ; 8.102 ; 8.099 ; Rise       ; Clk             ;
;  Product[0]  ; Clk        ; 7.608 ; 7.544 ; Rise       ; Clk             ;
;  Product[1]  ; Clk        ; 6.793 ; 6.766 ; Rise       ; Clk             ;
;  Product[2]  ; Clk        ; 6.524 ; 6.468 ; Rise       ; Clk             ;
;  Product[3]  ; Clk        ; 8.102 ; 8.099 ; Rise       ; Clk             ;
;  Product[4]  ; Clk        ; 7.005 ; 6.976 ; Rise       ; Clk             ;
;  Product[5]  ; Clk        ; 6.897 ; 6.849 ; Rise       ; Clk             ;
;  Product[6]  ; Clk        ; 7.485 ; 7.432 ; Rise       ; Clk             ;
;  Product[7]  ; Clk        ; 7.046 ; 6.995 ; Rise       ; Clk             ;
;  Product[8]  ; Clk        ; 6.993 ; 6.951 ; Rise       ; Clk             ;
;  Product[9]  ; Clk        ; 7.246 ; 7.180 ; Rise       ; Clk             ;
;  Product[10] ; Clk        ; 7.259 ; 7.292 ; Rise       ; Clk             ;
;  Product[11] ; Clk        ; 6.931 ; 6.829 ; Rise       ; Clk             ;
;  Product[12] ; Clk        ; 7.907 ; 7.847 ; Rise       ; Clk             ;
;  Product[13] ; Clk        ; 7.224 ; 7.192 ; Rise       ; Clk             ;
;  Product[14] ; Clk        ; 7.229 ; 7.196 ; Rise       ; Clk             ;
;  Product[15] ; Clk        ; 7.809 ; 7.803 ; Rise       ; Clk             ;
+--------------+------------+-------+-------+------------+-----------------+


+--------------------------------------------------------------------------+
; Minimum Clock to Output Times                                            ;
+--------------+------------+-------+-------+------------+-----------------+
; Data Port    ; Clock Port ; Rise  ; Fall  ; Clock Edge ; Clock Reference ;
+--------------+------------+-------+-------+------------+-----------------+
; Done         ; Clk        ; 6.441 ; 6.374 ; Rise       ; Clk             ;
; Product[*]   ; Clk        ; 6.311 ; 6.253 ; Rise       ; Clk             ;
;  Product[0]  ; Clk        ; 7.350 ; 7.286 ; Rise       ; Clk             ;
;  Product[1]  ; Clk        ; 6.566 ; 6.535 ; Rise       ; Clk             ;
;  Product[2]  ; Clk        ; 6.311 ; 6.253 ; Rise       ; Clk             ;
;  Product[3]  ; Clk        ; 7.857 ; 7.853 ; Rise       ; Clk             ;
;  Product[4]  ; Clk        ; 6.770 ; 6.739 ; Rise       ; Clk             ;
;  Product[5]  ; Clk        ; 6.670 ; 6.620 ; Rise       ; Clk             ;
;  Product[6]  ; Clk        ; 7.235 ; 7.180 ; Rise       ; Clk             ;
;  Product[7]  ; Clk        ; 6.809 ; 6.756 ; Rise       ; Clk             ;
;  Product[8]  ; Clk        ; 6.758 ; 6.714 ; Rise       ; Clk             ;
;  Product[9]  ; Clk        ; 7.002 ; 6.934 ; Rise       ; Clk             ;
;  Product[10] ; Clk        ; 7.041 ; 7.071 ; Rise       ; Clk             ;
;  Product[11] ; Clk        ; 6.694 ; 6.592 ; Rise       ; Clk             ;
;  Product[12] ; Clk        ; 7.636 ; 7.575 ; Rise       ; Clk             ;
;  Product[13] ; Clk        ; 6.982 ; 6.948 ; Rise       ; Clk             ;
;  Product[14] ; Clk        ; 6.985 ; 6.949 ; Rise       ; Clk             ;
;  Product[15] ; Clk        ; 7.576 ; 7.568 ; Rise       ; Clk             ;
+--------------+------------+-------+-------+------------+-----------------+


----------------------------------------------
; Slow 1200mV 85C Model Metastability Report ;
----------------------------------------------
No synchronizer chains to report.


+--------------------------------------------------+
; Slow 1200mV 0C Model Fmax Summary                ;
+------------+-----------------+------------+------+
; Fmax       ; Restricted Fmax ; Clock Name ; Note ;
+------------+-----------------+------------+------+
; 189.14 MHz ; 189.14 MHz      ; Clk        ;      ;
+------------+-----------------+------------+------+
This panel reports FMAX for every clock in the design, regardless of the user-specified clock periods.  FMAX is only computed for paths where the source and destination registers or ports are driven by the same clock.  Paths of different clocks, including generated clocks, are ignored.  For paths between a clock and its inversion, FMAX is computed as if the rising and falling edges are scaled along with FMAX, such that the duty cycle (in terms of a percentage) is maintained. Altera recommends that you always use clock constraints and other slack reports for sign-off analysis.


+------------------------------------+
; Slow 1200mV 0C Model Setup Summary ;
+-------+--------+-------------------+
; Clock ; Slack  ; End Point TNS     ;
+-------+--------+-------------------+
; Clk   ; -4.287 ; -115.930          ;
+-------+--------+-------------------+


+-----------------------------------+
; Slow 1200mV 0C Model Hold Summary ;
+-------+-------+-------------------+
; Clock ; Slack ; End Point TNS     ;
+-------+-------+-------------------+
; Clk   ; 0.310 ; 0.000             ;
+-------+-------+-------------------+


-----------------------------------------
; Slow 1200mV 0C Model Recovery Summary ;
-----------------------------------------
No paths to report.


----------------------------------------
; Slow 1200mV 0C Model Removal Summary ;
----------------------------------------
No paths to report.


+--------------------------------------------------+
; Slow 1200mV 0C Model Minimum Pulse Width Summary ;
+-------+--------+---------------------------------+
; Clock ; Slack  ; End Point TNS                   ;
+-------+--------+---------------------------------+
; Clk   ; -3.000 ; -44.000                         ;
+-------+--------+---------------------------------+


+-----------------------------------------------------------------------------------------------------------------------------------------------------------+
; Slow 1200mV 0C Model Setup: 'Clk'                                                                                                                         ;
+--------+----------------------------------------+-----------------------------------+--------------+-------------+--------------+------------+------------+
; Slack  ; From Node                              ; To Node                           ; Launch Clock ; Latch Clock ; Relationship ; Clock Skew ; Data Delay ;
+--------+----------------------------------------+-----------------------------------+--------------+-------------+--------------+------------+------------+
; -4.287 ; booth_datapath:u_datapath|Bmap[6]      ; booth_datapath:u_datapath|Q[2]    ; Clk          ; Clk         ; 1.000        ; -0.056     ; 5.226      ;
; -4.255 ; booth_datapath:u_datapath|Bmap[6]      ; booth_datapath:u_datapath|Q[1]    ; Clk          ; Clk         ; 1.000        ; 0.228      ; 5.478      ;
; -4.239 ; booth_datapath:u_datapath|Bmap[5]      ; booth_datapath:u_datapath|Q[2]    ; Clk          ; Clk         ; 1.000        ; -0.056     ; 5.178      ;
; -4.216 ; booth_datapath:u_datapath|Bmap[6]      ; booth_datapath:u_datapath|Q[4]    ; Clk          ; Clk         ; 1.000        ; 0.228      ; 5.439      ;
; -4.213 ; booth_datapath:u_datapath|Bmap[5]      ; booth_datapath:u_datapath|Q[1]    ; Clk          ; Clk         ; 1.000        ; 0.228      ; 5.436      ;
; -4.176 ; booth_datapath:u_datapath|Bmap[6]      ; booth_datapath:u_datapath|A[0]    ; Clk          ; Clk         ; 1.000        ; 0.256      ; 5.427      ;
; -4.176 ; booth_datapath:u_datapath|Bmap[5]      ; booth_datapath:u_datapath|Q[4]    ; Clk          ; Clk         ; 1.000        ; 0.228      ; 5.399      ;
; -4.165 ; booth_datapath:u_datapath|Bmap[2]      ; booth_datapath:u_datapath|Q[2]    ; Clk          ; Clk         ; 1.000        ; -0.056     ; 5.104      ;
; -4.149 ; booth_datapath:u_datapath|Q[0]         ; booth_datapath:u_datapath|Q[2]    ; Clk          ; Clk         ; 1.000        ; -0.357     ; 4.787      ;
; -4.148 ; booth_datapath:u_datapath|Q_1          ; booth_datapath:u_datapath|Q[2]    ; Clk          ; Clk         ; 1.000        ; -0.357     ; 4.786      ;
; -4.136 ; booth_datapath:u_datapath|Bmap[5]      ; booth_datapath:u_datapath|A[0]    ; Clk          ; Clk         ; 1.000        ; 0.256      ; 5.387      ;
; -4.133 ; booth_datapath:u_datapath|Bmap[2]      ; booth_datapath:u_datapath|Q[1]    ; Clk          ; Clk         ; 1.000        ; 0.228      ; 5.356      ;
; -4.094 ; booth_datapath:u_datapath|Bmap[2]      ; booth_datapath:u_datapath|Q[4]    ; Clk          ; Clk         ; 1.000        ; 0.228      ; 5.317      ;
; -4.069 ; booth_datapath:u_datapath|Bmap[4]      ; booth_datapath:u_datapath|Q[2]    ; Clk          ; Clk         ; 1.000        ; -0.056     ; 5.008      ;
; -4.054 ; booth_datapath:u_datapath|Bmap[2]      ; booth_datapath:u_datapath|A[0]    ; Clk          ; Clk         ; 1.000        ; 0.256      ; 5.305      ;
; -4.050 ; booth_datapath:u_datapath|Bmap[7]      ; booth_datapath:u_datapath|Q[2]    ; Clk          ; Clk         ; 1.000        ; -0.056     ; 4.989      ;
; -4.041 ; booth_datapath:u_datapath|Q_1          ; booth_datapath:u_datapath|Q[1]    ; Clk          ; Clk         ; 1.000        ; -0.073     ; 4.963      ;
; -4.037 ; booth_datapath:u_datapath|Bmap[4]      ; booth_datapath:u_datapath|Q[1]    ; Clk          ; Clk         ; 1.000        ; 0.228      ; 5.260      ;
; -4.033 ; booth_datapath:u_datapath|Q[0]         ; booth_datapath:u_datapath|Q[1]    ; Clk          ; Clk         ; 1.000        ; -0.073     ; 4.955      ;
; -4.028 ; booth_datapath:u_datapath|Q_1          ; booth_datapath:u_datapath|Q[4]    ; Clk          ; Clk         ; 1.000        ; -0.073     ; 4.950      ;
; -4.021 ; booth_datapath:u_datapath|Bmap[3]      ; booth_datapath:u_datapath|Q[2]    ; Clk          ; Clk         ; 1.000        ; -0.056     ; 4.960      ;
; -4.020 ; booth_datapath:u_datapath|Q[0]         ; booth_datapath:u_datapath|Q[4]    ; Clk          ; Clk         ; 1.000        ; -0.073     ; 4.942      ;
; -4.018 ; booth_datapath:u_datapath|Bmap[7]      ; booth_datapath:u_datapath|Q[1]    ; Clk          ; Clk         ; 1.000        ; 0.228      ; 5.241      ;
; -4.015 ; booth_datapath:u_datapath|Bmap[6]      ; booth_datapath:u_datapath|A[1]    ; Clk          ; Clk         ; 1.000        ; 0.254      ; 5.264      ;
; -4.009 ; booth_datapath:u_datapath|Q_1          ; booth_datapath:u_datapath|Q[3]    ; Clk          ; Clk         ; 1.000        ; -0.047     ; 4.957      ;
; -4.001 ; booth_datapath:u_datapath|Q[0]         ; booth_datapath:u_datapath|Q[3]    ; Clk          ; Clk         ; 1.000        ; -0.047     ; 4.949      ;
; -3.998 ; booth_datapath:u_datapath|Bmap[4]      ; booth_datapath:u_datapath|Q[4]    ; Clk          ; Clk         ; 1.000        ; 0.228      ; 5.221      ;
; -3.989 ; booth_datapath:u_datapath|Bmap[3]      ; booth_datapath:u_datapath|Q[1]    ; Clk          ; Clk         ; 1.000        ; 0.228      ; 5.212      ;
; -3.988 ; booth_datapath:u_datapath|Q_1          ; booth_datapath:u_datapath|A[0]    ; Clk          ; Clk         ; 1.000        ; -0.045     ; 4.938      ;
; -3.984 ; booth_datapath:u_datapath|Bmap[6]      ; booth_datapath:u_datapath|Q[3]    ; Clk          ; Clk         ; 1.000        ; 0.254      ; 5.233      ;
; -3.980 ; booth_datapath:u_datapath|Q[0]         ; booth_datapath:u_datapath|A[0]    ; Clk          ; Clk         ; 1.000        ; -0.045     ; 4.930      ;
; -3.979 ; booth_datapath:u_datapath|Bmap[7]      ; booth_datapath:u_datapath|Q[4]    ; Clk          ; Clk         ; 1.000        ; 0.228      ; 5.202      ;
; -3.967 ; booth_datapath:u_datapath|Bmap[6]      ; booth_datapath:u_datapath|Q[7]    ; Clk          ; Clk         ; 1.000        ; 0.232      ; 5.194      ;
; -3.967 ; booth_datapath:u_datapath|Bmap[5]      ; booth_datapath:u_datapath|A[1]    ; Clk          ; Clk         ; 1.000        ; 0.254      ; 5.216      ;
; -3.966 ; booth_datapath:u_datapath|Bmap[6]      ; booth_datapath:u_datapath|Q_1     ; Clk          ; Clk         ; 1.000        ; 0.232      ; 5.193      ;
; -3.961 ; booth_datapath:u_datapath|Bmap[1]      ; booth_datapath:u_datapath|Q[2]    ; Clk          ; Clk         ; 1.000        ; -0.056     ; 4.900      ;
; -3.958 ; booth_datapath:u_datapath|Bmap[4]      ; booth_datapath:u_datapath|A[0]    ; Clk          ; Clk         ; 1.000        ; 0.256      ; 5.209      ;
; -3.950 ; booth_datapath:u_datapath|Bmap[3]      ; booth_datapath:u_datapath|Q[4]    ; Clk          ; Clk         ; 1.000        ; 0.228      ; 5.173      ;
; -3.939 ; booth_datapath:u_datapath|Bmap[7]      ; booth_datapath:u_datapath|A[0]    ; Clk          ; Clk         ; 1.000        ; 0.256      ; 5.190      ;
; -3.936 ; booth_datapath:u_datapath|Bmap[5]      ; booth_datapath:u_datapath|Q[3]    ; Clk          ; Clk         ; 1.000        ; 0.254      ; 5.185      ;
; -3.931 ; booth_datapath:u_datapath|Q[0]         ; booth_datapath:u_datapath|Q[5]    ; Clk          ; Clk         ; 1.000        ; -0.073     ; 4.853      ;
; -3.929 ; booth_datapath:u_datapath|Bmap[1]      ; booth_datapath:u_datapath|Q[1]    ; Clk          ; Clk         ; 1.000        ; 0.228      ; 5.152      ;
; -3.919 ; booth_datapath:u_datapath|Bmap[5]      ; booth_datapath:u_datapath|Q[7]    ; Clk          ; Clk         ; 1.000        ; 0.232      ; 5.146      ;
; -3.918 ; booth_datapath:u_datapath|Bmap[5]      ; booth_datapath:u_datapath|Q_1     ; Clk          ; Clk         ; 1.000        ; 0.232      ; 5.145      ;
; -3.910 ; booth_datapath:u_datapath|Bmap[3]      ; booth_datapath:u_datapath|A[0]    ; Clk          ; Clk         ; 1.000        ; 0.256      ; 5.161      ;
; -3.905 ; booth_datapath:u_datapath|Bmap[6]      ; booth_datapath:u_datapath|Q[5]    ; Clk          ; Clk         ; 1.000        ; 0.228      ; 5.128      ;
; -3.898 ; booth_datapath:u_datapath|Q_1          ; booth_datapath:u_datapath|Q[7]    ; Clk          ; Clk         ; 1.000        ; -0.069     ; 4.824      ;
; -3.897 ; booth_datapath:u_datapath|Q_1          ; booth_datapath:u_datapath|Q_1     ; Clk          ; Clk         ; 1.000        ; -0.069     ; 4.823      ;
; -3.893 ; booth_datapath:u_datapath|Bmap[2]      ; booth_datapath:u_datapath|A[1]    ; Clk          ; Clk         ; 1.000        ; 0.254      ; 5.142      ;
; -3.893 ; booth_datapath:u_datapath|Q_1          ; booth_datapath:u_datapath|Q[5]    ; Clk          ; Clk         ; 1.000        ; -0.073     ; 4.815      ;
; -3.891 ; booth_datapath:u_datapath|Bmap[6]      ; booth_datapath:u_datapath|Bmap[1] ; Clk          ; Clk         ; 1.000        ; -0.057     ; 4.829      ;
; -3.890 ; booth_datapath:u_datapath|Bmap[1]      ; booth_datapath:u_datapath|Q[4]    ; Clk          ; Clk         ; 1.000        ; 0.228      ; 5.113      ;
; -3.890 ; booth_datapath:u_datapath|Q[0]         ; booth_datapath:u_datapath|Q[7]    ; Clk          ; Clk         ; 1.000        ; -0.069     ; 4.816      ;
; -3.889 ; booth_datapath:u_datapath|Q[0]         ; booth_datapath:u_datapath|Q_1     ; Clk          ; Clk         ; 1.000        ; -0.069     ; 4.815      ;
; -3.879 ; booth_datapath:u_datapath|Q_1          ; booth_datapath:u_datapath|A[1]    ; Clk          ; Clk         ; 1.000        ; -0.047     ; 4.827      ;
; -3.875 ; booth_datapath:u_datapath|Bmap[6]      ; booth_datapath:u_datapath|Q[0]    ; Clk          ; Clk         ; 1.000        ; 0.232      ; 5.102      ;
; -3.871 ; booth_datapath:u_datapath|Q[0]         ; booth_datapath:u_datapath|A[1]    ; Clk          ; Clk         ; 1.000        ; -0.047     ; 4.819      ;
; -3.862 ; booth_datapath:u_datapath|Bmap[2]      ; booth_datapath:u_datapath|Q[3]    ; Clk          ; Clk         ; 1.000        ; 0.254      ; 5.111      ;
; -3.857 ; booth_datapath:u_datapath|Bmap[5]      ; booth_datapath:u_datapath|Q[5]    ; Clk          ; Clk         ; 1.000        ; 0.228      ; 5.080      ;
; -3.850 ; booth_datapath:u_datapath|Bmap[1]      ; booth_datapath:u_datapath|A[0]    ; Clk          ; Clk         ; 1.000        ; 0.256      ; 5.101      ;
; -3.845 ; booth_datapath:u_datapath|Bmap[2]      ; booth_datapath:u_datapath|Q[7]    ; Clk          ; Clk         ; 1.000        ; 0.232      ; 5.072      ;
; -3.844 ; booth_datapath:u_datapath|Bmap[2]      ; booth_datapath:u_datapath|Q_1     ; Clk          ; Clk         ; 1.000        ; 0.232      ; 5.071      ;
; -3.843 ; booth_datapath:u_datapath|Bmap[5]      ; booth_datapath:u_datapath|Bmap[1] ; Clk          ; Clk         ; 1.000        ; -0.057     ; 4.781      ;
; -3.829 ; booth_datapath:u_datapath|Bmap[5]      ; booth_datapath:u_datapath|Q[0]    ; Clk          ; Clk         ; 1.000        ; 0.232      ; 5.056      ;
; -3.797 ; booth_datapath:u_datapath|Bmap[4]      ; booth_datapath:u_datapath|A[1]    ; Clk          ; Clk         ; 1.000        ; 0.254      ; 5.046      ;
; -3.783 ; booth_datapath:u_datapath|Bmap[2]      ; booth_datapath:u_datapath|Q[5]    ; Clk          ; Clk         ; 1.000        ; 0.228      ; 5.006      ;
; -3.778 ; booth_datapath:u_datapath|Bmap[7]      ; booth_datapath:u_datapath|A[1]    ; Clk          ; Clk         ; 1.000        ; 0.254      ; 5.027      ;
; -3.777 ; booth_datapath:u_datapath|Bmap[6]      ; booth_datapath:u_datapath|A[4]    ; Clk          ; Clk         ; 1.000        ; 0.254      ; 5.026      ;
; -3.769 ; booth_datapath:u_datapath|Bmap[2]      ; booth_datapath:u_datapath|Bmap[1] ; Clk          ; Clk         ; 1.000        ; -0.057     ; 4.707      ;
; -3.766 ; booth_datapath:u_datapath|Bmap[4]      ; booth_datapath:u_datapath|Q[3]    ; Clk          ; Clk         ; 1.000        ; 0.254      ; 5.015      ;
; -3.753 ; booth_datapath:u_datapath|Bmap[2]      ; booth_datapath:u_datapath|Q[0]    ; Clk          ; Clk         ; 1.000        ; 0.232      ; 4.980      ;
; -3.749 ; booth_datapath:u_datapath|Bmap[4]      ; booth_datapath:u_datapath|Q[7]    ; Clk          ; Clk         ; 1.000        ; 0.232      ; 4.976      ;
; -3.749 ; booth_datapath:u_datapath|Bmap[3]      ; booth_datapath:u_datapath|A[1]    ; Clk          ; Clk         ; 1.000        ; 0.254      ; 4.998      ;
; -3.748 ; booth_datapath:u_datapath|Bmap[4]      ; booth_datapath:u_datapath|Q_1     ; Clk          ; Clk         ; 1.000        ; 0.232      ; 4.975      ;
; -3.747 ; booth_datapath:u_datapath|Bmap[7]      ; booth_datapath:u_datapath|Q[3]    ; Clk          ; Clk         ; 1.000        ; 0.254      ; 4.996      ;
; -3.739 ; booth_datapath:u_datapath|Bmap[6]      ; booth_datapath:u_datapath|A[5]    ; Clk          ; Clk         ; 1.000        ; 0.254      ; 4.988      ;
; -3.737 ; booth_datapath:u_datapath|Bmap[5]      ; booth_datapath:u_datapath|A[4]    ; Clk          ; Clk         ; 1.000        ; 0.254      ; 4.986      ;
; -3.736 ; booth_datapath:u_datapath|Q_1          ; booth_datapath:u_datapath|A[3]    ; Clk          ; Clk         ; 1.000        ; -0.047     ; 4.684      ;
; -3.730 ; booth_datapath:u_datapath|Bmap[7]      ; booth_datapath:u_datapath|Q[7]    ; Clk          ; Clk         ; 1.000        ; 0.232      ; 4.957      ;
; -3.729 ; booth_datapath:u_datapath|Bmap[7]      ; booth_datapath:u_datapath|Q_1     ; Clk          ; Clk         ; 1.000        ; 0.232      ; 4.956      ;
; -3.728 ; booth_datapath:u_datapath|Q[0]         ; booth_datapath:u_datapath|A[3]    ; Clk          ; Clk         ; 1.000        ; -0.047     ; 4.676      ;
; -3.718 ; booth_datapath:u_datapath|Bmap[3]      ; booth_datapath:u_datapath|Q[3]    ; Clk          ; Clk         ; 1.000        ; 0.254      ; 4.967      ;
; -3.701 ; booth_datapath:u_datapath|Bmap[3]      ; booth_datapath:u_datapath|Q[7]    ; Clk          ; Clk         ; 1.000        ; 0.232      ; 4.928      ;
; -3.700 ; booth_datapath:u_datapath|Bmap[3]      ; booth_datapath:u_datapath|Q_1     ; Clk          ; Clk         ; 1.000        ; 0.232      ; 4.927      ;
; -3.691 ; booth_datapath:u_datapath|Bmap[5]      ; booth_datapath:u_datapath|A[5]    ; Clk          ; Clk         ; 1.000        ; 0.254      ; 4.940      ;
; -3.689 ; booth_datapath:u_datapath|Bmap[1]      ; booth_datapath:u_datapath|A[1]    ; Clk          ; Clk         ; 1.000        ; 0.254      ; 4.938      ;
; -3.687 ; booth_datapath:u_datapath|Bmap[4]      ; booth_datapath:u_datapath|Q[5]    ; Clk          ; Clk         ; 1.000        ; 0.228      ; 4.910      ;
; -3.681 ; booth_datapath:u_datapath|Q_1          ; booth_datapath:u_datapath|Q[0]    ; Clk          ; Clk         ; 1.000        ; -0.069     ; 4.607      ;
; -3.673 ; booth_datapath:u_datapath|Bmap[4]      ; booth_datapath:u_datapath|Bmap[1] ; Clk          ; Clk         ; 1.000        ; -0.057     ; 4.611      ;
; -3.673 ; booth_datapath:u_datapath|Q[0]         ; booth_datapath:u_datapath|Q[0]    ; Clk          ; Clk         ; 1.000        ; -0.069     ; 4.599      ;
; -3.668 ; booth_datapath:u_datapath|Bmap[7]      ; booth_datapath:u_datapath|Q[5]    ; Clk          ; Clk         ; 1.000        ; 0.228      ; 4.891      ;
; -3.658 ; booth_datapath:u_datapath|Bmap[1]      ; booth_datapath:u_datapath|Q[3]    ; Clk          ; Clk         ; 1.000        ; 0.254      ; 4.907      ;
; -3.657 ; booth_datapath:u_datapath|Bmap[4]      ; booth_datapath:u_datapath|Q[0]    ; Clk          ; Clk         ; 1.000        ; 0.232      ; 4.884      ;
; -3.655 ; booth_datapath:u_datapath|Bmap[2]      ; booth_datapath:u_datapath|A[4]    ; Clk          ; Clk         ; 1.000        ; 0.254      ; 4.904      ;
; -3.654 ; booth_datapath:u_datapath|Remaining[3] ; booth_datapath:u_datapath|Q[2]    ; Clk          ; Clk         ; 1.000        ; -0.057     ; 4.592      ;
; -3.654 ; booth_datapath:u_datapath|Bmap[7]      ; booth_datapath:u_datapath|Bmap[1] ; Clk          ; Clk         ; 1.000        ; -0.057     ; 4.592      ;
; -3.653 ; booth_datapath:u_datapath|Remaining[2] ; booth_datapath:u_datapath|Q[2]    ; Clk          ; Clk         ; 1.000        ; -0.057     ; 4.591      ;
; -3.641 ; booth_datapath:u_datapath|Bmap[1]      ; booth_datapath:u_datapath|Q[7]    ; Clk          ; Clk         ; 1.000        ; 0.232      ; 4.868      ;
; -3.640 ; booth_datapath:u_datapath|Bmap[1]      ; booth_datapath:u_datapath|Q_1     ; Clk          ; Clk         ; 1.000        ; 0.232      ; 4.867      ;
; -3.639 ; booth_datapath:u_datapath|Bmap[3]      ; booth_datapath:u_datapath|Q[5]    ; Clk          ; Clk         ; 1.000        ; 0.228      ; 4.862      ;
+--------+----------------------------------------+-----------------------------------+--------------+-------------+--------------+------------+------------+


+---------------------------------------------------------------------------------------------------------------------------------------------------------------+
; Slow 1200mV 0C Model Hold: 'Clk'                                                                                                                              ;
+-------+----------------------------------------+----------------------------------------+--------------+-------------+--------------+------------+------------+
; Slack ; From Node                              ; To Node                                ; Launch Clock ; Latch Clock ; Relationship ; Clock Skew ; Data Delay ;
+-------+----------------------------------------+----------------------------------------+--------------+-------------+--------------+------------+------------+
; 0.310 ; booth_control:u_control|State.IDLE     ; booth_control:u_control|State.IDLE     ; Clk          ; Clk         ; 0.000        ; 0.057      ; 0.511      ;
; 0.310 ; booth_control:u_control|State.CALC     ; booth_control:u_control|State.CALC     ; Clk          ; Clk         ; 0.000        ; 0.057      ; 0.511      ;
; 0.344 ; booth_datapath:u_datapath|Remaining[3] ; booth_datapath:u_datapath|Remaining[3] ; Clk          ; Clk         ; 0.000        ; 0.057      ; 0.545      ;
; 0.425 ; booth_control:u_control|State.IDLE     ; booth_control:u_control|State.LOAD     ; Clk          ; Clk         ; 0.000        ; 0.057      ; 0.626      ;
; 0.458 ; booth_control:u_control|State.CALC     ; booth_control:u_control|State.REPORT   ; Clk          ; Clk         ; 0.000        ; 0.057      ; 0.659      ;
; 0.544 ; booth_datapath:u_datapath|Remaining[0] ; booth_datapath:u_datapath|Remaining[0] ; Clk          ; Clk         ; 0.000        ; 0.057      ; 0.745      ;
; 0.549 ; booth_datapath:u_datapath|Remaining[1] ; booth_datapath:u_datapath|Remaining[1] ; Clk          ; Clk         ; 0.000        ; 0.057      ; 0.750      ;
; 0.578 ; booth_control:u_control|State.LOAD     ; booth_datapath:u_datapath|A[8]         ; Clk          ; Clk         ; 0.000        ; 0.382      ; 1.104      ;
; 0.582 ; booth_datapath:u_datapath|Bmap[3]      ; booth_datapath:u_datapath|Bmap[2]      ; Clk          ; Clk         ; 0.000        ; 0.057      ; 0.783      ;
; 0.652 ; booth_datapath:u_datapath|Bmap[2]      ; booth_datapath:u_datapath|Bmap[1]      ; Clk          ; Clk         ; 0.000        ; 0.057      ; 0.853      ;
; 0.665 ; booth_control:u_control|State.LOAD     ; booth_datapath:u_datapath|A[0]         ; Clk          ; Clk         ; 0.000        ; 0.382      ; 1.191      ;
; 0.665 ; booth_control:u_control|State.LOAD     ; booth_datapath:u_datapath|A[2]         ; Clk          ; Clk         ; 0.000        ; 0.382      ; 1.191      ;
; 0.783 ; booth_datapath:u_datapath|Remaining[0] ; booth_datapath:u_datapath|Remaining[1] ; Clk          ; Clk         ; 0.000        ; 0.057      ; 0.984      ;
; 0.790 ; booth_datapath:u_datapath|Remaining[0] ; booth_datapath:u_datapath|Remaining[2] ; Clk          ; Clk         ; 0.000        ; 0.057      ; 0.991      ;
; 0.794 ; booth_datapath:u_datapath|Remaining[1] ; booth_datapath:u_datapath|Remaining[2] ; Clk          ; Clk         ; 0.000        ; 0.057      ; 0.995      ;
; 0.808 ; booth_datapath:u_datapath|Bmap[4]      ; booth_datapath:u_datapath|Bmap[1]      ; Clk          ; Clk         ; 0.000        ; 0.057      ; 1.009      ;
; 0.823 ; booth_control:u_control|State.LOAD     ; booth_datapath:u_datapath|Remaining[3] ; Clk          ; Clk         ; 0.000        ; 0.057      ; 1.024      ;
; 0.823 ; booth_control:u_control|State.LOAD     ; booth_datapath:u_datapath|Remaining[2] ; Clk          ; Clk         ; 0.000        ; 0.057      ; 1.024      ;
; 0.823 ; booth_control:u_control|State.LOAD     ; booth_datapath:u_datapath|Remaining[0] ; Clk          ; Clk         ; 0.000        ; 0.057      ; 1.024      ;
; 0.823 ; booth_control:u_control|State.LOAD     ; booth_datapath:u_datapath|Remaining[1] ; Clk          ; Clk         ; 0.000        ; 0.057      ; 1.024      ;
; 0.851 ; booth_datapath:u_datapath|Remaining[2] ; booth_datapath:u_datapath|Remaining[2] ; Clk          ; Clk         ; 0.000        ; 0.057      ; 1.052      ;
; 0.858 ; booth_datapath:u_datapath|A[8]         ; booth_datapath:u_datapath|A[0]         ; Clk          ; Clk         ; 0.000        ; 0.070      ; 1.072      ;
; 0.862 ; booth_datapath:u_datapath|A[8]         ; booth_datapath:u_datapath|A[8]         ; Clk          ; Clk         ; 0.000        ; 0.070      ; 1.076      ;
; 0.876 ; booth_control:u_control|State.LOAD     ; booth_datapath:u_datapath|Bmap[6]      ; Clk          ; Clk         ; 0.000        ; 0.056      ; 1.076      ;
; 0.879 ; booth_datapath:u_datapath|Remaining[0] ; booth_datapath:u_datapath|Remaining[3] ; Clk          ; Clk         ; 0.000        ; 0.057      ; 1.080      ;
; 0.883 ; booth_datapath:u_datapath|Remaining[1] ; booth_datapath:u_datapath|Remaining[3] ; Clk          ; Clk         ; 0.000        ; 0.057      ; 1.084      ;
; 0.900 ; booth_control:u_control|State.REPORT   ; booth_control:u_control|State.IDLE     ; Clk          ; Clk         ; 0.000        ; 0.057      ; 1.101      ;
; 0.902 ; booth_control:u_control|State.LOAD     ; booth_datapath:u_datapath|Bmap[4]      ; Clk          ; Clk         ; 0.000        ; 0.056      ; 1.102      ;
; 0.917 ; booth_control:u_control|State.LOAD     ; booth_control:u_control|State.CALC     ; Clk          ; Clk         ; 0.000        ; 0.057      ; 1.118      ;
; 0.943 ; booth_datapath:u_datapath|A[8]         ; booth_datapath:u_datapath|A[2]         ; Clk          ; Clk         ; 0.000        ; 0.070      ; 1.157      ;
; 0.986 ; booth_datapath:u_datapath|Bmap[3]      ; booth_datapath:u_datapath|Bmap[1]      ; Clk          ; Clk         ; 0.000        ; 0.057      ; 1.187      ;
; 0.990 ; booth_control:u_control|State.LOAD     ; booth_datapath:u_datapath|A[6]         ; Clk          ; Clk         ; 0.000        ; 0.057      ; 1.191      ;
; 1.010 ; booth_control:u_control|State.LOAD     ; booth_datapath:u_datapath|Q_1          ; Clk          ; Clk         ; 0.000        ; 0.357      ; 1.511      ;
; 1.034 ; booth_control:u_control|State.CALC     ; booth_datapath:u_datapath|A[8]         ; Clk          ; Clk         ; 0.000        ; 0.382      ; 1.560      ;
; 1.034 ; booth_control:u_control|State.CALC     ; booth_datapath:u_datapath|A[0]         ; Clk          ; Clk         ; 0.000        ; 0.382      ; 1.560      ;
; 1.034 ; booth_control:u_control|State.CALC     ; booth_datapath:u_datapath|A[2]         ; Clk          ; Clk         ; 0.000        ; 0.382      ; 1.560      ;
; 1.034 ; booth_control:u_control|State.CALC     ; booth_datapath:u_datapath|Q[6]         ; Clk          ; Clk         ; 0.000        ; 0.382      ; 1.560      ;
; 1.076 ; booth_control:u_control|State.LOAD     ; booth_datapath:u_datapath|Q[2]         ; Clk          ; Clk         ; 0.000        ; 0.057      ; 1.277      ;
; 1.093 ; booth_datapath:u_datapath|Remaining[2] ; booth_datapath:u_datapath|Remaining[3] ; Clk          ; Clk         ; 0.000        ; 0.057      ; 1.294      ;
; 1.149 ; booth_control:u_control|State.LOAD     ; booth_datapath:u_datapath|A[7]         ; Clk          ; Clk         ; 0.000        ; 0.380      ; 1.673      ;
; 1.149 ; booth_control:u_control|State.LOAD     ; booth_datapath:u_datapath|A[3]         ; Clk          ; Clk         ; 0.000        ; 0.380      ; 1.673      ;
; 1.149 ; booth_control:u_control|State.LOAD     ; booth_datapath:u_datapath|A[1]         ; Clk          ; Clk         ; 0.000        ; 0.380      ; 1.673      ;
; 1.149 ; booth_control:u_control|State.LOAD     ; booth_datapath:u_datapath|A[4]         ; Clk          ; Clk         ; 0.000        ; 0.380      ; 1.673      ;
; 1.149 ; booth_control:u_control|State.LOAD     ; booth_datapath:u_datapath|A[5]         ; Clk          ; Clk         ; 0.000        ; 0.380      ; 1.673      ;
; 1.155 ; booth_control:u_control|State.LOAD     ; booth_datapath:u_datapath|Q[7]         ; Clk          ; Clk         ; 0.000        ; 0.357      ; 1.656      ;
; 1.161 ; booth_datapath:u_datapath|Remaining[3] ; booth_datapath:u_datapath|A[2]         ; Clk          ; Clk         ; 0.000        ; 0.382      ; 1.687      ;
; 1.163 ; booth_datapath:u_datapath|Remaining[3] ; booth_datapath:u_datapath|A[0]         ; Clk          ; Clk         ; 0.000        ; 0.382      ; 1.689      ;
; 1.164 ; booth_datapath:u_datapath|A[8]         ; booth_datapath:u_datapath|A[7]         ; Clk          ; Clk         ; 0.000        ; 0.068      ; 1.376      ;
; 1.164 ; booth_datapath:u_datapath|A[8]         ; booth_datapath:u_datapath|A[3]         ; Clk          ; Clk         ; 0.000        ; 0.068      ; 1.376      ;
; 1.164 ; booth_datapath:u_datapath|A[8]         ; booth_datapath:u_datapath|A[5]         ; Clk          ; Clk         ; 0.000        ; 0.068      ; 1.376      ;
; 1.165 ; booth_datapath:u_datapath|A[8]         ; booth_datapath:u_datapath|A[1]         ; Clk          ; Clk         ; 0.000        ; 0.068      ; 1.377      ;
; 1.167 ; booth_control:u_control|State.LOAD     ; booth_datapath:u_datapath|Bmap[3]      ; Clk          ; Clk         ; 0.000        ; 0.056      ; 1.367      ;
; 1.167 ; booth_control:u_control|State.LOAD     ; booth_datapath:u_datapath|M[7]         ; Clk          ; Clk         ; 0.000        ; 0.056      ; 1.367      ;
; 1.167 ; booth_control:u_control|State.LOAD     ; booth_datapath:u_datapath|M[3]         ; Clk          ; Clk         ; 0.000        ; 0.056      ; 1.367      ;
; 1.167 ; booth_datapath:u_datapath|A[8]         ; booth_datapath:u_datapath|A[4]         ; Clk          ; Clk         ; 0.000        ; 0.068      ; 1.379      ;
; 1.167 ; booth_control:u_control|State.LOAD     ; booth_datapath:u_datapath|M[6]         ; Clk          ; Clk         ; 0.000        ; 0.056      ; 1.367      ;
; 1.181 ; booth_datapath:u_datapath|A[8]         ; booth_datapath:u_datapath|A[6]         ; Clk          ; Clk         ; 0.000        ; -0.255     ; 1.070      ;
; 1.201 ; booth_control:u_control|State.CALC     ; booth_datapath:u_datapath|Q[2]         ; Clk          ; Clk         ; 0.000        ; 0.057      ; 1.402      ;
; 1.260 ; booth_datapath:u_datapath|Remaining[3] ; booth_control:u_control|State.REPORT   ; Clk          ; Clk         ; 0.000        ; 0.057      ; 1.461      ;
; 1.262 ; booth_datapath:u_datapath|Q_1          ; booth_datapath:u_datapath|A[0]         ; Clk          ; Clk         ; 0.000        ; 0.094      ; 1.500      ;
; 1.264 ; booth_datapath:u_datapath|Bmap[4]      ; booth_datapath:u_datapath|Bmap[3]      ; Clk          ; Clk         ; 0.000        ; 0.057      ; 1.465      ;
; 1.266 ; booth_datapath:u_datapath|Q_1          ; booth_datapath:u_datapath|A[8]         ; Clk          ; Clk         ; 0.000        ; 0.094      ; 1.504      ;
; 1.266 ; booth_datapath:u_datapath|Remaining[2] ; booth_datapath:u_datapath|A[4]         ; Clk          ; Clk         ; 0.000        ; 0.380      ; 1.790      ;
; 1.270 ; booth_datapath:u_datapath|Remaining[2] ; booth_datapath:u_datapath|A[5]         ; Clk          ; Clk         ; 0.000        ; 0.380      ; 1.794      ;
; 1.272 ; booth_datapath:u_datapath|Remaining[3] ; booth_control:u_control|State.CALC     ; Clk          ; Clk         ; 0.000        ; 0.057      ; 1.473      ;
; 1.277 ; booth_control:u_control|State.LOAD     ; booth_datapath:u_datapath|Bmap[5]      ; Clk          ; Clk         ; 0.000        ; 0.056      ; 1.477      ;
; 1.278 ; booth_control:u_control|State.LOAD     ; booth_datapath:u_datapath|Bmap[7]      ; Clk          ; Clk         ; 0.000        ; 0.056      ; 1.478      ;
; 1.278 ; booth_control:u_control|State.LOAD     ; booth_datapath:u_datapath|Bmap[1]      ; Clk          ; Clk         ; 0.000        ; 0.056      ; 1.478      ;
; 1.294 ; booth_datapath:u_datapath|Remaining[3] ; booth_datapath:u_datapath|Q[6]         ; Clk          ; Clk         ; 0.000        ; 0.382      ; 1.820      ;
; 1.294 ; booth_datapath:u_datapath|A[6]         ; booth_datapath:u_datapath|A[6]         ; Clk          ; Clk         ; 0.000        ; 0.057      ; 1.495      ;
; 1.295 ; booth_datapath:u_datapath|Remaining[3] ; booth_datapath:u_datapath|Q[4]         ; Clk          ; Clk         ; 0.000        ; 0.353      ; 1.792      ;
; 1.301 ; booth_control:u_control|State.CALC     ; booth_datapath:u_datapath|Q[7]         ; Clk          ; Clk         ; 0.000        ; 0.357      ; 1.802      ;
; 1.301 ; booth_control:u_control|State.CALC     ; booth_datapath:u_datapath|Q_1          ; Clk          ; Clk         ; 0.000        ; 0.357      ; 1.802      ;
; 1.301 ; booth_datapath:u_datapath|Remaining[3] ; booth_datapath:u_datapath|Q[0]         ; Clk          ; Clk         ; 0.000        ; 0.357      ; 1.802      ;
; 1.309 ; booth_control:u_control|State.LOAD     ; booth_datapath:u_datapath|Q[1]         ; Clk          ; Clk         ; 0.000        ; 0.353      ; 1.806      ;
; 1.317 ; booth_datapath:u_datapath|Remaining[3] ; booth_datapath:u_datapath|Q[7]         ; Clk          ; Clk         ; 0.000        ; 0.357      ; 1.818      ;
; 1.322 ; booth_datapath:u_datapath|A[6]         ; booth_datapath:u_datapath|Q[6]         ; Clk          ; Clk         ; 0.000        ; 0.382      ; 1.848      ;
; 1.331 ; booth_datapath:u_datapath|Remaining[3] ; booth_datapath:u_datapath|Q_1          ; Clk          ; Clk         ; 0.000        ; 0.357      ; 1.832      ;
; 1.331 ; booth_datapath:u_datapath|Bmap[6]      ; booth_datapath:u_datapath|Bmap[5]      ; Clk          ; Clk         ; 0.000        ; 0.057      ; 1.532      ;
; 1.341 ; booth_control:u_control|State.LOAD     ; booth_datapath:u_datapath|Q[3]         ; Clk          ; Clk         ; 0.000        ; 0.380      ; 1.865      ;
; 1.347 ; booth_datapath:u_datapath|Q_1          ; booth_datapath:u_datapath|A[2]         ; Clk          ; Clk         ; 0.000        ; 0.094      ; 1.585      ;
; 1.348 ; booth_datapath:u_datapath|A[6]         ; booth_datapath:u_datapath|A[2]         ; Clk          ; Clk         ; 0.000        ; 0.382      ; 1.874      ;
; 1.368 ; booth_control:u_control|State.LOAD     ; booth_datapath:u_datapath|Q[0]         ; Clk          ; Clk         ; 0.000        ; 0.357      ; 1.869      ;
; 1.382 ; booth_control:u_control|State.CALC     ; booth_datapath:u_datapath|A[6]         ; Clk          ; Clk         ; 0.000        ; 0.057      ; 1.583      ;
; 1.386 ; booth_datapath:u_datapath|Bmap[4]      ; booth_datapath:u_datapath|Bmap[2]      ; Clk          ; Clk         ; 0.000        ; 0.057      ; 1.587      ;
; 1.391 ; booth_control:u_control|State.CALC     ; booth_datapath:u_datapath|A[7]         ; Clk          ; Clk         ; 0.000        ; 0.380      ; 1.915      ;
; 1.391 ; booth_control:u_control|State.CALC     ; booth_datapath:u_datapath|A[3]         ; Clk          ; Clk         ; 0.000        ; 0.380      ; 1.915      ;
; 1.391 ; booth_control:u_control|State.CALC     ; booth_datapath:u_datapath|A[1]         ; Clk          ; Clk         ; 0.000        ; 0.380      ; 1.915      ;
; 1.391 ; booth_control:u_control|State.CALC     ; booth_datapath:u_datapath|A[4]         ; Clk          ; Clk         ; 0.000        ; 0.380      ; 1.915      ;
; 1.391 ; booth_control:u_control|State.CALC     ; booth_datapath:u_datapath|A[5]         ; Clk          ; Clk         ; 0.000        ; 0.380      ; 1.915      ;
; 1.391 ; booth_control:u_control|State.CALC     ; booth_datapath:u_datapath|Q[3]         ; Clk          ; Clk         ; 0.000        ; 0.380      ; 1.915      ;
; 1.392 ; booth_control:u_control|State.LOAD     ; booth_datapath:u_datapath|M[0]         ; Clk          ; Clk         ; 0.000        ; 0.056      ; 1.592      ;
; 1.392 ; booth_control:u_control|State.LOAD     ; booth_datapath:u_datapath|M[1]         ; Clk          ; Clk         ; 0.000        ; 0.056      ; 1.592      ;
; 1.392 ; booth_control:u_control|State.LOAD     ; booth_datapath:u_datapath|M[2]         ; Clk          ; Clk         ; 0.000        ; 0.056      ; 1.592      ;
; 1.392 ; booth_control:u_control|State.LOAD     ; booth_datapath:u_datapath|M[4]         ; Clk          ; Clk         ; 0.000        ; 0.056      ; 1.592      ;
; 1.392 ; booth_control:u_control|State.LOAD     ; booth_datapath:u_datapath|M[5]         ; Clk          ; Clk         ; 0.000        ; 0.056      ; 1.592      ;
; 1.398 ; booth_datapath:u_datapath|Remaining[3] ; booth_datapath:u_datapath|Bmap[3]      ; Clk          ; Clk         ; 0.000        ; 0.056      ; 1.598      ;
; 1.413 ; booth_datapath:u_datapath|Remaining[3] ; booth_datapath:u_datapath|Bmap[6]      ; Clk          ; Clk         ; 0.000        ; 0.056      ; 1.613      ;
; 1.416 ; booth_control:u_control|State.LOAD     ; booth_datapath:u_datapath|Q[5]         ; Clk          ; Clk         ; 0.000        ; 0.353      ; 1.913      ;
; 1.416 ; booth_datapath:u_datapath|Bmap[7]      ; booth_datapath:u_datapath|Bmap[6]      ; Clk          ; Clk         ; 0.000        ; 0.057      ; 1.617      ;
+-------+----------------------------------------+----------------------------------------+--------------+-------------+--------------+------------+------------+


+-------------------------------------------------------------------------------------------------------------------------+
; Slow 1200mV 0C Model Minimum Pulse Width: 'Clk'                                                                         ;
+--------+--------------+----------------+------------------+-------+------------+----------------------------------------+
; Slack  ; Actual Width ; Required Width ; Type             ; Clock ; Clock Edge ; Target                                 ;
+--------+--------------+----------------+------------------+-------+------------+----------------------------------------+
; -3.000 ; 1.000        ; 4.000          ; Port Rate        ; Clk   ; Rise       ; Clk                                    ;
; -1.000 ; 1.000        ; 2.000          ; Min Period       ; Clk   ; Rise       ; booth_control:u_control|State.CALC     ;
; -1.000 ; 1.000        ; 2.000          ; Min Period       ; Clk   ; Rise       ; booth_control:u_control|State.IDLE     ;
; -1.000 ; 1.000        ; 2.000          ; Min Period       ; Clk   ; Rise       ; booth_control:u_control|State.LOAD     ;
; -1.000 ; 1.000        ; 2.000          ; Min Period       ; Clk   ; Rise       ; booth_control:u_control|State.REPORT   ;
; -1.000 ; 1.000        ; 2.000          ; Min Period       ; Clk   ; Rise       ; booth_datapath:u_datapath|A[0]         ;
; -1.000 ; 1.000        ; 2.000          ; Min Period       ; Clk   ; Rise       ; booth_datapath:u_datapath|A[1]         ;
; -1.000 ; 1.000        ; 2.000          ; Min Period       ; Clk   ; Rise       ; booth_datapath:u_datapath|A[2]         ;
; -1.000 ; 1.000        ; 2.000          ; Min Period       ; Clk   ; Rise       ; booth_datapath:u_datapath|A[3]         ;
; -1.000 ; 1.000        ; 2.000          ; Min Period       ; Clk   ; Rise       ; booth_datapath:u_datapath|A[4]         ;
; -1.000 ; 1.000        ; 2.000          ; Min Period       ; Clk   ; Rise       ; booth_datapath:u_datapath|A[5]         ;
; -1.000 ; 1.000        ; 2.000          ; Min Period       ; Clk   ; Rise       ; booth_datapath:u_datapath|A[6]         ;
; -1.000 ; 1.000        ; 2.000          ; Min Period       ; Clk   ; Rise       ; booth_datapath:u_datapath|A[7]         ;
; -1.000 ; 1.000        ; 2.000          ; Min Period       ; Clk   ; Rise       ; booth_datapath:u_datapath|A[8]         ;
; -1.000 ; 1.000        ; 2.000          ; Min Period       ; Clk   ; Rise       ; booth_datapath:u_datapath|Bmap[1]      ;
; -1.000 ; 1.000        ; 2.000          ; Min Period       ; Clk   ; Rise       ; booth_datapath:u_datapath|Bmap[2]      ;
; -1.000 ; 1.000        ; 2.000          ; Min Period       ; Clk   ; Rise       ; booth_datapath:u_datapath|Bmap[3]      ;
; -1.000 ; 1.000        ; 2.000          ; Min Period       ; Clk   ; Rise       ; booth_datapath:u_datapath|Bmap[4]      ;
; -1.000 ; 1.000        ; 2.000          ; Min Period       ; Clk   ; Rise       ; booth_datapath:u_datapath|Bmap[5]      ;
; -1.000 ; 1.000        ; 2.000          ; Min Period       ; Clk   ; Rise       ; booth_datapath:u_datapath|Bmap[6]      ;
; -1.000 ; 1.000        ; 2.000          ; Min Period       ; Clk   ; Rise       ; booth_datapath:u_datapath|Bmap[7]      ;
; -1.000 ; 1.000        ; 2.000          ; Min Period       ; Clk   ; Rise       ; booth_datapath:u_datapath|M[0]         ;
; -1.000 ; 1.000        ; 2.000          ; Min Period       ; Clk   ; Rise       ; booth_datapath:u_datapath|M[1]         ;
; -1.000 ; 1.000        ; 2.000          ; Min Period       ; Clk   ; Rise       ; booth_datapath:u_datapath|M[2]         ;
; -1.000 ; 1.000        ; 2.000          ; Min Period       ; Clk   ; Rise       ; booth_datapath:u_datapath|M[3]         ;
; -1.000 ; 1.000        ; 2.000          ; Min Period       ; Clk   ; Rise       ; booth_datapath:u_datapath|M[4]         ;
; -1.000 ; 1.000        ; 2.000          ; Min Period       ; Clk   ; Rise       ; booth_datapath:u_datapath|M[5]         ;
; -1.000 ; 1.000        ; 2.000          ; Min Period       ; Clk   ; Rise       ; booth_datapath:u_datapath|M[6]         ;
; -1.000 ; 1.000        ; 2.000          ; Min Period       ; Clk   ; Rise       ; booth_datapath:u_datapath|M[7]         ;
; -1.000 ; 1.000        ; 2.000          ; Min Period       ; Clk   ; Rise       ; booth_datapath:u_datapath|Q[0]         ;
; -1.000 ; 1.000        ; 2.000          ; Min Period       ; Clk   ; Rise       ; booth_datapath:u_datapath|Q[1]         ;
; -1.000 ; 1.000        ; 2.000          ; Min Period       ; Clk   ; Rise       ; booth_datapath:u_datapath|Q[2]         ;
; -1.000 ; 1.000        ; 2.000          ; Min Period       ; Clk   ; Rise       ; booth_datapath:u_datapath|Q[3]         ;
; -1.000 ; 1.000        ; 2.000          ; Min Period       ; Clk   ; Rise       ; booth_datapath:u_datapath|Q[4]         ;
; -1.000 ; 1.000        ; 2.000          ; Min Period       ; Clk   ; Rise       ; booth_datapath:u_datapath|Q[5]         ;
; -1.000 ; 1.000        ; 2.000          ; Min Period       ; Clk   ; Rise       ; booth_datapath:u_datapath|Q[6]         ;
; -1.000 ; 1.000        ; 2.000          ; Min Period       ; Clk   ; Rise       ; booth_datapath:u_datapath|Q[7]         ;
; -1.000 ; 1.000        ; 2.000          ; Min Period       ; Clk   ; Rise       ; booth_datapath:u_datapath|Q_1          ;
; -1.000 ; 1.000        ; 2.000          ; Min Period       ; Clk   ; Rise       ; booth_datapath:u_datapath|Remaining[0] ;
; -1.000 ; 1.000        ; 2.000          ; Min Period       ; Clk   ; Rise       ; booth_datapath:u_datapath|Remaining[1] ;
; -1.000 ; 1.000        ; 2.000          ; Min Period       ; Clk   ; Rise       ; booth_datapath:u_datapath|Remaining[2] ;
; -1.000 ; 1.000        ; 2.000          ; Min Period       ; Clk   ; Rise       ; booth_datapath:u_datapath|Remaining[3] ;
; 0.204  ; 0.388        ; 0.184          ; Low Pulse Width  ; Clk   ; Rise       ; booth_datapath:u_datapath|A[0]         ;
; 0.204  ; 0.388        ; 0.184          ; Low Pulse Width  ; Clk   ; Rise       ; booth_datapath:u_datapath|A[2]         ;
; 0.204  ; 0.388        ; 0.184          ; Low Pulse Width  ; Clk   ; Rise       ; booth_datapath:u_datapath|A[8]         ;
; 0.204  ; 0.388        ; 0.184          ; Low Pulse Width  ; Clk   ; Rise       ; booth_datapath:u_datapath|Q[6]         ;
; 0.212  ; 0.396        ; 0.184          ; Low Pulse Width  ; Clk   ; Rise       ; booth_datapath:u_datapath|A[1]         ;
; 0.212  ; 0.396        ; 0.184          ; Low Pulse Width  ; Clk   ; Rise       ; booth_datapath:u_datapath|A[3]         ;
; 0.212  ; 0.396        ; 0.184          ; Low Pulse Width  ; Clk   ; Rise       ; booth_datapath:u_datapath|A[4]         ;
; 0.212  ; 0.396        ; 0.184          ; Low Pulse Width  ; Clk   ; Rise       ; booth_datapath:u_datapath|A[5]         ;
; 0.212  ; 0.396        ; 0.184          ; Low Pulse Width  ; Clk   ; Rise       ; booth_datapath:u_datapath|A[7]         ;
; 0.212  ; 0.396        ; 0.184          ; Low Pulse Width  ; Clk   ; Rise       ; booth_datapath:u_datapath|Q[3]         ;
; 0.217  ; 0.401        ; 0.184          ; Low Pulse Width  ; Clk   ; Rise       ; booth_datapath:u_datapath|M[0]         ;
; 0.217  ; 0.401        ; 0.184          ; Low Pulse Width  ; Clk   ; Rise       ; booth_datapath:u_datapath|M[1]         ;
; 0.217  ; 0.401        ; 0.184          ; Low Pulse Width  ; Clk   ; Rise       ; booth_datapath:u_datapath|M[2]         ;
; 0.217  ; 0.401        ; 0.184          ; Low Pulse Width  ; Clk   ; Rise       ; booth_datapath:u_datapath|M[3]         ;
; 0.217  ; 0.401        ; 0.184          ; Low Pulse Width  ; Clk   ; Rise       ; booth_datapath:u_datapath|M[4]         ;
; 0.217  ; 0.401        ; 0.184          ; Low Pulse Width  ; Clk   ; Rise       ; booth_datapath:u_datapath|M[5]         ;
; 0.217  ; 0.401        ; 0.184          ; Low Pulse Width  ; Clk   ; Rise       ; booth_datapath:u_datapath|M[6]         ;
; 0.217  ; 0.401        ; 0.184          ; Low Pulse Width  ; Clk   ; Rise       ; booth_datapath:u_datapath|M[7]         ;
; 0.217  ; 0.401        ; 0.184          ; Low Pulse Width  ; Clk   ; Rise       ; booth_datapath:u_datapath|Q[0]         ;
; 0.217  ; 0.401        ; 0.184          ; Low Pulse Width  ; Clk   ; Rise       ; booth_datapath:u_datapath|Q[7]         ;
; 0.217  ; 0.401        ; 0.184          ; Low Pulse Width  ; Clk   ; Rise       ; booth_datapath:u_datapath|Q_1          ;
; 0.218  ; 0.402        ; 0.184          ; Low Pulse Width  ; Clk   ; Rise       ; booth_control:u_control|State.CALC     ;
; 0.218  ; 0.402        ; 0.184          ; Low Pulse Width  ; Clk   ; Rise       ; booth_control:u_control|State.IDLE     ;
; 0.218  ; 0.402        ; 0.184          ; Low Pulse Width  ; Clk   ; Rise       ; booth_control:u_control|State.LOAD     ;
; 0.218  ; 0.402        ; 0.184          ; Low Pulse Width  ; Clk   ; Rise       ; booth_control:u_control|State.REPORT   ;
; 0.218  ; 0.402        ; 0.184          ; Low Pulse Width  ; Clk   ; Rise       ; booth_datapath:u_datapath|A[6]         ;
; 0.218  ; 0.402        ; 0.184          ; Low Pulse Width  ; Clk   ; Rise       ; booth_datapath:u_datapath|Bmap[1]      ;
; 0.218  ; 0.402        ; 0.184          ; Low Pulse Width  ; Clk   ; Rise       ; booth_datapath:u_datapath|Bmap[2]      ;
; 0.218  ; 0.402        ; 0.184          ; Low Pulse Width  ; Clk   ; Rise       ; booth_datapath:u_datapath|Bmap[3]      ;
; 0.218  ; 0.402        ; 0.184          ; Low Pulse Width  ; Clk   ; Rise       ; booth_datapath:u_datapath|Bmap[4]      ;
; 0.218  ; 0.402        ; 0.184          ; Low Pulse Width  ; Clk   ; Rise       ; booth_datapath:u_datapath|Bmap[5]      ;
; 0.218  ; 0.402        ; 0.184          ; Low Pulse Width  ; Clk   ; Rise       ; booth_datapath:u_datapath|Bmap[6]      ;
; 0.218  ; 0.402        ; 0.184          ; Low Pulse Width  ; Clk   ; Rise       ; booth_datapath:u_datapath|Bmap[7]      ;
; 0.218  ; 0.402        ; 0.184          ; Low Pulse Width  ; Clk   ; Rise       ; booth_datapath:u_datapath|Q[2]         ;
; 0.218  ; 0.402        ; 0.184          ; Low Pulse Width  ; Clk   ; Rise       ; booth_datapath:u_datapath|Remaining[0] ;
; 0.218  ; 0.402        ; 0.184          ; Low Pulse Width  ; Clk   ; Rise       ; booth_datapath:u_datapath|Remaining[1] ;
; 0.218  ; 0.402        ; 0.184          ; Low Pulse Width  ; Clk   ; Rise       ; booth_datapath:u_datapath|Remaining[2] ;
; 0.218  ; 0.402        ; 0.184          ; Low Pulse Width  ; Clk   ; Rise       ; booth_datapath:u_datapath|Remaining[3] ;
; 0.222  ; 0.406        ; 0.184          ; Low Pulse Width  ; Clk   ; Rise       ; booth_datapath:u_datapath|Q[1]         ;
; 0.222  ; 0.406        ; 0.184          ; Low Pulse Width  ; Clk   ; Rise       ; booth_datapath:u_datapath|Q[4]         ;
; 0.222  ; 0.406        ; 0.184          ; Low Pulse Width  ; Clk   ; Rise       ; booth_datapath:u_datapath|Q[5]         ;
; 0.344  ; 0.344        ; 0.000          ; Low Pulse Width  ; Clk   ; Rise       ; Clk~input|o                            ;
; 0.346  ; 0.346        ; 0.000          ; Low Pulse Width  ; Clk   ; Rise       ; Clk~inputclkctrl|inclk[0]              ;
; 0.346  ; 0.346        ; 0.000          ; Low Pulse Width  ; Clk   ; Rise       ; Clk~inputclkctrl|outclk                ;
; 0.364  ; 0.364        ; 0.000          ; Low Pulse Width  ; Clk   ; Rise       ; u_datapath|A[0]|clk                    ;
; 0.364  ; 0.364        ; 0.000          ; Low Pulse Width  ; Clk   ; Rise       ; u_datapath|A[2]|clk                    ;
; 0.364  ; 0.364        ; 0.000          ; Low Pulse Width  ; Clk   ; Rise       ; u_datapath|A[8]|clk                    ;
; 0.364  ; 0.364        ; 0.000          ; Low Pulse Width  ; Clk   ; Rise       ; u_datapath|Q[6]|clk                    ;
; 0.372  ; 0.372        ; 0.000          ; Low Pulse Width  ; Clk   ; Rise       ; u_datapath|A[1]|clk                    ;
; 0.372  ; 0.372        ; 0.000          ; Low Pulse Width  ; Clk   ; Rise       ; u_datapath|A[3]|clk                    ;
; 0.372  ; 0.372        ; 0.000          ; Low Pulse Width  ; Clk   ; Rise       ; u_datapath|A[4]|clk                    ;
; 0.372  ; 0.372        ; 0.000          ; Low Pulse Width  ; Clk   ; Rise       ; u_datapath|A[5]|clk                    ;
; 0.372  ; 0.372        ; 0.000          ; Low Pulse Width  ; Clk   ; Rise       ; u_datapath|A[7]|clk                    ;
; 0.372  ; 0.372        ; 0.000          ; Low Pulse Width  ; Clk   ; Rise       ; u_datapath|Q[3]|clk                    ;
; 0.376  ; 0.592        ; 0.216          ; High Pulse Width ; Clk   ; Rise       ; booth_datapath:u_datapath|Q[1]         ;
; 0.376  ; 0.592        ; 0.216          ; High Pulse Width ; Clk   ; Rise       ; booth_datapath:u_datapath|Q[4]         ;
; 0.376  ; 0.592        ; 0.216          ; High Pulse Width ; Clk   ; Rise       ; booth_datapath:u_datapath|Q[5]         ;
; 0.377  ; 0.377        ; 0.000          ; Low Pulse Width  ; Clk   ; Rise       ; u_datapath|M[0]|clk                    ;
+--------+--------------+----------------+------------------+-------+------------+----------------------------------------+


+------------------------------------------------------------------------------+
; Setup Times                                                                  ;
+------------------+------------+-------+-------+------------+-----------------+
; Data Port        ; Clock Port ; Rise  ; Fall  ; Clock Edge ; Clock Reference ;
+------------------+------------+-------+-------+------------+-----------------+
; Multiplicand[*]  ; Clk        ; 2.160 ; 2.563 ; Rise       ; Clk             ;
;  Multiplicand[0] ; Clk        ; 1.887 ; 2.256 ; Rise       ; Clk             ;
;  Multiplicand[1] ; Clk        ; 1.869 ; 2.250 ; Rise       ; Clk             ;
;  Multiplicand[2] ; Clk        ; 2.016 ; 2.432 ; Rise       ; Clk             ;
;  Multiplicand[3] ; Clk        ; 2.160 ; 2.563 ; Rise       ; Clk             ;
;  Multiplicand[4] ; Clk        ; 2.158 ; 2.539 ; Rise       ; Clk             ;
;  Multiplicand[5] ; Clk        ; 1.962 ; 2.317 ; Rise       ; Clk             ;
;  Multiplicand[6] ; Clk        ; 1.728 ; 2.089 ; Rise       ; Clk             ;
;  Multiplicand[7] ; Clk        ; 1.715 ; 2.114 ; Rise       ; Clk             ;
; Multiplier[*]    ; Clk        ; 3.737 ; 4.127 ; Rise       ; Clk             ;
;  Multiplier[0]   ; Clk        ; 1.201 ; 1.336 ; Rise       ; Clk             ;
;  Multiplier[1]   ; Clk        ; 1.312 ; 1.430 ; Rise       ; Clk             ;
;  Multiplier[2]   ; Clk        ; 3.737 ; 4.127 ; Rise       ; Clk             ;
;  Multiplier[3]   ; Clk        ; 2.085 ; 2.482 ; Rise       ; Clk             ;
;  Multiplier[4]   ; Clk        ; 2.250 ; 2.655 ; Rise       ; Clk             ;
;  Multiplier[5]   ; Clk        ; 2.708 ; 3.077 ; Rise       ; Clk             ;
;  Multiplier[6]   ; Clk        ; 3.171 ; 3.534 ; Rise       ; Clk             ;
;  Multiplier[7]   ; Clk        ; 2.755 ; 3.149 ; Rise       ; Clk             ;
; Start            ; Clk        ; 1.968 ; 2.402 ; Rise       ; Clk             ;
+------------------+------------+-------+-------+------------+-----------------+


+--------------------------------------------------------------------------------+
; Hold Times                                                                     ;
+------------------+------------+--------+--------+------------+-----------------+
; Data Port        ; Clock Port ; Rise   ; Fall   ; Clock Edge ; Clock Reference ;
+------------------+------------+--------+--------+------------+-----------------+
; Multiplicand[*]  ; Clk        ; -1.368 ; -1.735 ; Rise       ; Clk             ;
;  Multiplicand[0] ; Clk        ; -1.535 ; -1.894 ; Rise       ; Clk             ;
;  Multiplicand[1] ; Clk        ; -1.516 ; -1.887 ; Rise       ; Clk             ;
;  Multiplicand[2] ; Clk        ; -1.657 ; -2.062 ; Rise       ; Clk             ;
;  Multiplicand[3] ; Clk        ; -1.796 ; -2.187 ; Rise       ; Clk             ;
;  Multiplicand[4] ; Clk        ; -1.794 ; -2.166 ; Rise       ; Clk             ;
;  Multiplicand[5] ; Clk        ; -1.608 ; -1.953 ; Rise       ; Clk             ;
;  Multiplicand[6] ; Clk        ; -1.383 ; -1.735 ; Rise       ; Clk             ;
;  Multiplicand[7] ; Clk        ; -1.368 ; -1.757 ; Rise       ; Clk             ;
; Multiplier[*]    ; Clk        ; 0.596  ; 0.454  ; Rise       ; Clk             ;
;  Multiplier[0]   ; Clk        ; 0.596  ; 0.454  ; Rise       ; Clk             ;
;  Multiplier[1]   ; Clk        ; 0.565  ; 0.435  ; Rise       ; Clk             ;
;  Multiplier[2]   ; Clk        ; -1.787 ; -2.156 ; Rise       ; Clk             ;
;  Multiplier[3]   ; Clk        ; -1.345 ; -1.747 ; Rise       ; Clk             ;
;  Multiplier[4]   ; Clk        ; -1.347 ; -1.728 ; Rise       ; Clk             ;
;  Multiplier[5]   ; Clk        ; -1.530 ; -1.942 ; Rise       ; Clk             ;
;  Multiplier[6]   ; Clk        ; -1.850 ; -2.263 ; Rise       ; Clk             ;
;  Multiplier[7]   ; Clk        ; -1.182 ; -1.543 ; Rise       ; Clk             ;
; Start            ; Clk        ; -1.600 ; -2.016 ; Rise       ; Clk             ;
+------------------+------------+--------+--------+------------+-----------------+


+--------------------------------------------------------------------------+
; Clock to Output Times                                                    ;
+--------------+------------+-------+-------+------------+-----------------+
; Data Port    ; Clock Port ; Rise  ; Fall  ; Clock Edge ; Clock Reference ;
+--------------+------------+-------+-------+------------+-----------------+
; Done         ; Clk        ; 5.997 ; 5.875 ; Rise       ; Clk             ;
; Product[*]   ; Clk        ; 7.243 ; 7.211 ; Rise       ; Clk             ;
;  Product[0]  ; Clk        ; 6.870 ; 6.729 ; Rise       ; Clk             ;
;  Product[1]  ; Clk        ; 6.090 ; 6.043 ; Rise       ; Clk             ;
;  Product[2]  ; Clk        ; 5.869 ; 5.762 ; Rise       ; Clk             ;
;  Product[3]  ; Clk        ; 7.243 ; 7.211 ; Rise       ; Clk             ;
;  Product[4]  ; Clk        ; 6.305 ; 6.213 ; Rise       ; Clk             ;
;  Product[5]  ; Clk        ; 6.213 ; 6.112 ; Rise       ; Clk             ;
;  Product[6]  ; Clk        ; 6.758 ; 6.642 ; Rise       ; Clk             ;
;  Product[7]  ; Clk        ; 6.311 ; 6.259 ; Rise       ; Clk             ;
;  Product[8]  ; Clk        ; 6.289 ; 6.209 ; Rise       ; Clk             ;
;  Product[9]  ; Clk        ; 6.496 ; 6.425 ; Rise       ; Clk             ;
;  Product[10] ; Clk        ; 6.481 ; 6.482 ; Rise       ; Clk             ;
;  Product[11] ; Clk        ; 6.217 ; 6.108 ; Rise       ; Clk             ;
;  Product[12] ; Clk        ; 7.119 ; 7.006 ; Rise       ; Clk             ;
;  Product[13] ; Clk        ; 6.508 ; 6.407 ; Rise       ; Clk             ;
;  Product[14] ; Clk        ; 6.486 ; 6.425 ; Rise       ; Clk             ;
;  Product[15] ; Clk        ; 6.969 ; 6.944 ; Rise       ; Clk             ;
+--------------+------------+-------+-------+------------+-----------------+


+--------------------------------------------------------------------------+
; Minimum Clock to Output Times                                            ;
+--------------+------------+-------+-------+------------+-----------------+
; Data Port    ; Clock Port ; Rise  ; Fall  ; Clock Edge ; Clock Reference ;
+--------------+------------+-------+-------+------------+-----------------+
; Done         ; Clk        ; 5.799 ; 5.678 ; Rise       ; Clk             ;
; Product[*]   ; Clk        ; 5.676 ; 5.569 ; Rise       ; Clk             ;
;  Product[0]  ; Clk        ; 6.638 ; 6.499 ; Rise       ; Clk             ;
;  Product[1]  ; Clk        ; 5.883 ; 5.835 ; Rise       ; Clk             ;
;  Product[2]  ; Clk        ; 5.676 ; 5.569 ; Rise       ; Clk             ;
;  Product[3]  ; Clk        ; 7.020 ; 6.988 ; Rise       ; Clk             ;
;  Product[4]  ; Clk        ; 6.096 ; 6.004 ; Rise       ; Clk             ;
;  Product[5]  ; Clk        ; 6.007 ; 5.906 ; Rise       ; Clk             ;
;  Product[6]  ; Clk        ; 6.530 ; 6.415 ; Rise       ; Clk             ;
;  Product[7]  ; Clk        ; 6.096 ; 6.043 ; Rise       ; Clk             ;
;  Product[8]  ; Clk        ; 6.075 ; 5.995 ; Rise       ; Clk             ;
;  Product[9]  ; Clk        ; 6.273 ; 6.202 ; Rise       ; Clk             ;
;  Product[10] ; Clk        ; 6.287 ; 6.287 ; Rise       ; Clk             ;
;  Product[11] ; Clk        ; 6.004 ; 5.897 ; Rise       ; Clk             ;
;  Product[12] ; Clk        ; 6.872 ; 6.761 ; Rise       ; Clk             ;
;  Product[13] ; Clk        ; 6.292 ; 6.191 ; Rise       ; Clk             ;
;  Product[14] ; Clk        ; 6.264 ; 6.203 ; Rise       ; Clk             ;
;  Product[15] ; Clk        ; 6.757 ; 6.732 ; Rise       ; Clk             ;
+--------------+------------+-------+-------+------------+-----------------+


---------------------------------------------
; Slow 1200mV 0C Model Metastability Report ;
---------------------------------------------
No synchronizer chains to report.


+------------------------------------+
; Fast 1200mV 0C Model Setup Summary ;
+-------+--------+-------------------+
; Clock ; Slack  ; End Point TNS     ;
+-------+--------+-------------------+
; Clk   ; -2.307 ; -57.663           ;
+-------+--------+-------------------+


+-----------------------------------+
; Fast 1200mV 0C Model Hold Summary ;
+-------+-------+-------------------+
; Clock ; Slack ; End Point TNS     ;
+-------+-------+-------------------+
; Clk   ; 0.186 ; 0.000             ;
+-------+-------+-------------------+


-----------------------------------------
; Fast 1200mV 0C Model Recovery Summary ;
-----------------------------------------
No paths to report.


----------------------------------------
; Fast 1200mV 0C Model Removal Summary ;
----------------------------------------
No paths to report.


+--------------------------------------------------+
; Fast 1200mV 0C Model Minimum Pulse Width Summary ;
+-------+--------+---------------------------------+
; Clock ; Slack  ; End Point TNS                   ;
+-------+--------+---------------------------------+
; Clk   ; -3.000 ; -45.491                         ;
+-------+--------+---------------------------------+


+--------------------------------------------------------------------------------------------------------------------------------------------------------------+
; Fast 1200mV 0C Model Setup: 'Clk'                                                                                                                            ;
+--------+----------------------------------------+--------------------------------------+--------------+-------------+--------------+------------+------------+
; Slack  ; From Node                              ; To Node                              ; Launch Clock ; Latch Clock ; Relationship ; Clock Skew ; Data Delay ;
+--------+----------------------------------------+--------------------------------------+--------------+-------------+--------------+------------+------------+
; -2.307 ; booth_datapath:u_datapath|Bmap[5]      ; booth_datapath:u_datapath|Q[1]       ; Clk          ; Clk         ; 1.000        ; 0.135      ; 3.429      ;
; -2.289 ; booth_datapath:u_datapath|Bmap[6]      ; booth_datapath:u_datapath|Q[1]       ; Clk          ; Clk         ; 1.000        ; 0.135      ; 3.411      ;
; -2.286 ; booth_datapath:u_datapath|Bmap[5]      ; booth_datapath:u_datapath|Q[2]       ; Clk          ; Clk         ; 1.000        ; -0.036     ; 3.237      ;
; -2.268 ; booth_datapath:u_datapath|Bmap[6]      ; booth_datapath:u_datapath|Q[2]       ; Clk          ; Clk         ; 1.000        ; -0.036     ; 3.219      ;
; -2.237 ; booth_datapath:u_datapath|Bmap[5]      ; booth_datapath:u_datapath|Q[4]       ; Clk          ; Clk         ; 1.000        ; 0.135      ; 3.359      ;
; -2.228 ; booth_datapath:u_datapath|Q[0]         ; booth_datapath:u_datapath|Q[2]       ; Clk          ; Clk         ; 1.000        ; -0.218     ; 2.997      ;
; -2.219 ; booth_datapath:u_datapath|Bmap[6]      ; booth_datapath:u_datapath|Q[4]       ; Clk          ; Clk         ; 1.000        ; 0.135      ; 3.341      ;
; -2.208 ; booth_datapath:u_datapath|Bmap[5]      ; booth_datapath:u_datapath|A[0]       ; Clk          ; Clk         ; 1.000        ; 0.151      ; 3.346      ;
; -2.205 ; booth_datapath:u_datapath|Bmap[2]      ; booth_datapath:u_datapath|Q[1]       ; Clk          ; Clk         ; 1.000        ; 0.135      ; 3.327      ;
; -2.190 ; booth_datapath:u_datapath|Bmap[6]      ; booth_datapath:u_datapath|A[0]       ; Clk          ; Clk         ; 1.000        ; 0.151      ; 3.328      ;
; -2.185 ; booth_datapath:u_datapath|Q_1          ; booth_datapath:u_datapath|Q[2]       ; Clk          ; Clk         ; 1.000        ; -0.218     ; 2.954      ;
; -2.184 ; booth_datapath:u_datapath|Bmap[2]      ; booth_datapath:u_datapath|Q[2]       ; Clk          ; Clk         ; 1.000        ; -0.036     ; 3.135      ;
; -2.179 ; booth_datapath:u_datapath|Bmap[7]      ; booth_datapath:u_datapath|Q[1]       ; Clk          ; Clk         ; 1.000        ; 0.135      ; 3.301      ;
; -2.158 ; booth_datapath:u_datapath|Bmap[7]      ; booth_datapath:u_datapath|Q[2]       ; Clk          ; Clk         ; 1.000        ; -0.036     ; 3.109      ;
; -2.152 ; booth_datapath:u_datapath|Bmap[3]      ; booth_datapath:u_datapath|Q[1]       ; Clk          ; Clk         ; 1.000        ; 0.135      ; 3.274      ;
; -2.148 ; booth_datapath:u_datapath|Bmap[4]      ; booth_datapath:u_datapath|Q[1]       ; Clk          ; Clk         ; 1.000        ; 0.135      ; 3.270      ;
; -2.143 ; booth_datapath:u_datapath|Q[0]         ; booth_datapath:u_datapath|Q[1]       ; Clk          ; Clk         ; 1.000        ; -0.047     ; 3.083      ;
; -2.135 ; booth_datapath:u_datapath|Bmap[2]      ; booth_datapath:u_datapath|Q[4]       ; Clk          ; Clk         ; 1.000        ; 0.135      ; 3.257      ;
; -2.131 ; booth_datapath:u_datapath|Bmap[5]      ; booth_datapath:u_datapath|A[1]       ; Clk          ; Clk         ; 1.000        ; 0.149      ; 3.267      ;
; -2.131 ; booth_datapath:u_datapath|Bmap[3]      ; booth_datapath:u_datapath|Q[2]       ; Clk          ; Clk         ; 1.000        ; -0.036     ; 3.082      ;
; -2.128 ; booth_datapath:u_datapath|Q[0]         ; booth_datapath:u_datapath|Q[5]       ; Clk          ; Clk         ; 1.000        ; -0.047     ; 3.068      ;
; -2.127 ; booth_datapath:u_datapath|Bmap[4]      ; booth_datapath:u_datapath|Q[2]       ; Clk          ; Clk         ; 1.000        ; -0.036     ; 3.078      ;
; -2.122 ; booth_datapath:u_datapath|Bmap[1]      ; booth_datapath:u_datapath|Q[1]       ; Clk          ; Clk         ; 1.000        ; 0.135      ; 3.244      ;
; -2.118 ; booth_datapath:u_datapath|Q_1          ; booth_datapath:u_datapath|Q[1]       ; Clk          ; Clk         ; 1.000        ; -0.047     ; 3.058      ;
; -2.117 ; booth_datapath:u_datapath|Q_1          ; booth_datapath:u_datapath|Q[4]       ; Clk          ; Clk         ; 1.000        ; -0.047     ; 3.057      ;
; -2.113 ; booth_datapath:u_datapath|Bmap[6]      ; booth_datapath:u_datapath|A[1]       ; Clk          ; Clk         ; 1.000        ; 0.149      ; 3.249      ;
; -2.109 ; booth_datapath:u_datapath|Bmap[7]      ; booth_datapath:u_datapath|Q[4]       ; Clk          ; Clk         ; 1.000        ; 0.135      ; 3.231      ;
; -2.107 ; booth_datapath:u_datapath|Q[0]         ; booth_datapath:u_datapath|Q[4]       ; Clk          ; Clk         ; 1.000        ; -0.047     ; 3.047      ;
; -2.106 ; booth_datapath:u_datapath|Bmap[2]      ; booth_datapath:u_datapath|A[0]       ; Clk          ; Clk         ; 1.000        ; 0.151      ; 3.244      ;
; -2.104 ; booth_datapath:u_datapath|Bmap[5]      ; booth_datapath:u_datapath|Q[7]       ; Clk          ; Clk         ; 1.000        ; 0.138      ; 3.229      ;
; -2.103 ; booth_datapath:u_datapath|Bmap[5]      ; booth_datapath:u_datapath|Q_1        ; Clk          ; Clk         ; 1.000        ; 0.138      ; 3.228      ;
; -2.101 ; booth_datapath:u_datapath|Bmap[1]      ; booth_datapath:u_datapath|Q[2]       ; Clk          ; Clk         ; 1.000        ; -0.036     ; 3.052      ;
; -2.099 ; booth_datapath:u_datapath|Bmap[5]      ; booth_datapath:u_datapath|Q[3]       ; Clk          ; Clk         ; 1.000        ; 0.149      ; 3.235      ;
; -2.089 ; booth_datapath:u_datapath|Q_1          ; booth_datapath:u_datapath|Q[3]       ; Clk          ; Clk         ; 1.000        ; -0.033     ; 3.043      ;
; -2.088 ; booth_datapath:u_datapath|Q_1          ; booth_datapath:u_datapath|A[0]       ; Clk          ; Clk         ; 1.000        ; -0.031     ; 3.044      ;
; -2.086 ; booth_datapath:u_datapath|Bmap[6]      ; booth_datapath:u_datapath|Q[7]       ; Clk          ; Clk         ; 1.000        ; 0.138      ; 3.211      ;
; -2.085 ; booth_datapath:u_datapath|Bmap[6]      ; booth_datapath:u_datapath|Q_1        ; Clk          ; Clk         ; 1.000        ; 0.138      ; 3.210      ;
; -2.082 ; booth_datapath:u_datapath|Bmap[3]      ; booth_datapath:u_datapath|Q[4]       ; Clk          ; Clk         ; 1.000        ; 0.135      ; 3.204      ;
; -2.081 ; booth_datapath:u_datapath|Bmap[6]      ; booth_datapath:u_datapath|Q[3]       ; Clk          ; Clk         ; 1.000        ; 0.149      ; 3.217      ;
; -2.080 ; booth_datapath:u_datapath|Bmap[7]      ; booth_datapath:u_datapath|A[0]       ; Clk          ; Clk         ; 1.000        ; 0.151      ; 3.218      ;
; -2.079 ; booth_datapath:u_datapath|Q[0]         ; booth_datapath:u_datapath|Q[3]       ; Clk          ; Clk         ; 1.000        ; -0.033     ; 3.033      ;
; -2.078 ; booth_datapath:u_datapath|Bmap[4]      ; booth_datapath:u_datapath|Q[4]       ; Clk          ; Clk         ; 1.000        ; 0.135      ; 3.200      ;
; -2.078 ; booth_datapath:u_datapath|Q[0]         ; booth_datapath:u_datapath|A[0]       ; Clk          ; Clk         ; 1.000        ; -0.031     ; 3.034      ;
; -2.072 ; booth_datapath:u_datapath|Bmap[5]      ; booth_datapath:u_datapath|Q[5]       ; Clk          ; Clk         ; 1.000        ; 0.135      ; 3.194      ;
; -2.056 ; booth_datapath:u_datapath|Q_1          ; booth_datapath:u_datapath|Q[5]       ; Clk          ; Clk         ; 1.000        ; -0.047     ; 2.996      ;
; -2.054 ; booth_datapath:u_datapath|Bmap[6]      ; booth_datapath:u_datapath|Q[5]       ; Clk          ; Clk         ; 1.000        ; 0.135      ; 3.176      ;
; -2.053 ; booth_datapath:u_datapath|Bmap[3]      ; booth_datapath:u_datapath|A[0]       ; Clk          ; Clk         ; 1.000        ; 0.151      ; 3.191      ;
; -2.052 ; booth_datapath:u_datapath|Bmap[1]      ; booth_datapath:u_datapath|Q[4]       ; Clk          ; Clk         ; 1.000        ; 0.135      ; 3.174      ;
; -2.049 ; booth_datapath:u_datapath|Bmap[4]      ; booth_datapath:u_datapath|A[0]       ; Clk          ; Clk         ; 1.000        ; 0.151      ; 3.187      ;
; -2.035 ; booth_datapath:u_datapath|Q[0]         ; booth_datapath:u_datapath|A[1]       ; Clk          ; Clk         ; 1.000        ; -0.033     ; 2.989      ;
; -2.029 ; booth_datapath:u_datapath|Bmap[2]      ; booth_datapath:u_datapath|A[1]       ; Clk          ; Clk         ; 1.000        ; 0.149      ; 3.165      ;
; -2.023 ; booth_datapath:u_datapath|Bmap[1]      ; booth_datapath:u_datapath|A[0]       ; Clk          ; Clk         ; 1.000        ; 0.151      ; 3.161      ;
; -2.022 ; booth_datapath:u_datapath|Bmap[5]      ; booth_datapath:u_datapath|Q[0]       ; Clk          ; Clk         ; 1.000        ; 0.138      ; 3.147      ;
; -2.017 ; booth_datapath:u_datapath|Bmap[5]      ; booth_datapath:u_datapath|Bmap[1]    ; Clk          ; Clk         ; 1.000        ; -0.037     ; 2.967      ;
; -2.010 ; booth_datapath:u_datapath|Q_1          ; booth_datapath:u_datapath|A[1]       ; Clk          ; Clk         ; 1.000        ; -0.033     ; 2.964      ;
; -2.007 ; booth_datapath:u_datapath|Q_1          ; booth_datapath:u_datapath|Q[7]       ; Clk          ; Clk         ; 1.000        ; -0.044     ; 2.950      ;
; -2.007 ; booth_datapath:u_datapath|Q[0]         ; booth_datapath:u_datapath|Q[7]       ; Clk          ; Clk         ; 1.000        ; -0.044     ; 2.950      ;
; -2.006 ; booth_datapath:u_datapath|Q_1          ; booth_datapath:u_datapath|Q_1        ; Clk          ; Clk         ; 1.000        ; -0.044     ; 2.949      ;
; -2.006 ; booth_datapath:u_datapath|Q[0]         ; booth_datapath:u_datapath|Q_1        ; Clk          ; Clk         ; 1.000        ; -0.044     ; 2.949      ;
; -2.006 ; booth_datapath:u_datapath|Bmap[6]      ; booth_datapath:u_datapath|Bmap[1]    ; Clk          ; Clk         ; 1.000        ; -0.037     ; 2.956      ;
; -2.004 ; booth_datapath:u_datapath|Bmap[6]      ; booth_datapath:u_datapath|Q[0]       ; Clk          ; Clk         ; 1.000        ; 0.138      ; 3.129      ;
; -2.003 ; booth_datapath:u_datapath|Bmap[7]      ; booth_datapath:u_datapath|A[1]       ; Clk          ; Clk         ; 1.000        ; 0.149      ; 3.139      ;
; -2.002 ; booth_datapath:u_datapath|Bmap[2]      ; booth_datapath:u_datapath|Q[7]       ; Clk          ; Clk         ; 1.000        ; 0.138      ; 3.127      ;
; -2.001 ; booth_datapath:u_datapath|Bmap[2]      ; booth_datapath:u_datapath|Q_1        ; Clk          ; Clk         ; 1.000        ; 0.138      ; 3.126      ;
; -1.997 ; booth_datapath:u_datapath|Bmap[2]      ; booth_datapath:u_datapath|Q[3]       ; Clk          ; Clk         ; 1.000        ; 0.149      ; 3.133      ;
; -1.976 ; booth_datapath:u_datapath|Bmap[3]      ; booth_datapath:u_datapath|A[1]       ; Clk          ; Clk         ; 1.000        ; 0.149      ; 3.112      ;
; -1.976 ; booth_datapath:u_datapath|Bmap[7]      ; booth_datapath:u_datapath|Q[7]       ; Clk          ; Clk         ; 1.000        ; 0.138      ; 3.101      ;
; -1.975 ; booth_datapath:u_datapath|Bmap[7]      ; booth_datapath:u_datapath|Q_1        ; Clk          ; Clk         ; 1.000        ; 0.138      ; 3.100      ;
; -1.972 ; booth_datapath:u_datapath|Bmap[4]      ; booth_datapath:u_datapath|A[1]       ; Clk          ; Clk         ; 1.000        ; 0.149      ; 3.108      ;
; -1.971 ; booth_datapath:u_datapath|Bmap[7]      ; booth_datapath:u_datapath|Q[3]       ; Clk          ; Clk         ; 1.000        ; 0.149      ; 3.107      ;
; -1.970 ; booth_datapath:u_datapath|Bmap[2]      ; booth_datapath:u_datapath|Q[5]       ; Clk          ; Clk         ; 1.000        ; 0.135      ; 3.092      ;
; -1.959 ; booth_datapath:u_datapath|Bmap[5]      ; booth_datapath:u_datapath|A[5]       ; Clk          ; Clk         ; 1.000        ; 0.149      ; 3.095      ;
; -1.957 ; booth_datapath:u_datapath|Bmap[5]      ; booth_datapath:u_datapath|A[4]       ; Clk          ; Clk         ; 1.000        ; 0.149      ; 3.093      ;
; -1.949 ; booth_datapath:u_datapath|Bmap[3]      ; booth_datapath:u_datapath|Q[7]       ; Clk          ; Clk         ; 1.000        ; 0.138      ; 3.074      ;
; -1.948 ; booth_datapath:u_datapath|Bmap[3]      ; booth_datapath:u_datapath|Q_1        ; Clk          ; Clk         ; 1.000        ; 0.138      ; 3.073      ;
; -1.946 ; booth_datapath:u_datapath|Remaining[3] ; booth_datapath:u_datapath|Q[1]       ; Clk          ; Clk         ; 1.000        ; 0.134      ; 3.067      ;
; -1.946 ; booth_datapath:u_datapath|Bmap[1]      ; booth_datapath:u_datapath|A[1]       ; Clk          ; Clk         ; 1.000        ; 0.149      ; 3.082      ;
; -1.945 ; booth_datapath:u_datapath|Bmap[4]      ; booth_datapath:u_datapath|Q[7]       ; Clk          ; Clk         ; 1.000        ; 0.138      ; 3.070      ;
; -1.944 ; booth_datapath:u_datapath|Bmap[4]      ; booth_datapath:u_datapath|Q_1        ; Clk          ; Clk         ; 1.000        ; 0.138      ; 3.069      ;
; -1.944 ; booth_datapath:u_datapath|Bmap[3]      ; booth_datapath:u_datapath|Q[3]       ; Clk          ; Clk         ; 1.000        ; 0.149      ; 3.080      ;
; -1.944 ; booth_datapath:u_datapath|Bmap[7]      ; booth_datapath:u_datapath|Q[5]       ; Clk          ; Clk         ; 1.000        ; 0.135      ; 3.066      ;
; -1.943 ; booth_datapath:u_datapath|Remaining[2] ; booth_datapath:u_datapath|Q[1]       ; Clk          ; Clk         ; 1.000        ; 0.134      ; 3.064      ;
; -1.941 ; booth_datapath:u_datapath|Bmap[6]      ; booth_datapath:u_datapath|A[5]       ; Clk          ; Clk         ; 1.000        ; 0.149      ; 3.077      ;
; -1.940 ; booth_datapath:u_datapath|Bmap[4]      ; booth_datapath:u_datapath|Q[3]       ; Clk          ; Clk         ; 1.000        ; 0.149      ; 3.076      ;
; -1.939 ; booth_datapath:u_datapath|Bmap[6]      ; booth_datapath:u_datapath|A[4]       ; Clk          ; Clk         ; 1.000        ; 0.149      ; 3.075      ;
; -1.925 ; booth_datapath:u_datapath|Remaining[3] ; booth_datapath:u_datapath|Q[2]       ; Clk          ; Clk         ; 1.000        ; -0.037     ; 2.875      ;
; -1.922 ; booth_datapath:u_datapath|Remaining[2] ; booth_datapath:u_datapath|Q[2]       ; Clk          ; Clk         ; 1.000        ; -0.037     ; 2.872      ;
; -1.922 ; booth_datapath:u_datapath|Bmap[2]      ; booth_datapath:u_datapath|Bmap[1]    ; Clk          ; Clk         ; 1.000        ; -0.037     ; 2.872      ;
; -1.921 ; booth_datapath:u_datapath|Q_1          ; booth_datapath:u_datapath|A[3]       ; Clk          ; Clk         ; 1.000        ; -0.033     ; 2.875      ;
; -1.920 ; booth_datapath:u_datapath|Bmap[2]      ; booth_datapath:u_datapath|Q[0]       ; Clk          ; Clk         ; 1.000        ; 0.138      ; 3.045      ;
; -1.919 ; booth_datapath:u_datapath|Bmap[1]      ; booth_datapath:u_datapath|Q[7]       ; Clk          ; Clk         ; 1.000        ; 0.138      ; 3.044      ;
; -1.918 ; booth_datapath:u_datapath|Bmap[1]      ; booth_datapath:u_datapath|Q_1        ; Clk          ; Clk         ; 1.000        ; 0.138      ; 3.043      ;
; -1.917 ; booth_datapath:u_datapath|Bmap[3]      ; booth_datapath:u_datapath|Q[5]       ; Clk          ; Clk         ; 1.000        ; 0.135      ; 3.039      ;
; -1.914 ; booth_datapath:u_datapath|Bmap[1]      ; booth_datapath:u_datapath|Q[3]       ; Clk          ; Clk         ; 1.000        ; 0.149      ; 3.050      ;
; -1.913 ; booth_datapath:u_datapath|Bmap[4]      ; booth_datapath:u_datapath|Q[5]       ; Clk          ; Clk         ; 1.000        ; 0.135      ; 3.035      ;
; -1.911 ; booth_datapath:u_datapath|Q[0]         ; booth_datapath:u_datapath|A[3]       ; Clk          ; Clk         ; 1.000        ; -0.033     ; 2.865      ;
; -1.902 ; booth_datapath:u_datapath|Q_1          ; booth_datapath:u_datapath|Q[0]       ; Clk          ; Clk         ; 1.000        ; -0.044     ; 2.845      ;
; -1.899 ; booth_datapath:u_datapath|Bmap[5]      ; booth_control:u_control|State.REPORT ; Clk          ; Clk         ; 1.000        ; -0.036     ; 2.850      ;
; -1.896 ; booth_datapath:u_datapath|Bmap[7]      ; booth_datapath:u_datapath|Bmap[1]    ; Clk          ; Clk         ; 1.000        ; -0.037     ; 2.846      ;
; -1.894 ; booth_datapath:u_datapath|Bmap[7]      ; booth_datapath:u_datapath|Q[0]       ; Clk          ; Clk         ; 1.000        ; 0.138      ; 3.019      ;
+--------+----------------------------------------+--------------------------------------+--------------+-------------+--------------+------------+------------+


+---------------------------------------------------------------------------------------------------------------------------------------------------------------+
; Fast 1200mV 0C Model Hold: 'Clk'                                                                                                                              ;
+-------+----------------------------------------+----------------------------------------+--------------+-------------+--------------+------------+------------+
; Slack ; From Node                              ; To Node                                ; Launch Clock ; Latch Clock ; Relationship ; Clock Skew ; Data Delay ;
+-------+----------------------------------------+----------------------------------------+--------------+-------------+--------------+------------+------------+
; 0.186 ; booth_control:u_control|State.IDLE     ; booth_control:u_control|State.IDLE     ; Clk          ; Clk         ; 0.000        ; 0.037      ; 0.307      ;
; 0.186 ; booth_control:u_control|State.CALC     ; booth_control:u_control|State.CALC     ; Clk          ; Clk         ; 0.000        ; 0.037      ; 0.307      ;
; 0.204 ; booth_datapath:u_datapath|Remaining[3] ; booth_datapath:u_datapath|Remaining[3] ; Clk          ; Clk         ; 0.000        ; 0.037      ; 0.325      ;
; 0.255 ; booth_control:u_control|State.IDLE     ; booth_control:u_control|State.LOAD     ; Clk          ; Clk         ; 0.000        ; 0.037      ; 0.376      ;
; 0.272 ; booth_control:u_control|State.CALC     ; booth_control:u_control|State.REPORT   ; Clk          ; Clk         ; 0.000        ; 0.037      ; 0.393      ;
; 0.323 ; booth_datapath:u_datapath|Remaining[0] ; booth_datapath:u_datapath|Remaining[0] ; Clk          ; Clk         ; 0.000        ; 0.037      ; 0.444      ;
; 0.328 ; booth_datapath:u_datapath|Remaining[1] ; booth_datapath:u_datapath|Remaining[1] ; Clk          ; Clk         ; 0.000        ; 0.037      ; 0.449      ;
; 0.340 ; booth_control:u_control|State.LOAD     ; booth_datapath:u_datapath|A[8]         ; Clk          ; Clk         ; 0.000        ; 0.232      ; 0.656      ;
; 0.353 ; booth_datapath:u_datapath|Bmap[3]      ; booth_datapath:u_datapath|Bmap[2]      ; Clk          ; Clk         ; 0.000        ; 0.037      ; 0.474      ;
; 0.377 ; booth_datapath:u_datapath|Bmap[2]      ; booth_datapath:u_datapath|Bmap[1]      ; Clk          ; Clk         ; 0.000        ; 0.037      ; 0.498      ;
; 0.379 ; booth_control:u_control|State.LOAD     ; booth_datapath:u_datapath|A[0]         ; Clk          ; Clk         ; 0.000        ; 0.232      ; 0.695      ;
; 0.379 ; booth_control:u_control|State.LOAD     ; booth_datapath:u_datapath|A[2]         ; Clk          ; Clk         ; 0.000        ; 0.232      ; 0.695      ;
; 0.476 ; booth_datapath:u_datapath|Remaining[0] ; booth_datapath:u_datapath|Remaining[1] ; Clk          ; Clk         ; 0.000        ; 0.037      ; 0.597      ;
; 0.477 ; booth_datapath:u_datapath|Remaining[1] ; booth_datapath:u_datapath|Remaining[2] ; Clk          ; Clk         ; 0.000        ; 0.037      ; 0.598      ;
; 0.478 ; booth_datapath:u_datapath|Bmap[4]      ; booth_datapath:u_datapath|Bmap[1]      ; Clk          ; Clk         ; 0.000        ; 0.037      ; 0.599      ;
; 0.479 ; booth_datapath:u_datapath|Remaining[0] ; booth_datapath:u_datapath|Remaining[2] ; Clk          ; Clk         ; 0.000        ; 0.037      ; 0.600      ;
; 0.484 ; booth_control:u_control|State.LOAD     ; booth_datapath:u_datapath|Remaining[3] ; Clk          ; Clk         ; 0.000        ; 0.037      ; 0.605      ;
; 0.484 ; booth_control:u_control|State.LOAD     ; booth_datapath:u_datapath|Remaining[2] ; Clk          ; Clk         ; 0.000        ; 0.037      ; 0.605      ;
; 0.484 ; booth_control:u_control|State.LOAD     ; booth_datapath:u_datapath|Remaining[0] ; Clk          ; Clk         ; 0.000        ; 0.037      ; 0.605      ;
; 0.484 ; booth_control:u_control|State.LOAD     ; booth_datapath:u_datapath|Remaining[1] ; Clk          ; Clk         ; 0.000        ; 0.037      ; 0.605      ;
; 0.491 ; booth_datapath:u_datapath|Remaining[2] ; booth_datapath:u_datapath|Remaining[2] ; Clk          ; Clk         ; 0.000        ; 0.037      ; 0.612      ;
; 0.513 ; booth_control:u_control|State.LOAD     ; booth_datapath:u_datapath|Bmap[6]      ; Clk          ; Clk         ; 0.000        ; 0.036      ; 0.633      ;
; 0.513 ; booth_datapath:u_datapath|A[8]         ; booth_datapath:u_datapath|A[0]         ; Clk          ; Clk         ; 0.000        ; 0.045      ; 0.642      ;
; 0.517 ; booth_datapath:u_datapath|A[8]         ; booth_datapath:u_datapath|A[8]         ; Clk          ; Clk         ; 0.000        ; 0.045      ; 0.646      ;
; 0.529 ; booth_control:u_control|State.LOAD     ; booth_datapath:u_datapath|Bmap[4]      ; Clk          ; Clk         ; 0.000        ; 0.036      ; 0.649      ;
; 0.532 ; booth_control:u_control|State.REPORT   ; booth_control:u_control|State.IDLE     ; Clk          ; Clk         ; 0.000        ; 0.037      ; 0.653      ;
; 0.540 ; booth_control:u_control|State.LOAD     ; booth_control:u_control|State.CALC     ; Clk          ; Clk         ; 0.000        ; 0.037      ; 0.661      ;
; 0.540 ; booth_datapath:u_datapath|Remaining[1] ; booth_datapath:u_datapath|Remaining[3] ; Clk          ; Clk         ; 0.000        ; 0.037      ; 0.661      ;
; 0.542 ; booth_datapath:u_datapath|Remaining[0] ; booth_datapath:u_datapath|Remaining[3] ; Clk          ; Clk         ; 0.000        ; 0.037      ; 0.663      ;
; 0.567 ; booth_datapath:u_datapath|A[8]         ; booth_datapath:u_datapath|A[2]         ; Clk          ; Clk         ; 0.000        ; 0.045      ; 0.696      ;
; 0.574 ; booth_control:u_control|State.LOAD     ; booth_datapath:u_datapath|A[6]         ; Clk          ; Clk         ; 0.000        ; 0.037      ; 0.695      ;
; 0.584 ; booth_control:u_control|State.LOAD     ; booth_datapath:u_datapath|Q_1          ; Clk          ; Clk         ; 0.000        ; 0.218      ; 0.886      ;
; 0.593 ; booth_datapath:u_datapath|Bmap[3]      ; booth_datapath:u_datapath|Bmap[1]      ; Clk          ; Clk         ; 0.000        ; 0.037      ; 0.714      ;
; 0.612 ; booth_control:u_control|State.CALC     ; booth_datapath:u_datapath|A[8]         ; Clk          ; Clk         ; 0.000        ; 0.232      ; 0.928      ;
; 0.612 ; booth_control:u_control|State.CALC     ; booth_datapath:u_datapath|A[0]         ; Clk          ; Clk         ; 0.000        ; 0.232      ; 0.928      ;
; 0.612 ; booth_control:u_control|State.CALC     ; booth_datapath:u_datapath|A[2]         ; Clk          ; Clk         ; 0.000        ; 0.232      ; 0.928      ;
; 0.612 ; booth_control:u_control|State.CALC     ; booth_datapath:u_datapath|Q[6]         ; Clk          ; Clk         ; 0.000        ; 0.232      ; 0.928      ;
; 0.638 ; booth_control:u_control|State.LOAD     ; booth_datapath:u_datapath|Q[2]         ; Clk          ; Clk         ; 0.000        ; 0.037      ; 0.759      ;
; 0.649 ; booth_datapath:u_datapath|Remaining[2] ; booth_datapath:u_datapath|Remaining[3] ; Clk          ; Clk         ; 0.000        ; 0.037      ; 0.770      ;
; 0.672 ; booth_control:u_control|State.LOAD     ; booth_datapath:u_datapath|A[7]         ; Clk          ; Clk         ; 0.000        ; 0.230      ; 0.986      ;
; 0.672 ; booth_control:u_control|State.LOAD     ; booth_datapath:u_datapath|A[3]         ; Clk          ; Clk         ; 0.000        ; 0.230      ; 0.986      ;
; 0.672 ; booth_control:u_control|State.LOAD     ; booth_datapath:u_datapath|A[1]         ; Clk          ; Clk         ; 0.000        ; 0.230      ; 0.986      ;
; 0.672 ; booth_control:u_control|State.LOAD     ; booth_datapath:u_datapath|A[4]         ; Clk          ; Clk         ; 0.000        ; 0.230      ; 0.986      ;
; 0.672 ; booth_control:u_control|State.LOAD     ; booth_datapath:u_datapath|A[5]         ; Clk          ; Clk         ; 0.000        ; 0.230      ; 0.986      ;
; 0.672 ; booth_control:u_control|State.LOAD     ; booth_datapath:u_datapath|Q[7]         ; Clk          ; Clk         ; 0.000        ; 0.218      ; 0.974      ;
; 0.681 ; booth_control:u_control|State.LOAD     ; booth_datapath:u_datapath|Bmap[3]      ; Clk          ; Clk         ; 0.000        ; 0.036      ; 0.801      ;
; 0.683 ; booth_datapath:u_datapath|A[8]         ; booth_datapath:u_datapath|A[7]         ; Clk          ; Clk         ; 0.000        ; 0.043      ; 0.810      ;
; 0.683 ; booth_datapath:u_datapath|A[8]         ; booth_datapath:u_datapath|A[3]         ; Clk          ; Clk         ; 0.000        ; 0.043      ; 0.810      ;
; 0.683 ; booth_datapath:u_datapath|A[8]         ; booth_datapath:u_datapath|A[1]         ; Clk          ; Clk         ; 0.000        ; 0.043      ; 0.810      ;
; 0.683 ; booth_datapath:u_datapath|A[8]         ; booth_datapath:u_datapath|A[5]         ; Clk          ; Clk         ; 0.000        ; 0.043      ; 0.810      ;
; 0.686 ; booth_datapath:u_datapath|A[8]         ; booth_datapath:u_datapath|A[4]         ; Clk          ; Clk         ; 0.000        ; 0.043      ; 0.813      ;
; 0.687 ; booth_control:u_control|State.LOAD     ; booth_datapath:u_datapath|M[7]         ; Clk          ; Clk         ; 0.000        ; 0.036      ; 0.807      ;
; 0.687 ; booth_control:u_control|State.LOAD     ; booth_datapath:u_datapath|M[3]         ; Clk          ; Clk         ; 0.000        ; 0.036      ; 0.807      ;
; 0.687 ; booth_control:u_control|State.LOAD     ; booth_datapath:u_datapath|M[6]         ; Clk          ; Clk         ; 0.000        ; 0.036      ; 0.807      ;
; 0.705 ; booth_datapath:u_datapath|A[8]         ; booth_datapath:u_datapath|A[6]         ; Clk          ; Clk         ; 0.000        ; -0.150     ; 0.639      ;
; 0.719 ; booth_control:u_control|State.CALC     ; booth_datapath:u_datapath|Q[2]         ; Clk          ; Clk         ; 0.000        ; 0.037      ; 0.840      ;
; 0.721 ; booth_datapath:u_datapath|Remaining[3] ; booth_datapath:u_datapath|A[0]         ; Clk          ; Clk         ; 0.000        ; 0.232      ; 1.037      ;
; 0.725 ; booth_datapath:u_datapath|Remaining[2] ; booth_datapath:u_datapath|A[4]         ; Clk          ; Clk         ; 0.000        ; 0.230      ; 1.039      ;
; 0.728 ; booth_datapath:u_datapath|Remaining[3] ; booth_datapath:u_datapath|A[2]         ; Clk          ; Clk         ; 0.000        ; 0.232      ; 1.044      ;
; 0.729 ; booth_datapath:u_datapath|Remaining[2] ; booth_datapath:u_datapath|A[5]         ; Clk          ; Clk         ; 0.000        ; 0.230      ; 1.043      ;
; 0.732 ; booth_datapath:u_datapath|Bmap[4]      ; booth_datapath:u_datapath|Bmap[3]      ; Clk          ; Clk         ; 0.000        ; 0.037      ; 0.853      ;
; 0.743 ; booth_datapath:u_datapath|Q_1          ; booth_datapath:u_datapath|A[0]         ; Clk          ; Clk         ; 0.000        ; 0.058      ; 0.885      ;
; 0.747 ; booth_datapath:u_datapath|Q_1          ; booth_datapath:u_datapath|A[8]         ; Clk          ; Clk         ; 0.000        ; 0.058      ; 0.889      ;
; 0.754 ; booth_datapath:u_datapath|A[6]         ; booth_datapath:u_datapath|A[6]         ; Clk          ; Clk         ; 0.000        ; 0.037      ; 0.875      ;
; 0.755 ; booth_datapath:u_datapath|Remaining[3] ; booth_control:u_control|State.REPORT   ; Clk          ; Clk         ; 0.000        ; 0.037      ; 0.876      ;
; 0.757 ; booth_datapath:u_datapath|Remaining[3] ; booth_control:u_control|State.CALC     ; Clk          ; Clk         ; 0.000        ; 0.037      ; 0.878      ;
; 0.759 ; booth_control:u_control|State.CALC     ; booth_datapath:u_datapath|Q[7]         ; Clk          ; Clk         ; 0.000        ; 0.218      ; 1.061      ;
; 0.759 ; booth_control:u_control|State.CALC     ; booth_datapath:u_datapath|Q_1          ; Clk          ; Clk         ; 0.000        ; 0.218      ; 1.061      ;
; 0.760 ; booth_control:u_control|State.LOAD     ; booth_datapath:u_datapath|Q[1]         ; Clk          ; Clk         ; 0.000        ; 0.215      ; 1.059      ;
; 0.767 ; booth_datapath:u_datapath|Bmap[6]      ; booth_datapath:u_datapath|Bmap[5]      ; Clk          ; Clk         ; 0.000        ; 0.037      ; 0.888      ;
; 0.771 ; booth_datapath:u_datapath|A[6]         ; booth_datapath:u_datapath|Q[6]         ; Clk          ; Clk         ; 0.000        ; 0.232      ; 1.087      ;
; 0.772 ; booth_control:u_control|State.LOAD     ; booth_datapath:u_datapath|Bmap[7]      ; Clk          ; Clk         ; 0.000        ; 0.036      ; 0.892      ;
; 0.772 ; booth_control:u_control|State.LOAD     ; booth_datapath:u_datapath|Bmap[5]      ; Clk          ; Clk         ; 0.000        ; 0.036      ; 0.892      ;
; 0.772 ; booth_control:u_control|State.LOAD     ; booth_datapath:u_datapath|Bmap[1]      ; Clk          ; Clk         ; 0.000        ; 0.036      ; 0.892      ;
; 0.783 ; booth_datapath:u_datapath|A[6]         ; booth_datapath:u_datapath|A[2]         ; Clk          ; Clk         ; 0.000        ; 0.232      ; 1.099      ;
; 0.786 ; booth_control:u_control|State.LOAD     ; booth_datapath:u_datapath|Q[3]         ; Clk          ; Clk         ; 0.000        ; 0.230      ; 1.100      ;
; 0.788 ; booth_datapath:u_datapath|Bmap[4]      ; booth_datapath:u_datapath|Bmap[2]      ; Clk          ; Clk         ; 0.000        ; 0.037      ; 0.909      ;
; 0.796 ; booth_datapath:u_datapath|Remaining[3] ; booth_datapath:u_datapath|Q[6]         ; Clk          ; Clk         ; 0.000        ; 0.232      ; 1.112      ;
; 0.797 ; booth_datapath:u_datapath|Q_1          ; booth_datapath:u_datapath|A[2]         ; Clk          ; Clk         ; 0.000        ; 0.058      ; 0.939      ;
; 0.808 ; booth_control:u_control|State.LOAD     ; booth_datapath:u_datapath|Q[0]         ; Clk          ; Clk         ; 0.000        ; 0.218      ; 1.110      ;
; 0.812 ; booth_control:u_control|State.CALC     ; booth_datapath:u_datapath|A[7]         ; Clk          ; Clk         ; 0.000        ; 0.230      ; 1.126      ;
; 0.812 ; booth_control:u_control|State.CALC     ; booth_datapath:u_datapath|A[3]         ; Clk          ; Clk         ; 0.000        ; 0.230      ; 1.126      ;
; 0.812 ; booth_control:u_control|State.CALC     ; booth_datapath:u_datapath|A[1]         ; Clk          ; Clk         ; 0.000        ; 0.230      ; 1.126      ;
; 0.812 ; booth_control:u_control|State.CALC     ; booth_datapath:u_datapath|A[4]         ; Clk          ; Clk         ; 0.000        ; 0.230      ; 1.126      ;
; 0.812 ; booth_control:u_control|State.CALC     ; booth_datapath:u_datapath|A[5]         ; Clk          ; Clk         ; 0.000        ; 0.230      ; 1.126      ;
; 0.812 ; booth_control:u_control|State.CALC     ; booth_datapath:u_datapath|Q[3]         ; Clk          ; Clk         ; 0.000        ; 0.230      ; 1.126      ;
; 0.813 ; booth_control:u_control|State.LOAD     ; booth_datapath:u_datapath|Q[5]         ; Clk          ; Clk         ; 0.000        ; 0.215      ; 1.112      ;
; 0.813 ; booth_datapath:u_datapath|Remaining[3] ; booth_datapath:u_datapath|Q[4]         ; Clk          ; Clk         ; 0.000        ; 0.215      ; 1.112      ;
; 0.819 ; booth_datapath:u_datapath|Bmap[7]      ; booth_datapath:u_datapath|Bmap[6]      ; Clk          ; Clk         ; 0.000        ; 0.037      ; 0.940      ;
; 0.820 ; booth_control:u_control|State.CALC     ; booth_datapath:u_datapath|A[6]         ; Clk          ; Clk         ; 0.000        ; 0.037      ; 0.941      ;
; 0.820 ; booth_datapath:u_datapath|Remaining[3] ; booth_datapath:u_datapath|Q[0]         ; Clk          ; Clk         ; 0.000        ; 0.218      ; 1.122      ;
; 0.821 ; booth_control:u_control|State.LOAD     ; booth_datapath:u_datapath|M[0]         ; Clk          ; Clk         ; 0.000        ; 0.036      ; 0.941      ;
; 0.821 ; booth_control:u_control|State.LOAD     ; booth_datapath:u_datapath|M[1]         ; Clk          ; Clk         ; 0.000        ; 0.036      ; 0.941      ;
; 0.821 ; booth_control:u_control|State.LOAD     ; booth_datapath:u_datapath|M[2]         ; Clk          ; Clk         ; 0.000        ; 0.036      ; 0.941      ;
; 0.821 ; booth_control:u_control|State.LOAD     ; booth_datapath:u_datapath|M[4]         ; Clk          ; Clk         ; 0.000        ; 0.036      ; 0.941      ;
; 0.821 ; booth_control:u_control|State.LOAD     ; booth_datapath:u_datapath|M[5]         ; Clk          ; Clk         ; 0.000        ; 0.036      ; 0.941      ;
; 0.828 ; booth_datapath:u_datapath|Remaining[3] ; booth_datapath:u_datapath|Bmap[6]      ; Clk          ; Clk         ; 0.000        ; 0.036      ; 0.948      ;
; 0.829 ; booth_datapath:u_datapath|Remaining[3] ; booth_datapath:u_datapath|Q[7]         ; Clk          ; Clk         ; 0.000        ; 0.218      ; 1.131      ;
; 0.829 ; booth_datapath:u_datapath|Bmap[7]      ; booth_datapath:u_datapath|Bmap[3]      ; Clk          ; Clk         ; 0.000        ; 0.037      ; 0.950      ;
; 0.830 ; booth_datapath:u_datapath|Bmap[7]      ; booth_datapath:u_datapath|Bmap[7]      ; Clk          ; Clk         ; 0.000        ; 0.037      ; 0.951      ;
+-------+----------------------------------------+----------------------------------------+--------------+-------------+--------------+------------+------------+


+------------------------------------------------------------------------------------------------------------------------+
; Fast 1200mV 0C Model Minimum Pulse Width: 'Clk'                                                                        ;
+--------+--------------+----------------+-----------------+-------+------------+----------------------------------------+
; Slack  ; Actual Width ; Required Width ; Type            ; Clock ; Clock Edge ; Target                                 ;
+--------+--------------+----------------+-----------------+-------+------------+----------------------------------------+
; -3.000 ; 1.000        ; 4.000          ; Port Rate       ; Clk   ; Rise       ; Clk                                    ;
; -1.000 ; 1.000        ; 2.000          ; Min Period      ; Clk   ; Rise       ; booth_control:u_control|State.CALC     ;
; -1.000 ; 1.000        ; 2.000          ; Min Period      ; Clk   ; Rise       ; booth_control:u_control|State.IDLE     ;
; -1.000 ; 1.000        ; 2.000          ; Min Period      ; Clk   ; Rise       ; booth_control:u_control|State.LOAD     ;
; -1.000 ; 1.000        ; 2.000          ; Min Period      ; Clk   ; Rise       ; booth_control:u_control|State.REPORT   ;
; -1.000 ; 1.000        ; 2.000          ; Min Period      ; Clk   ; Rise       ; booth_datapath:u_datapath|A[0]         ;
; -1.000 ; 1.000        ; 2.000          ; Min Period      ; Clk   ; Rise       ; booth_datapath:u_datapath|A[1]         ;
; -1.000 ; 1.000        ; 2.000          ; Min Period      ; Clk   ; Rise       ; booth_datapath:u_datapath|A[2]         ;
; -1.000 ; 1.000        ; 2.000          ; Min Period      ; Clk   ; Rise       ; booth_datapath:u_datapath|A[3]         ;
; -1.000 ; 1.000        ; 2.000          ; Min Period      ; Clk   ; Rise       ; booth_datapath:u_datapath|A[4]         ;
; -1.000 ; 1.000        ; 2.000          ; Min Period      ; Clk   ; Rise       ; booth_datapath:u_datapath|A[5]         ;
; -1.000 ; 1.000        ; 2.000          ; Min Period      ; Clk   ; Rise       ; booth_datapath:u_datapath|A[6]         ;
; -1.000 ; 1.000        ; 2.000          ; Min Period      ; Clk   ; Rise       ; booth_datapath:u_datapath|A[7]         ;
; -1.000 ; 1.000        ; 2.000          ; Min Period      ; Clk   ; Rise       ; booth_datapath:u_datapath|A[8]         ;
; -1.000 ; 1.000        ; 2.000          ; Min Period      ; Clk   ; Rise       ; booth_datapath:u_datapath|Bmap[1]      ;
; -1.000 ; 1.000        ; 2.000          ; Min Period      ; Clk   ; Rise       ; booth_datapath:u_datapath|Bmap[2]      ;
; -1.000 ; 1.000        ; 2.000          ; Min Period      ; Clk   ; Rise       ; booth_datapath:u_datapath|Bmap[3]      ;
; -1.000 ; 1.000        ; 2.000          ; Min Period      ; Clk   ; Rise       ; booth_datapath:u_datapath|Bmap[4]      ;
; -1.000 ; 1.000        ; 2.000          ; Min Period      ; Clk   ; Rise       ; booth_datapath:u_datapath|Bmap[5]      ;
; -1.000 ; 1.000        ; 2.000          ; Min Period      ; Clk   ; Rise       ; booth_datapath:u_datapath|Bmap[6]      ;
; -1.000 ; 1.000        ; 2.000          ; Min Period      ; Clk   ; Rise       ; booth_datapath:u_datapath|Bmap[7]      ;
; -1.000 ; 1.000        ; 2.000          ; Min Period      ; Clk   ; Rise       ; booth_datapath:u_datapath|M[0]         ;
; -1.000 ; 1.000        ; 2.000          ; Min Period      ; Clk   ; Rise       ; booth_datapath:u_datapath|M[1]         ;
; -1.000 ; 1.000        ; 2.000          ; Min Period      ; Clk   ; Rise       ; booth_datapath:u_datapath|M[2]         ;
; -1.000 ; 1.000        ; 2.000          ; Min Period      ; Clk   ; Rise       ; booth_datapath:u_datapath|M[3]         ;
; -1.000 ; 1.000        ; 2.000          ; Min Period      ; Clk   ; Rise       ; booth_datapath:u_datapath|M[4]         ;
; -1.000 ; 1.000        ; 2.000          ; Min Period      ; Clk   ; Rise       ; booth_datapath:u_datapath|M[5]         ;
; -1.000 ; 1.000        ; 2.000          ; Min Period      ; Clk   ; Rise       ; booth_datapath:u_datapath|M[6]         ;
; -1.000 ; 1.000        ; 2.000          ; Min Period      ; Clk   ; Rise       ; booth_datapath:u_datapath|M[7]         ;
; -1.000 ; 1.000        ; 2.000          ; Min Period      ; Clk   ; Rise       ; booth_datapath:u_datapath|Q[0]         ;
; -1.000 ; 1.000        ; 2.000          ; Min Period      ; Clk   ; Rise       ; booth_datapath:u_datapath|Q[1]         ;
; -1.000 ; 1.000        ; 2.000          ; Min Period      ; Clk   ; Rise       ; booth_datapath:u_datapath|Q[2]         ;
; -1.000 ; 1.000        ; 2.000          ; Min Period      ; Clk   ; Rise       ; booth_datapath:u_datapath|Q[3]         ;
; -1.000 ; 1.000        ; 2.000          ; Min Period      ; Clk   ; Rise       ; booth_datapath:u_datapath|Q[4]         ;
; -1.000 ; 1.000        ; 2.000          ; Min Period      ; Clk   ; Rise       ; booth_datapath:u_datapath|Q[5]         ;
; -1.000 ; 1.000        ; 2.000          ; Min Period      ; Clk   ; Rise       ; booth_datapath:u_datapath|Q[6]         ;
; -1.000 ; 1.000        ; 2.000          ; Min Period      ; Clk   ; Rise       ; booth_datapath:u_datapath|Q[7]         ;
; -1.000 ; 1.000        ; 2.000          ; Min Period      ; Clk   ; Rise       ; booth_datapath:u_datapath|Q_1          ;
; -1.000 ; 1.000        ; 2.000          ; Min Period      ; Clk   ; Rise       ; booth_datapath:u_datapath|Remaining[0] ;
; -1.000 ; 1.000        ; 2.000          ; Min Period      ; Clk   ; Rise       ; booth_datapath:u_datapath|Remaining[1] ;
; -1.000 ; 1.000        ; 2.000          ; Min Period      ; Clk   ; Rise       ; booth_datapath:u_datapath|Remaining[2] ;
; -1.000 ; 1.000        ; 2.000          ; Min Period      ; Clk   ; Rise       ; booth_datapath:u_datapath|Remaining[3] ;
; -0.058 ; 0.126        ; 0.184          ; Low Pulse Width ; Clk   ; Rise       ; booth_datapath:u_datapath|A[0]         ;
; -0.058 ; 0.126        ; 0.184          ; Low Pulse Width ; Clk   ; Rise       ; booth_datapath:u_datapath|A[2]         ;
; -0.058 ; 0.126        ; 0.184          ; Low Pulse Width ; Clk   ; Rise       ; booth_datapath:u_datapath|A[8]         ;
; -0.058 ; 0.126        ; 0.184          ; Low Pulse Width ; Clk   ; Rise       ; booth_datapath:u_datapath|Q[6]         ;
; -0.053 ; 0.131        ; 0.184          ; Low Pulse Width ; Clk   ; Rise       ; booth_datapath:u_datapath|A[1]         ;
; -0.053 ; 0.131        ; 0.184          ; Low Pulse Width ; Clk   ; Rise       ; booth_datapath:u_datapath|A[3]         ;
; -0.053 ; 0.131        ; 0.184          ; Low Pulse Width ; Clk   ; Rise       ; booth_datapath:u_datapath|A[4]         ;
; -0.053 ; 0.131        ; 0.184          ; Low Pulse Width ; Clk   ; Rise       ; booth_datapath:u_datapath|A[5]         ;
; -0.053 ; 0.131        ; 0.184          ; Low Pulse Width ; Clk   ; Rise       ; booth_datapath:u_datapath|A[7]         ;
; -0.053 ; 0.131        ; 0.184          ; Low Pulse Width ; Clk   ; Rise       ; booth_datapath:u_datapath|Q[3]         ;
; -0.045 ; 0.139        ; 0.184          ; Low Pulse Width ; Clk   ; Rise       ; booth_datapath:u_datapath|Q[0]         ;
; -0.045 ; 0.139        ; 0.184          ; Low Pulse Width ; Clk   ; Rise       ; booth_datapath:u_datapath|Q[7]         ;
; -0.045 ; 0.139        ; 0.184          ; Low Pulse Width ; Clk   ; Rise       ; booth_datapath:u_datapath|Q_1          ;
; -0.042 ; 0.142        ; 0.184          ; Low Pulse Width ; Clk   ; Rise       ; booth_datapath:u_datapath|Q[1]         ;
; -0.042 ; 0.142        ; 0.184          ; Low Pulse Width ; Clk   ; Rise       ; booth_datapath:u_datapath|Q[4]         ;
; -0.042 ; 0.142        ; 0.184          ; Low Pulse Width ; Clk   ; Rise       ; booth_datapath:u_datapath|Q[5]         ;
; -0.028 ; 0.156        ; 0.184          ; Low Pulse Width ; Clk   ; Rise       ; booth_datapath:u_datapath|M[0]         ;
; -0.028 ; 0.156        ; 0.184          ; Low Pulse Width ; Clk   ; Rise       ; booth_datapath:u_datapath|M[1]         ;
; -0.028 ; 0.156        ; 0.184          ; Low Pulse Width ; Clk   ; Rise       ; booth_datapath:u_datapath|M[2]         ;
; -0.028 ; 0.156        ; 0.184          ; Low Pulse Width ; Clk   ; Rise       ; booth_datapath:u_datapath|M[4]         ;
; -0.028 ; 0.156        ; 0.184          ; Low Pulse Width ; Clk   ; Rise       ; booth_datapath:u_datapath|M[5]         ;
; -0.027 ; 0.157        ; 0.184          ; Low Pulse Width ; Clk   ; Rise       ; booth_control:u_control|State.CALC     ;
; -0.027 ; 0.157        ; 0.184          ; Low Pulse Width ; Clk   ; Rise       ; booth_control:u_control|State.IDLE     ;
; -0.027 ; 0.157        ; 0.184          ; Low Pulse Width ; Clk   ; Rise       ; booth_control:u_control|State.LOAD     ;
; -0.027 ; 0.157        ; 0.184          ; Low Pulse Width ; Clk   ; Rise       ; booth_control:u_control|State.REPORT   ;
; -0.027 ; 0.157        ; 0.184          ; Low Pulse Width ; Clk   ; Rise       ; booth_datapath:u_datapath|A[6]         ;
; -0.027 ; 0.157        ; 0.184          ; Low Pulse Width ; Clk   ; Rise       ; booth_datapath:u_datapath|Bmap[1]      ;
; -0.027 ; 0.157        ; 0.184          ; Low Pulse Width ; Clk   ; Rise       ; booth_datapath:u_datapath|Bmap[2]      ;
; -0.027 ; 0.157        ; 0.184          ; Low Pulse Width ; Clk   ; Rise       ; booth_datapath:u_datapath|Bmap[3]      ;
; -0.027 ; 0.157        ; 0.184          ; Low Pulse Width ; Clk   ; Rise       ; booth_datapath:u_datapath|Bmap[4]      ;
; -0.027 ; 0.157        ; 0.184          ; Low Pulse Width ; Clk   ; Rise       ; booth_datapath:u_datapath|Bmap[5]      ;
; -0.027 ; 0.157        ; 0.184          ; Low Pulse Width ; Clk   ; Rise       ; booth_datapath:u_datapath|Bmap[6]      ;
; -0.027 ; 0.157        ; 0.184          ; Low Pulse Width ; Clk   ; Rise       ; booth_datapath:u_datapath|Bmap[7]      ;
; -0.027 ; 0.157        ; 0.184          ; Low Pulse Width ; Clk   ; Rise       ; booth_datapath:u_datapath|M[3]         ;
; -0.027 ; 0.157        ; 0.184          ; Low Pulse Width ; Clk   ; Rise       ; booth_datapath:u_datapath|M[6]         ;
; -0.027 ; 0.157        ; 0.184          ; Low Pulse Width ; Clk   ; Rise       ; booth_datapath:u_datapath|M[7]         ;
; -0.027 ; 0.157        ; 0.184          ; Low Pulse Width ; Clk   ; Rise       ; booth_datapath:u_datapath|Q[2]         ;
; -0.027 ; 0.157        ; 0.184          ; Low Pulse Width ; Clk   ; Rise       ; booth_datapath:u_datapath|Remaining[0] ;
; -0.027 ; 0.157        ; 0.184          ; Low Pulse Width ; Clk   ; Rise       ; booth_datapath:u_datapath|Remaining[1] ;
; -0.027 ; 0.157        ; 0.184          ; Low Pulse Width ; Clk   ; Rise       ; booth_datapath:u_datapath|Remaining[2] ;
; -0.027 ; 0.157        ; 0.184          ; Low Pulse Width ; Clk   ; Rise       ; booth_datapath:u_datapath|Remaining[3] ;
; 0.122  ; 0.122        ; 0.000          ; Low Pulse Width ; Clk   ; Rise       ; u_datapath|A[0]|clk                    ;
; 0.122  ; 0.122        ; 0.000          ; Low Pulse Width ; Clk   ; Rise       ; u_datapath|A[2]|clk                    ;
; 0.122  ; 0.122        ; 0.000          ; Low Pulse Width ; Clk   ; Rise       ; u_datapath|A[8]|clk                    ;
; 0.122  ; 0.122        ; 0.000          ; Low Pulse Width ; Clk   ; Rise       ; u_datapath|Q[6]|clk                    ;
; 0.125  ; 0.125        ; 0.000          ; Low Pulse Width ; Clk   ; Rise       ; Clk~input|o                            ;
; 0.127  ; 0.127        ; 0.000          ; Low Pulse Width ; Clk   ; Rise       ; u_datapath|A[1]|clk                    ;
; 0.127  ; 0.127        ; 0.000          ; Low Pulse Width ; Clk   ; Rise       ; u_datapath|A[3]|clk                    ;
; 0.127  ; 0.127        ; 0.000          ; Low Pulse Width ; Clk   ; Rise       ; u_datapath|A[4]|clk                    ;
; 0.127  ; 0.127        ; 0.000          ; Low Pulse Width ; Clk   ; Rise       ; u_datapath|A[5]|clk                    ;
; 0.127  ; 0.127        ; 0.000          ; Low Pulse Width ; Clk   ; Rise       ; u_datapath|A[7]|clk                    ;
; 0.127  ; 0.127        ; 0.000          ; Low Pulse Width ; Clk   ; Rise       ; u_datapath|Q[3]|clk                    ;
; 0.135  ; 0.135        ; 0.000          ; Low Pulse Width ; Clk   ; Rise       ; u_datapath|Q[0]|clk                    ;
; 0.135  ; 0.135        ; 0.000          ; Low Pulse Width ; Clk   ; Rise       ; u_datapath|Q[7]|clk                    ;
; 0.135  ; 0.135        ; 0.000          ; Low Pulse Width ; Clk   ; Rise       ; u_datapath|Q_1|clk                     ;
; 0.138  ; 0.138        ; 0.000          ; Low Pulse Width ; Clk   ; Rise       ; u_datapath|Q[1]|clk                    ;
; 0.138  ; 0.138        ; 0.000          ; Low Pulse Width ; Clk   ; Rise       ; u_datapath|Q[4]|clk                    ;
; 0.138  ; 0.138        ; 0.000          ; Low Pulse Width ; Clk   ; Rise       ; u_datapath|Q[5]|clk                    ;
+--------+--------------+----------------+-----------------+-------+------------+----------------------------------------+


+------------------------------------------------------------------------------+
; Setup Times                                                                  ;
+------------------+------------+-------+-------+------------+-----------------+
; Data Port        ; Clock Port ; Rise  ; Fall  ; Clock Edge ; Clock Reference ;
+------------------+------------+-------+-------+------------+-----------------+
; Multiplicand[*]  ; Clk        ; 1.395 ; 2.043 ; Rise       ; Clk             ;
;  Multiplicand[0] ; Clk        ; 1.225 ; 1.837 ; Rise       ; Clk             ;
;  Multiplicand[1] ; Clk        ; 1.212 ; 1.830 ; Rise       ; Clk             ;
;  Multiplicand[2] ; Clk        ; 1.326 ; 1.963 ; Rise       ; Clk             ;
;  Multiplicand[3] ; Clk        ; 1.395 ; 2.043 ; Rise       ; Clk             ;
;  Multiplicand[4] ; Clk        ; 1.384 ; 2.024 ; Rise       ; Clk             ;
;  Multiplicand[5] ; Clk        ; 1.258 ; 1.861 ; Rise       ; Clk             ;
;  Multiplicand[6] ; Clk        ; 1.124 ; 1.711 ; Rise       ; Clk             ;
;  Multiplicand[7] ; Clk        ; 1.133 ; 1.744 ; Rise       ; Clk             ;
; Multiplier[*]    ; Clk        ; 2.417 ; 3.056 ; Rise       ; Clk             ;
;  Multiplier[0]   ; Clk        ; 0.774 ; 1.074 ; Rise       ; Clk             ;
;  Multiplier[1]   ; Clk        ; 0.837 ; 1.142 ; Rise       ; Clk             ;
;  Multiplier[2]   ; Clk        ; 2.417 ; 3.056 ; Rise       ; Clk             ;
;  Multiplier[3]   ; Clk        ; 1.383 ; 1.993 ; Rise       ; Clk             ;
;  Multiplier[4]   ; Clk        ; 1.462 ; 2.076 ; Rise       ; Clk             ;
;  Multiplier[5]   ; Clk        ; 1.778 ; 2.364 ; Rise       ; Clk             ;
;  Multiplier[6]   ; Clk        ; 2.055 ; 2.670 ; Rise       ; Clk             ;
;  Multiplier[7]   ; Clk        ; 1.809 ; 2.424 ; Rise       ; Clk             ;
; Start            ; Clk        ; 1.306 ; 1.975 ; Rise       ; Clk             ;
+------------------+------------+-------+-------+------------+-----------------+


+--------------------------------------------------------------------------------+
; Hold Times                                                                     ;
+------------------+------------+--------+--------+------------+-----------------+
; Data Port        ; Clock Port ; Rise   ; Fall   ; Clock Edge ; Clock Reference ;
+------------------+------------+--------+--------+------------+-----------------+
; Multiplicand[*]  ; Clk        ; -0.904 ; -1.482 ; Rise       ; Clk             ;
;  Multiplicand[0] ; Clk        ; -1.001 ; -1.604 ; Rise       ; Clk             ;
;  Multiplicand[1] ; Clk        ; -0.987 ; -1.595 ; Rise       ; Clk             ;
;  Multiplicand[2] ; Clk        ; -1.097 ; -1.724 ; Rise       ; Clk             ;
;  Multiplicand[3] ; Clk        ; -1.163 ; -1.800 ; Rise       ; Clk             ;
;  Multiplicand[4] ; Clk        ; -1.153 ; -1.782 ; Rise       ; Clk             ;
;  Multiplicand[5] ; Clk        ; -1.032 ; -1.626 ; Rise       ; Clk             ;
;  Multiplicand[6] ; Clk        ; -0.904 ; -1.482 ; Rise       ; Clk             ;
;  Multiplicand[7] ; Clk        ; -0.911 ; -1.513 ; Rise       ; Clk             ;
; Multiplier[*]    ; Clk        ; 0.362  ; 0.072  ; Rise       ; Clk             ;
;  Multiplier[0]   ; Clk        ; 0.362  ; 0.072  ; Rise       ; Clk             ;
;  Multiplier[1]   ; Clk        ; 0.355  ; 0.072  ; Rise       ; Clk             ;
;  Multiplier[2]   ; Clk        ; -1.150 ; -1.772 ; Rise       ; Clk             ;
;  Multiplier[3]   ; Clk        ; -0.911 ; -1.557 ; Rise       ; Clk             ;
;  Multiplier[4]   ; Clk        ; -0.887 ; -1.509 ; Rise       ; Clk             ;
;  Multiplier[5]   ; Clk        ; -0.997 ; -1.643 ; Rise       ; Clk             ;
;  Multiplier[6]   ; Clk        ; -1.196 ; -1.860 ; Rise       ; Clk             ;
;  Multiplier[7]   ; Clk        ; -0.788 ; -1.384 ; Rise       ; Clk             ;
; Start            ; Clk        ; -1.072 ; -1.723 ; Rise       ; Clk             ;
+------------------+------------+--------+--------+------------+-----------------+


+--------------------------------------------------------------------------+
; Clock to Output Times                                                    ;
+--------------+------------+-------+-------+------------+-----------------+
; Data Port    ; Clock Port ; Rise  ; Fall  ; Clock Edge ; Clock Reference ;
+--------------+------------+-------+-------+------------+-----------------+
; Done         ; Clk        ; 3.864 ; 3.951 ; Rise       ; Clk             ;
; Product[*]   ; Clk        ; 4.842 ; 4.965 ; Rise       ; Clk             ;
;  Product[0]  ; Clk        ; 4.457 ; 4.532 ; Rise       ; Clk             ;
;  Product[1]  ; Clk        ; 3.953 ; 4.036 ; Rise       ; Clk             ;
;  Product[2]  ; Clk        ; 3.791 ; 3.877 ; Rise       ; Clk             ;
;  Product[3]  ; Clk        ; 4.842 ; 4.965 ; Rise       ; Clk             ;
;  Product[4]  ; Clk        ; 4.124 ; 4.175 ; Rise       ; Clk             ;
;  Product[5]  ; Clk        ; 4.009 ; 4.104 ; Rise       ; Clk             ;
;  Product[6]  ; Clk        ; 4.347 ; 4.477 ; Rise       ; Clk             ;
;  Product[7]  ; Clk        ; 4.104 ; 4.201 ; Rise       ; Clk             ;
;  Product[8]  ; Clk        ; 4.062 ; 4.154 ; Rise       ; Clk             ;
;  Product[9]  ; Clk        ; 4.205 ; 4.306 ; Rise       ; Clk             ;
;  Product[10] ; Clk        ; 4.370 ; 4.442 ; Rise       ; Clk             ;
;  Product[11] ; Clk        ; 4.006 ; 4.067 ; Rise       ; Clk             ;
;  Product[12] ; Clk        ; 4.554 ; 4.692 ; Rise       ; Clk             ;
;  Product[13] ; Clk        ; 4.251 ; 4.313 ; Rise       ; Clk             ;
;  Product[14] ; Clk        ; 4.206 ; 4.342 ; Rise       ; Clk             ;
;  Product[15] ; Clk        ; 4.675 ; 4.774 ; Rise       ; Clk             ;
+--------------+------------+-------+-------+------------+-----------------+


+--------------------------------------------------------------------------+
; Minimum Clock to Output Times                                            ;
+--------------+------------+-------+-------+------------+-----------------+
; Data Port    ; Clock Port ; Rise  ; Fall  ; Clock Edge ; Clock Reference ;
+--------------+------------+-------+-------+------------+-----------------+
; Done         ; Clk        ; 3.734 ; 3.818 ; Rise       ; Clk             ;
; Product[*]   ; Clk        ; 3.664 ; 3.747 ; Rise       ; Clk             ;
;  Product[0]  ; Clk        ; 4.306 ; 4.376 ; Rise       ; Clk             ;
;  Product[1]  ; Clk        ; 3.818 ; 3.897 ; Rise       ; Clk             ;
;  Product[2]  ; Clk        ; 3.664 ; 3.747 ; Rise       ; Clk             ;
;  Product[3]  ; Clk        ; 4.696 ; 4.814 ; Rise       ; Clk             ;
;  Product[4]  ; Clk        ; 3.986 ; 4.034 ; Rise       ; Clk             ;
;  Product[5]  ; Clk        ; 3.875 ; 3.966 ; Rise       ; Clk             ;
;  Product[6]  ; Clk        ; 4.200 ; 4.324 ; Rise       ; Clk             ;
;  Product[7]  ; Clk        ; 3.963 ; 4.055 ; Rise       ; Clk             ;
;  Product[8]  ; Clk        ; 3.922 ; 4.010 ; Rise       ; Clk             ;
;  Product[9]  ; Clk        ; 4.060 ; 4.156 ; Rise       ; Clk             ;
;  Product[10] ; Clk        ; 4.241 ; 4.310 ; Rise       ; Clk             ;
;  Product[11] ; Clk        ; 3.866 ; 3.924 ; Rise       ; Clk             ;
;  Product[12] ; Clk        ; 4.394 ; 4.525 ; Rise       ; Clk             ;
;  Product[13] ; Clk        ; 4.109 ; 4.167 ; Rise       ; Clk             ;
;  Product[14] ; Clk        ; 4.062 ; 4.190 ; Rise       ; Clk             ;
;  Product[15] ; Clk        ; 4.536 ; 4.631 ; Rise       ; Clk             ;
+--------------+------------+-------+-------+------------+-----------------+


---------------------------------------------
; Fast 1200mV 0C Model Metastability Report ;
---------------------------------------------
No synchronizer chains to report.


+--------------------------------------------------------------------------------+
; Multicorner Timing Analysis Summary                                            ;
+------------------+----------+-------+----------+---------+---------------------+
; Clock            ; Setup    ; Hold  ; Recovery ; Removal ; Minimum Pulse Width ;
+------------------+----------+-------+----------+---------+---------------------+
; Worst-case Slack ; -4.880   ; 0.186 ; N/A      ; N/A     ; -3.000              ;
;  Clk             ; -4.880   ; 0.186 ; N/A      ; N/A     ; -3.000              ;
; Design-wide TNS  ; -133.394 ; 0.0   ; 0.0      ; 0.0     ; -45.491             ;
;  Clk             ; -133.394 ; 0.000 ; N/A      ; N/A     ; -45.491             ;
+------------------+----------+-------+----------+---------+---------------------+


+------------------------------------------------------------------------------+
; Setup Times                                                                  ;
+------------------+------------+-------+-------+------------+-----------------+
; Data Port        ; Clock Port ; Rise  ; Fall  ; Clock Edge ; Clock Reference ;
+------------------+------------+-------+-------+------------+-----------------+
; Multiplicand[*]  ; Clk        ; 2.478 ; 2.993 ; Rise       ; Clk             ;
;  Multiplicand[0] ; Clk        ; 2.179 ; 2.657 ; Rise       ; Clk             ;
;  Multiplicand[1] ; Clk        ; 2.171 ; 2.641 ; Rise       ; Clk             ;
;  Multiplicand[2] ; Clk        ; 2.329 ; 2.840 ; Rise       ; Clk             ;
;  Multiplicand[3] ; Clk        ; 2.478 ; 2.993 ; Rise       ; Clk             ;
;  Multiplicand[4] ; Clk        ; 2.471 ; 2.976 ; Rise       ; Clk             ;
;  Multiplicand[5] ; Clk        ; 2.264 ; 2.722 ; Rise       ; Clk             ;
;  Multiplicand[6] ; Clk        ; 2.008 ; 2.461 ; Rise       ; Clk             ;
;  Multiplicand[7] ; Clk        ; 2.000 ; 2.487 ; Rise       ; Clk             ;
; Multiplier[*]    ; Clk        ; 4.245 ; 4.735 ; Rise       ; Clk             ;
;  Multiplier[0]   ; Clk        ; 1.323 ; 1.441 ; Rise       ; Clk             ;
;  Multiplier[1]   ; Clk        ; 1.449 ; 1.580 ; Rise       ; Clk             ;
;  Multiplier[2]   ; Clk        ; 4.245 ; 4.735 ; Rise       ; Clk             ;
;  Multiplier[3]   ; Clk        ; 2.431 ; 2.913 ; Rise       ; Clk             ;
;  Multiplier[4]   ; Clk        ; 2.584 ; 3.077 ; Rise       ; Clk             ;
;  Multiplier[5]   ; Clk        ; 3.124 ; 3.555 ; Rise       ; Clk             ;
;  Multiplier[6]   ; Clk        ; 3.629 ; 4.078 ; Rise       ; Clk             ;
;  Multiplier[7]   ; Clk        ; 3.182 ; 3.664 ; Rise       ; Clk             ;
; Start            ; Clk        ; 2.272 ; 2.810 ; Rise       ; Clk             ;
+------------------+------------+-------+-------+------------+-----------------+


+--------------------------------------------------------------------------------+
; Hold Times                                                                     ;
+------------------+------------+--------+--------+------------+-----------------+
; Data Port        ; Clock Port ; Rise   ; Fall   ; Clock Edge ; Clock Reference ;
+------------------+------------+--------+--------+------------+-----------------+
; Multiplicand[*]  ; Clk        ; -0.904 ; -1.482 ; Rise       ; Clk             ;
;  Multiplicand[0] ; Clk        ; -1.001 ; -1.604 ; Rise       ; Clk             ;
;  Multiplicand[1] ; Clk        ; -0.987 ; -1.595 ; Rise       ; Clk             ;
;  Multiplicand[2] ; Clk        ; -1.097 ; -1.724 ; Rise       ; Clk             ;
;  Multiplicand[3] ; Clk        ; -1.163 ; -1.800 ; Rise       ; Clk             ;
;  Multiplicand[4] ; Clk        ; -1.153 ; -1.782 ; Rise       ; Clk             ;
;  Multiplicand[5] ; Clk        ; -1.032 ; -1.626 ; Rise       ; Clk             ;
;  Multiplicand[6] ; Clk        ; -0.904 ; -1.482 ; Rise       ; Clk             ;
;  Multiplicand[7] ; Clk        ; -0.911 ; -1.513 ; Rise       ; Clk             ;
; Multiplier[*]    ; Clk        ; 0.678  ; 0.546  ; Rise       ; Clk             ;
;  Multiplier[0]   ; Clk        ; 0.678  ; 0.546  ; Rise       ; Clk             ;
;  Multiplier[1]   ; Clk        ; 0.640  ; 0.528  ; Rise       ; Clk             ;
;  Multiplier[2]   ; Clk        ; -1.150 ; -1.772 ; Rise       ; Clk             ;
;  Multiplier[3]   ; Clk        ; -0.911 ; -1.557 ; Rise       ; Clk             ;
;  Multiplier[4]   ; Clk        ; -0.887 ; -1.509 ; Rise       ; Clk             ;
;  Multiplier[5]   ; Clk        ; -0.997 ; -1.643 ; Rise       ; Clk             ;
;  Multiplier[6]   ; Clk        ; -1.196 ; -1.860 ; Rise       ; Clk             ;
;  Multiplier[7]   ; Clk        ; -0.788 ; -1.384 ; Rise       ; Clk             ;
; Start            ; Clk        ; -1.072 ; -1.723 ; Rise       ; Clk             ;
+------------------+------------+--------+--------+------------+-----------------+


+--------------------------------------------------------------------------+
; Clock to Output Times                                                    ;
+--------------+------------+-------+-------+------------+-----------------+
; Data Port    ; Clock Port ; Rise  ; Fall  ; Clock Edge ; Clock Reference ;
+--------------+------------+-------+-------+------------+-----------------+
; Done         ; Clk        ; 6.660 ; 6.595 ; Rise       ; Clk             ;
; Product[*]   ; Clk        ; 8.102 ; 8.099 ; Rise       ; Clk             ;
;  Product[0]  ; Clk        ; 7.608 ; 7.544 ; Rise       ; Clk             ;
;  Product[1]  ; Clk        ; 6.793 ; 6.766 ; Rise       ; Clk             ;
;  Product[2]  ; Clk        ; 6.524 ; 6.468 ; Rise       ; Clk             ;
;  Product[3]  ; Clk        ; 8.102 ; 8.099 ; Rise       ; Clk             ;
;  Product[4]  ; Clk        ; 7.005 ; 6.976 ; Rise       ; Clk             ;
;  Product[5]  ; Clk        ; 6.897 ; 6.849 ; Rise       ; Clk             ;
;  Product[6]  ; Clk        ; 7.485 ; 7.432 ; Rise       ; Clk             ;
;  Product[7]  ; Clk        ; 7.046 ; 6.995 ; Rise       ; Clk             ;
;  Product[8]  ; Clk        ; 6.993 ; 6.951 ; Rise       ; Clk             ;
;  Product[9]  ; Clk        ; 7.246 ; 7.180 ; Rise       ; Clk             ;
;  Product[10] ; Clk        ; 7.259 ; 7.292 ; Rise       ; Clk             ;
;  Product[11] ; Clk        ; 6.931 ; 6.829 ; Rise       ; Clk             ;
;  Product[12] ; Clk        ; 7.907 ; 7.847 ; Rise       ; Clk             ;
;  Product[13] ; Clk        ; 7.224 ; 7.192 ; Rise       ; Clk             ;
;  Product[14] ; Clk        ; 7.229 ; 7.196 ; Rise       ; Clk             ;
;  Product[15] ; Clk        ; 7.809 ; 7.803 ; Rise       ; Clk             ;
+--------------+------------+-------+-------+------------+-----------------+


+--------------------------------------------------------------------------+
; Minimum Clock to Output Times                                            ;
+--------------+------------+-------+-------+------------+-----------------+
; Data Port    ; Clock Port ; Rise  ; Fall  ; Clock Edge ; Clock Reference ;
+--------------+------------+-------+-------+------------+-----------------+
; Done         ; Clk        ; 3.734 ; 3.818 ; Rise       ; Clk             ;
; Product[*]   ; Clk        ; 3.664 ; 3.747 ; Rise       ; Clk             ;
;  Product[0]  ; Clk        ; 4.306 ; 4.376 ; Rise       ; Clk             ;
;  Product[1]  ; Clk        ; 3.818 ; 3.897 ; Rise       ; Clk             ;
;  Product[2]  ; Clk        ; 3.664 ; 3.747 ; Rise       ; Clk             ;
;  Product[3]  ; Clk        ; 4.696 ; 4.814 ; Rise       ; Clk             ;
;  Product[4]  ; Clk        ; 3.986 ; 4.034 ; Rise       ; Clk             ;
;  Product[5]  ; Clk        ; 3.875 ; 3.966 ; Rise       ; Clk             ;
;  Product[6]  ; Clk        ; 4.200 ; 4.324 ; Rise       ; Clk             ;
;  Product[7]  ; Clk        ; 3.963 ; 4.055 ; Rise       ; Clk             ;
;  Product[8]  ; Clk        ; 3.922 ; 4.010 ; Rise       ; Clk             ;
;  Product[9]  ; Clk        ; 4.060 ; 4.156 ; Rise       ; Clk             ;
;  Product[10] ; Clk        ; 4.241 ; 4.310 ; Rise       ; Clk             ;
;  Product[11] ; Clk        ; 3.866 ; 3.924 ; Rise       ; Clk             ;
;  Product[12] ; Clk        ; 4.394 ; 4.525 ; Rise       ; Clk             ;
;  Product[13] ; Clk        ; 4.109 ; 4.167 ; Rise       ; Clk             ;
;  Product[14] ; Clk        ; 4.062 ; 4.190 ; Rise       ; Clk             ;
;  Product[15] ; Clk        ; 4.536 ; 4.631 ; Rise       ; Clk             ;
+--------------+------------+-------+-------+------------+-----------------+


+------------------------------------------------------------------------------------------------------------------------------------------------------------------------------------------------------------------------------------------------------------------------------------------------------------------------------------------------------------------------------------------------------------------+
; Board Trace Model Assignments                                                                                                                                                                                                                                                                                                                                                                                    ;
+---------------+--------------+-------------------+-------------------------+-------------------------+---------------+---------------------+----------------+------------------+--------+------------------+------------------------+------------------------+--------------+---------------+-----------------+-------+---------------------+--------------------+---------------+-----------------+-------------+
; Pin           ; I/O Standard ; Near Tline Length ; Near Tline L per Length ; Near Tline C per Length ; Near Series R ; Near Differential R ; Near Pull-up R ; Near Pull-down R ; Near C ; Far Tline Length ; Far Tline L per Length ; Far Tline C per Length ; Far Series R ; Far Pull-up R ; Far Pull-down R ; Far C ; Termination Voltage ; Far Differential R ; EBD File Name ; EBD Signal Name ; EBD Far-end ;
+---------------+--------------+-------------------+-------------------------+-------------------------+---------------+---------------------+----------------+------------------+--------+------------------+------------------------+------------------------+--------------+---------------+-----------------+-------+---------------------+--------------------+---------------+-----------------+-------------+
; Product[0]    ; 2.5 V        ; 0 in              ; 0 H/in                  ; 0 F/in                  ; short         ; -                   ; open           ; open             ; open   ; 0 in             ; 0 H/in                 ; 0 F/in                 ; short        ; open          ; open            ; open  ; 0 V                 ; -                  ; n/a           ; n/a             ; n/a         ;
; Product[1]    ; 2.5 V        ; 0 in              ; 0 H/in                  ; 0 F/in                  ; short         ; -                   ; open           ; open             ; open   ; 0 in             ; 0 H/in                 ; 0 F/in                 ; short        ; open          ; open            ; open  ; 0 V                 ; -                  ; n/a           ; n/a             ; n/a         ;
; Product[2]    ; 2.5 V        ; 0 in              ; 0 H/in                  ; 0 F/in                  ; short         ; -                   ; open           ; open             ; open   ; 0 in             ; 0 H/in                 ; 0 F/in                 ; short        ; open          ; open            ; open  ; 0 V                 ; -                  ; n/a           ; n/a             ; n/a         ;
; Product[3]    ; 2.5 V        ; 0 in              ; 0 H/in                  ; 0 F/in                  ; short         ; -                   ; open           ; open             ; open   ; 0 in             ; 0 H/in                 ; 0 F/in                 ; short        ; open          ; open            ; open  ; 0 V                 ; -                  ; n/a           ; n/a             ; n/a         ;
; Product[4]    ; 2.5 V        ; 0 in              ; 0 H/in                  ; 0 F/in                  ; short         ; -                   ; open           ; open             ; open   ; 0 in             ; 0 H/in                 ; 0 F/in                 ; short        ; open          ; open            ; open  ; 0 V                 ; -                  ; n/a           ; n/a             ; n/a         ;
; Product[5]    ; 2.5 V        ; 0 in              ; 0 H/in                  ; 0 F/in                  ; short         ; -                   ; open           ; open             ; open   ; 0 in             ; 0 H/in                 ; 0 F/in                 ; short        ; open          ; open            ; open  ; 0 V                 ; -                  ; n/a           ; n/a             ; n/a         ;
; Product[6]    ; 2.5 V        ; 0 in              ; 0 H/in                  ; 0 F/in                  ; short         ; -                   ; open           ; open             ; open   ; 0 in             ; 0 H/in                 ; 0 F/in                 ; short        ; open          ; open            ; open  ; 0 V                 ; -                  ; n/a           ; n/a             ; n/a         ;
; Product[7]    ; 2.5 V        ; 0 in              ; 0 H/in                  ; 0 F/in                  ; short         ; -                   ; open           ; open             ; open   ; 0 in             ; 0 H/in                 ; 0 F/in                 ; short        ; open          ; open            ; open  ; 0 V                 ; -                  ; n/a           ; n/a             ; n/a         ;
; Product[8]    ; 2.5 V        ; 0 in              ; 0 H/in                  ; 0 F/in                  ; short         ; -                   ; open           ; open             ; open   ; 0 in             ; 0 H/in                 ; 0 F/in                 ; short        ; open          ; open            ; open  ; 0 V                 ; -                  ; n/a           ; n/a             ; n/a         ;
; Product[9]    ; 2.5 V        ; 0 in              ; 0 H/in                  ; 0 F/in                  ; short         ; -                   ; open           ; open             ; open   ; 0 in             ; 0 H/in                 ; 0 F/in                 ; short        ; open          ; open            ; open  ; 0 V                 ; -                  ; n/a           ; n/a             ; n/a         ;
; Product[10]   ; 2.5 V        ; 0 in              ; 0 H/in                  ; 0 F/in                  ; short         ; -                   ; open           ; open             ; open   ; 0 in             ; 0 H/in                 ; 0 F/in                 ; short        ; open          ; open            ; open  ; 0 V                 ; -                  ; n/a           ; n/a             ; n/a         ;
; Product[11]   ; 2.5 V        ; 0 in              ; 0 H/in                  ; 0 F/in                  ; short         ; -                   ; open           ; open             ; open   ; 0 in             ; 0 H/in                 ; 0 F/in                 ; short        ; open          ; open            ; open  ; 0 V                 ; -                  ; n/a           ; n/a             ; n/a         ;
; Product[12]   ; 2.5 V        ; 0 in              ; 0 H/in                  ; 0 F/in                  ; short         ; -                   ; open           ; open             ; open   ; 0 in             ; 0 H/in                 ; 0 F/in                 ; short        ; open          ; open            ; open  ; 0 V                 ; -                  ; n/a           ; n/a             ; n/a         ;
; Product[13]   ; 2.5 V        ; 0 in              ; 0 H/in                  ; 0 F/in                  ; short         ; -                   ; open           ; open             ; open   ; 0 in             ; 0 H/in                 ; 0 F/in                 ; short        ; open          ; open            ; open  ; 0 V                 ; -                  ; n/a           ; n/a             ; n/a         ;
; Product[14]   ; 2.5 V        ; 0 in              ; 0 H/in                  ; 0 F/in                  ; short         ; -                   ; open           ; open             ; open   ; 0 in             ; 0 H/in                 ; 0 F/in                 ; short        ; open          ; open            ; open  ; 0 V                 ; -                  ; n/a           ; n/a             ; n/a         ;
; Product[15]   ; 2.5 V        ; 0 in              ; 0 H/in                  ; 0 F/in                  ; short         ; -                   ; open           ; open             ; open   ; 0 in             ; 0 H/in                 ; 0 F/in                 ; short        ; open          ; open            ; open  ; 0 V                 ; -                  ; n/a           ; n/a             ; n/a         ;
; Done          ; 2.5 V        ; 0 in              ; 0 H/in                  ; 0 F/in                  ; short         ; -                   ; open           ; open             ; open   ; 0 in             ; 0 H/in                 ; 0 F/in                 ; short        ; open          ; open            ; open  ; 0 V                 ; -                  ; n/a           ; n/a             ; n/a         ;
; ~ALTERA_NCEO~ ; 2.5 V        ; 0 in              ; 0 H/in                  ; 0 F/in                  ; short         ; -                   ; open           ; open             ; open   ; 0 in             ; 0 H/in                 ; 0 F/in                 ; short        ; open          ; open            ; open  ; 0 V                 ; -                  ; n/a           ; n/a             ; n/a         ;
; ~ALTERA_DCLK~ ; 2.5 V        ; 0 in              ; 0 H/in                  ; 0 F/in                  ; short         ; -                   ; open           ; open             ; open   ; 0 in             ; 0 H/in                 ; 0 F/in                 ; short        ; open          ; open            ; open  ; 0 V                 ; -                  ; n/a           ; n/a             ; n/a         ;
+---------------+--------------+-------------------+-------------------------+-------------------------+---------------+---------------------+----------------+------------------+--------+------------------+------------------------+------------------------+--------------+---------------+-----------------+-------+---------------------+--------------------+---------------+-----------------+-------------+


+--------------------------------------------------------------------+
; Input Transition Times                                             ;
+-----------------+--------------+-----------------+-----------------+
; Pin             ; I/O Standard ; 10-90 Rise Time ; 90-10 Fall Time ;
+-----------------+--------------+-----------------+-----------------+
; Clk             ; 2.5 V        ; 2000 ps         ; 2000 ps         ;
; Multiplier[0]   ; 2.5 V        ; 2000 ps         ; 2000 ps         ;
; RstN            ; 2.5 V        ; 2000 ps         ; 2000 ps         ;
; Multiplier[1]   ; 2.5 V        ; 2000 ps         ; 2000 ps         ;
; Multiplier[2]   ; 2.5 V        ; 2000 ps         ; 2000 ps         ;
; Multiplier[3]   ; 2.5 V        ; 2000 ps         ; 2000 ps         ;
; Multiplier[4]   ; 2.5 V        ; 2000 ps         ; 2000 ps         ;
; Multiplier[5]   ; 2.5 V        ; 2000 ps         ; 2000 ps         ;
; Multiplier[6]   ; 2.5 V        ; 2000 ps         ; 2000 ps         ;
; Multiplier[7]   ; 2.5 V        ; 2000 ps         ; 2000 ps         ;
; Multiplicand[7] ; 2.5 V        ; 2000 ps         ; 2000 ps         ;
; Multiplicand[6] ; 2.5 V        ; 2000 ps         ; 2000 ps         ;
; Multiplicand[5] ; 2.5 V        ; 2000 ps         ; 2000 ps         ;
; Multiplicand[4] ; 2.5 V        ; 2000 ps         ; 2000 ps         ;
; Multiplicand[3] ; 2.5 V        ; 2000 ps         ; 2000 ps         ;
; Multiplicand[2] ; 2.5 V        ; 2000 ps         ; 2000 ps         ;
; Multiplicand[1] ; 2.5 V        ; 2000 ps         ; 2000 ps         ;
; Multiplicand[0] ; 2.5 V        ; 2000 ps         ; 2000 ps         ;
; Start           ; 2.5 V        ; 2000 ps         ; 2000 ps         ;
; ~ALTERA_DATA0~  ; 2.5 V        ; 2000 ps         ; 2000 ps         ;
; ~ALTERA_ASDO~   ; 2.5 V        ; 2000 ps         ; 2000 ps         ;
; ~ALTERA_NCSO~   ; 2.5 V        ; 2000 ps         ; 2000 ps         ;
+-----------------+--------------+-----------------+-----------------+


+--------------------------------------------------------------------------------------------------------------------------------------------------------------------------------------------------------------------------------------------------------------------------------------------------------------------------------------------------------------------------------------------------------------------------------------------------------------------------------------------------------------------------------------------------------------------------------------------------------------------------------------------------------------------------------------------+
; Signal Integrity Metrics (Slow 1200mv 0c Model)                                                                                                                                                                                                                                                                                                                                                                                                                                                                                                                                                                                                                                            ;
+---------------+--------------+---------------------+---------------------+------------------------------+------------------------------+---------------------+---------------------+--------------------------------------+--------------------------------------+-----------------------------+-----------------------------+----------------------------+----------------------------+-----------------------------+-----------------------------+--------------------+--------------------+-------------------------------------+-------------------------------------+----------------------------+----------------------------+---------------------------+---------------------------+
; Pin           ; I/O Standard ; Board Delay on Rise ; Board Delay on Fall ; Steady State Voh at FPGA Pin ; Steady State Vol at FPGA Pin ; Voh Max at FPGA Pin ; Vol Min at FPGA Pin ; Ringback Voltage on Rise at FPGA Pin ; Ringback Voltage on Fall at FPGA Pin ; 10-90 Rise Time at FPGA Pin ; 90-10 Fall Time at FPGA Pin ; Monotonic Rise at FPGA Pin ; Monotonic Fall at FPGA Pin ; Steady State Voh at Far-end ; Steady State Vol at Far-end ; Voh Max at Far-end ; Vol Min at Far-end ; Ringback Voltage on Rise at Far-end ; Ringback Voltage on Fall at Far-end ; 10-90 Rise Time at Far-end ; 90-10 Fall Time at Far-end ; Monotonic Rise at Far-end ; Monotonic Fall at Far-end ;
+---------------+--------------+---------------------+---------------------+------------------------------+------------------------------+---------------------+---------------------+--------------------------------------+--------------------------------------+-----------------------------+-----------------------------+----------------------------+----------------------------+-----------------------------+-----------------------------+--------------------+--------------------+-------------------------------------+-------------------------------------+----------------------------+----------------------------+---------------------------+---------------------------+
; Product[0]    ; 2.5 V        ; 0 s                 ; 0 s                 ; 2.32 V                       ; 5.16e-09 V                   ; 2.37 V              ; -0.00861 V          ; 0.168 V                              ; 0.038 V                              ; 6.79e-10 s                  ; 6.49e-10 s                  ; No                         ; Yes                        ; 2.32 V                      ; 5.16e-09 V                  ; 2.37 V             ; -0.00861 V         ; 0.168 V                             ; 0.038 V                             ; 6.79e-10 s                 ; 6.49e-10 s                 ; No                        ; Yes                       ;
; Product[1]    ; 2.5 V        ; 0 s                 ; 0 s                 ; 2.32 V                       ; 7.29e-09 V                   ; 2.39 V              ; -0.00339 V          ; 0.206 V                              ; 0.007 V                              ; 2.77e-10 s                  ; 3.24e-10 s                  ; Yes                        ; Yes                        ; 2.32 V                      ; 7.29e-09 V                  ; 2.39 V             ; -0.00339 V         ; 0.206 V                             ; 0.007 V                             ; 2.77e-10 s                 ; 3.24e-10 s                 ; Yes                       ; Yes                       ;
; Product[2]    ; 2.5 V        ; 0 s                 ; 0 s                 ; 2.32 V                       ; 7.29e-09 V                   ; 2.39 V              ; -0.00317 V          ; 0.179 V                              ; 0.007 V                              ; 4.7e-10 s                   ; 4.72e-10 s                  ; No                         ; Yes                        ; 2.32 V                      ; 7.29e-09 V                  ; 2.39 V             ; -0.00317 V         ; 0.179 V                             ; 0.007 V                             ; 4.7e-10 s                  ; 4.72e-10 s                 ; No                        ; Yes                       ;
; Product[3]    ; 2.5 V        ; 0 s                 ; 0 s                 ; 2.32 V                       ; 7.29e-09 V                   ; 2.34 V              ; -0.00668 V          ; 0.218 V                              ; 0.076 V                              ; 1.92e-09 s                  ; 1.81e-09 s                  ; No                         ; Yes                        ; 2.32 V                      ; 7.29e-09 V                  ; 2.34 V             ; -0.00668 V         ; 0.218 V                             ; 0.076 V                             ; 1.92e-09 s                 ; 1.81e-09 s                 ; No                        ; Yes                       ;
; Product[4]    ; 2.5 V        ; 0 s                 ; 0 s                 ; 2.32 V                       ; 5.16e-09 V                   ; 2.37 V              ; -0.00861 V          ; 0.168 V                              ; 0.038 V                              ; 6.79e-10 s                  ; 6.49e-10 s                  ; No                         ; Yes                        ; 2.32 V                      ; 5.16e-09 V                  ; 2.37 V             ; -0.00861 V         ; 0.168 V                             ; 0.038 V                             ; 6.79e-10 s                 ; 6.49e-10 s                 ; No                        ; Yes                       ;
; Product[5]    ; 2.5 V        ; 0 s                 ; 0 s                 ; 2.32 V                       ; 7.29e-09 V                   ; 2.39 V              ; -0.00317 V          ; 0.179 V                              ; 0.007 V                              ; 4.7e-10 s                   ; 4.72e-10 s                  ; No                         ; Yes                        ; 2.32 V                      ; 7.29e-09 V                  ; 2.39 V             ; -0.00317 V         ; 0.179 V                             ; 0.007 V                             ; 4.7e-10 s                  ; 4.72e-10 s                 ; No                        ; Yes                       ;
; Product[6]    ; 2.5 V        ; 0 s                 ; 0 s                 ; 2.32 V                       ; 7.29e-09 V                   ; 2.39 V              ; -0.00317 V          ; 0.179 V                              ; 0.007 V                              ; 4.7e-10 s                   ; 4.72e-10 s                  ; No                         ; Yes                        ; 2.32 V                      ; 7.29e-09 V                  ; 2.39 V             ; -0.00317 V         ; 0.179 V                             ; 0.007 V                             ; 4.7e-10 s                  ; 4.72e-10 s                 ; No                        ; Yes                       ;
; Product[7]    ; 2.5 V        ; 0 s                 ; 0 s                 ; 2.32 V                       ; 7.29e-09 V                   ; 2.39 V              ; -0.00339 V          ; 0.206 V                              ; 0.007 V                              ; 2.77e-10 s                  ; 3.24e-10 s                  ; Yes                        ; Yes                        ; 2.32 V                      ; 7.29e-09 V                  ; 2.39 V             ; -0.00339 V         ; 0.206 V                             ; 0.007 V                             ; 2.77e-10 s                 ; 3.24e-10 s                 ; Yes                       ; Yes                       ;
; Product[8]    ; 2.5 V        ; 0 s                 ; 0 s                 ; 2.32 V                       ; 7.29e-09 V                   ; 2.39 V              ; -0.00339 V          ; 0.206 V                              ; 0.007 V                              ; 2.77e-10 s                  ; 3.24e-10 s                  ; Yes                        ; Yes                        ; 2.32 V                      ; 7.29e-09 V                  ; 2.39 V             ; -0.00339 V         ; 0.206 V                             ; 0.007 V                             ; 2.77e-10 s                 ; 3.24e-10 s                 ; Yes                       ; Yes                       ;
; Product[9]    ; 2.5 V        ; 0 s                 ; 0 s                 ; 2.32 V                       ; 7.29e-09 V                   ; 2.39 V              ; -0.00339 V          ; 0.206 V                              ; 0.007 V                              ; 2.77e-10 s                  ; 3.24e-10 s                  ; Yes                        ; Yes                        ; 2.32 V                      ; 7.29e-09 V                  ; 2.39 V             ; -0.00339 V         ; 0.206 V                             ; 0.007 V                             ; 2.77e-10 s                 ; 3.24e-10 s                 ; Yes                       ; Yes                       ;
; Product[10]   ; 2.5 V        ; 0 s                 ; 0 s                 ; 2.32 V                       ; 5.16e-09 V                   ; 2.34 V              ; -0.00633 V          ; 0.232 V                              ; 0.083 V                              ; 1.94e-09 s                  ; 1.83e-09 s                  ; No                         ; Yes                        ; 2.32 V                      ; 5.16e-09 V                  ; 2.34 V             ; -0.00633 V         ; 0.232 V                             ; 0.083 V                             ; 1.94e-09 s                 ; 1.83e-09 s                 ; No                        ; Yes                       ;
; Product[11]   ; 2.5 V        ; 0 s                 ; 0 s                 ; 2.32 V                       ; 5.16e-09 V                   ; 2.4 V               ; -0.00557 V          ; 0.238 V                              ; 0.014 V                              ; 2.9e-10 s                   ; 3.48e-10 s                  ; No                         ; Yes                        ; 2.32 V                      ; 5.16e-09 V                  ; 2.4 V              ; -0.00557 V         ; 0.238 V                             ; 0.014 V                             ; 2.9e-10 s                  ; 3.48e-10 s                 ; No                        ; Yes                       ;
; Product[12]   ; 2.5 V        ; 0 s                 ; 0 s                 ; 2.32 V                       ; 7.29e-09 V                   ; 2.39 V              ; -0.00339 V          ; 0.206 V                              ; 0.007 V                              ; 2.77e-10 s                  ; 3.24e-10 s                  ; Yes                        ; Yes                        ; 2.32 V                      ; 7.29e-09 V                  ; 2.39 V             ; -0.00339 V         ; 0.206 V                             ; 0.007 V                             ; 2.77e-10 s                 ; 3.24e-10 s                 ; Yes                       ; Yes                       ;
; Product[13]   ; 2.5 V        ; 0 s                 ; 0 s                 ; 2.32 V                       ; 5.16e-09 V                   ; 2.37 V              ; -0.00861 V          ; 0.168 V                              ; 0.038 V                              ; 6.79e-10 s                  ; 6.49e-10 s                  ; No                         ; Yes                        ; 2.32 V                      ; 5.16e-09 V                  ; 2.37 V             ; -0.00861 V         ; 0.168 V                             ; 0.038 V                             ; 6.79e-10 s                 ; 6.49e-10 s                 ; No                        ; Yes                       ;
; Product[14]   ; 2.5 V        ; 0 s                 ; 0 s                 ; 2.32 V                       ; 7.29e-09 V                   ; 2.39 V              ; -0.00339 V          ; 0.206 V                              ; 0.007 V                              ; 2.77e-10 s                  ; 3.24e-10 s                  ; Yes                        ; Yes                        ; 2.32 V                      ; 7.29e-09 V                  ; 2.39 V             ; -0.00339 V         ; 0.206 V                             ; 0.007 V                             ; 2.77e-10 s                 ; 3.24e-10 s                 ; Yes                       ; Yes                       ;
; Product[15]   ; 2.5 V        ; 0 s                 ; 0 s                 ; 2.32 V                       ; 7.29e-09 V                   ; 2.34 V              ; -0.00668 V          ; 0.218 V                              ; 0.076 V                              ; 1.92e-09 s                  ; 1.81e-09 s                  ; No                         ; Yes                        ; 2.32 V                      ; 7.29e-09 V                  ; 2.34 V             ; -0.00668 V         ; 0.218 V                             ; 0.076 V                             ; 1.92e-09 s                 ; 1.81e-09 s                 ; No                        ; Yes                       ;
; Done          ; 2.5 V        ; 0 s                 ; 0 s                 ; 2.32 V                       ; 7.29e-09 V                   ; 2.39 V              ; -0.00317 V          ; 0.179 V                              ; 0.007 V                              ; 4.7e-10 s                   ; 4.72e-10 s                  ; No                         ; Yes                        ; 2.32 V                      ; 7.29e-09 V                  ; 2.39 V             ; -0.00317 V         ; 0.179 V                             ; 0.007 V                             ; 4.7e-10 s                  ; 4.72e-10 s                 ; No                        ; Yes                       ;
; ~ALTERA_NCEO~ ; 2.5 V        ; 0 s                 ; 0 s                 ; 2.32 V                       ; 4.76e-09 V                   ; 2.4 V               ; -0.034 V            ; 0.102 V                              ; 0.065 V                              ; 2.49e-10 s                  ; 3.49e-10 s                  ; Yes                        ; Yes                        ; 2.32 V                      ; 4.76e-09 V                  ; 2.4 V              ; -0.034 V           ; 0.102 V                             ; 0.065 V                             ; 2.49e-10 s                 ; 3.49e-10 s                 ; Yes                       ; Yes                       ;
; ~ALTERA_DCLK~ ; 2.5 V        ; 0 s                 ; 0 s                 ; 2.32 V                       ; 5.94e-09 V                   ; 2.39 V              ; -0.0344 V           ; 0.156 V                              ; 0.089 V                              ; 2.68e-10 s                  ; 2.6e-10 s                   ; Yes                        ; Yes                        ; 2.32 V                      ; 5.94e-09 V                  ; 2.39 V             ; -0.0344 V          ; 0.156 V                             ; 0.089 V                             ; 2.68e-10 s                 ; 2.6e-10 s                  ; Yes                       ; Yes                       ;
+---------------+--------------+---------------------+---------------------+------------------------------+------------------------------+---------------------+---------------------+--------------------------------------+--------------------------------------+-----------------------------+-----------------------------+----------------------------+----------------------------+-----------------------------+-----------------------------+--------------------+--------------------+-------------------------------------+-------------------------------------+----------------------------+----------------------------+---------------------------+---------------------------+


+--------------------------------------------------------------------------------------------------------------------------------------------------------------------------------------------------------------------------------------------------------------------------------------------------------------------------------------------------------------------------------------------------------------------------------------------------------------------------------------------------------------------------------------------------------------------------------------------------------------------------------------------------------------------------------------------+
; Signal Integrity Metrics (Slow 1200mv 85c Model)                                                                                                                                                                                                                                                                                                                                                                                                                                                                                                                                                                                                                                           ;
+---------------+--------------+---------------------+---------------------+------------------------------+------------------------------+---------------------+---------------------+--------------------------------------+--------------------------------------+-----------------------------+-----------------------------+----------------------------+----------------------------+-----------------------------+-----------------------------+--------------------+--------------------+-------------------------------------+-------------------------------------+----------------------------+----------------------------+---------------------------+---------------------------+
; Pin           ; I/O Standard ; Board Delay on Rise ; Board Delay on Fall ; Steady State Voh at FPGA Pin ; Steady State Vol at FPGA Pin ; Voh Max at FPGA Pin ; Vol Min at FPGA Pin ; Ringback Voltage on Rise at FPGA Pin ; Ringback Voltage on Fall at FPGA Pin ; 10-90 Rise Time at FPGA Pin ; 90-10 Fall Time at FPGA Pin ; Monotonic Rise at FPGA Pin ; Monotonic Fall at FPGA Pin ; Steady State Voh at Far-end ; Steady State Vol at Far-end ; Voh Max at Far-end ; Vol Min at Far-end ; Ringback Voltage on Rise at Far-end ; Ringback Voltage on Fall at Far-end ; 10-90 Rise Time at Far-end ; 90-10 Fall Time at Far-end ; Monotonic Rise at Far-end ; Monotonic Fall at Far-end ;
+---------------+--------------+---------------------+---------------------+------------------------------+------------------------------+---------------------+---------------------+--------------------------------------+--------------------------------------+-----------------------------+-----------------------------+----------------------------+----------------------------+-----------------------------+-----------------------------+--------------------+--------------------+-------------------------------------+-------------------------------------+----------------------------+----------------------------+---------------------------+---------------------------+
; Product[0]    ; 2.5 V        ; 0 s                 ; 0 s                 ; 2.32 V                       ; 8.13e-07 V                   ; 2.35 V              ; -0.00662 V          ; 0.129 V                              ; 0.049 V                              ; 8.55e-10 s                  ; 8.01e-10 s                  ; No                         ; Yes                        ; 2.32 V                      ; 8.13e-07 V                  ; 2.35 V             ; -0.00662 V         ; 0.129 V                             ; 0.049 V                             ; 8.55e-10 s                 ; 8.01e-10 s                 ; No                        ; Yes                       ;
; Product[1]    ; 2.5 V        ; 0 s                 ; 0 s                 ; 2.32 V                       ; 1.21e-06 V                   ; 2.37 V              ; -0.00606 V          ; 0.107 V                              ; 0.021 V                              ; 4.26e-10 s                  ; 4.03e-10 s                  ; Yes                        ; Yes                        ; 2.32 V                      ; 1.21e-06 V                  ; 2.37 V             ; -0.00606 V         ; 0.107 V                             ; 0.021 V                             ; 4.26e-10 s                 ; 4.03e-10 s                 ; Yes                       ; Yes                       ;
; Product[2]    ; 2.5 V        ; 0 s                 ; 0 s                 ; 2.32 V                       ; 1.21e-06 V                   ; 2.36 V              ; -0.00833 V          ; 0.113 V                              ; 0.035 V                              ; 6.32e-10 s                  ; 5.89e-10 s                  ; No                         ; Yes                        ; 2.32 V                      ; 1.21e-06 V                  ; 2.36 V             ; -0.00833 V         ; 0.113 V                             ; 0.035 V                             ; 6.32e-10 s                 ; 5.89e-10 s                 ; No                        ; Yes                       ;
; Product[3]    ; 2.5 V        ; 0 s                 ; 0 s                 ; 2.32 V                       ; 1.21e-06 V                   ; 2.33 V              ; -0.00286 V          ; 0.193 V                              ; 0.042 V                              ; 2.32e-09 s                  ; 2.21e-09 s                  ; Yes                        ; Yes                        ; 2.32 V                      ; 1.21e-06 V                  ; 2.33 V             ; -0.00286 V         ; 0.193 V                             ; 0.042 V                             ; 2.32e-09 s                 ; 2.21e-09 s                 ; Yes                       ; Yes                       ;
; Product[4]    ; 2.5 V        ; 0 s                 ; 0 s                 ; 2.32 V                       ; 8.13e-07 V                   ; 2.35 V              ; -0.00662 V          ; 0.129 V                              ; 0.049 V                              ; 8.55e-10 s                  ; 8.01e-10 s                  ; No                         ; Yes                        ; 2.32 V                      ; 8.13e-07 V                  ; 2.35 V             ; -0.00662 V         ; 0.129 V                             ; 0.049 V                             ; 8.55e-10 s                 ; 8.01e-10 s                 ; No                        ; Yes                       ;
; Product[5]    ; 2.5 V        ; 0 s                 ; 0 s                 ; 2.32 V                       ; 1.21e-06 V                   ; 2.36 V              ; -0.00833 V          ; 0.113 V                              ; 0.035 V                              ; 6.32e-10 s                  ; 5.89e-10 s                  ; No                         ; Yes                        ; 2.32 V                      ; 1.21e-06 V                  ; 2.36 V             ; -0.00833 V         ; 0.113 V                             ; 0.035 V                             ; 6.32e-10 s                 ; 5.89e-10 s                 ; No                        ; Yes                       ;
; Product[6]    ; 2.5 V        ; 0 s                 ; 0 s                 ; 2.32 V                       ; 1.21e-06 V                   ; 2.36 V              ; -0.00833 V          ; 0.113 V                              ; 0.035 V                              ; 6.32e-10 s                  ; 5.89e-10 s                  ; No                         ; Yes                        ; 2.32 V                      ; 1.21e-06 V                  ; 2.36 V             ; -0.00833 V         ; 0.113 V                             ; 0.035 V                             ; 6.32e-10 s                 ; 5.89e-10 s                 ; No                        ; Yes                       ;
; Product[7]    ; 2.5 V        ; 0 s                 ; 0 s                 ; 2.32 V                       ; 1.21e-06 V                   ; 2.37 V              ; -0.00606 V          ; 0.107 V                              ; 0.021 V                              ; 4.26e-10 s                  ; 4.03e-10 s                  ; Yes                        ; Yes                        ; 2.32 V                      ; 1.21e-06 V                  ; 2.37 V             ; -0.00606 V         ; 0.107 V                             ; 0.021 V                             ; 4.26e-10 s                 ; 4.03e-10 s                 ; Yes                       ; Yes                       ;
; Product[8]    ; 2.5 V        ; 0 s                 ; 0 s                 ; 2.32 V                       ; 1.21e-06 V                   ; 2.37 V              ; -0.00606 V          ; 0.107 V                              ; 0.021 V                              ; 4.26e-10 s                  ; 4.03e-10 s                  ; Yes                        ; Yes                        ; 2.32 V                      ; 1.21e-06 V                  ; 2.37 V             ; -0.00606 V         ; 0.107 V                             ; 0.021 V                             ; 4.26e-10 s                 ; 4.03e-10 s                 ; Yes                       ; Yes                       ;
; Product[9]    ; 2.5 V        ; 0 s                 ; 0 s                 ; 2.32 V                       ; 1.21e-06 V                   ; 2.37 V              ; -0.00606 V          ; 0.107 V                              ; 0.021 V                              ; 4.26e-10 s                  ; 4.03e-10 s                  ; Yes                        ; Yes                        ; 2.32 V                      ; 1.21e-06 V                  ; 2.37 V             ; -0.00606 V         ; 0.107 V                             ; 0.021 V                             ; 4.26e-10 s                 ; 4.03e-10 s                 ; Yes                       ; Yes                       ;
; Product[10]   ; 2.5 V        ; 0 s                 ; 0 s                 ; 2.32 V                       ; 8.13e-07 V                   ; 2.33 V              ; -0.00252 V          ; 0.203 V                              ; 0.046 V                              ; 2.34e-09 s                  ; 2.24e-09 s                  ; Yes                        ; Yes                        ; 2.32 V                      ; 8.13e-07 V                  ; 2.33 V             ; -0.00252 V         ; 0.203 V                             ; 0.046 V                             ; 2.34e-09 s                 ; 2.24e-09 s                 ; Yes                       ; Yes                       ;
; Product[11]   ; 2.5 V        ; 0 s                 ; 0 s                 ; 2.32 V                       ; 8.13e-07 V                   ; 2.36 V              ; -0.00623 V          ; 0.121 V                              ; 0.03 V                               ; 4.4e-10 s                   ; 4.28e-10 s                  ; Yes                        ; Yes                        ; 2.32 V                      ; 8.13e-07 V                  ; 2.36 V             ; -0.00623 V         ; 0.121 V                             ; 0.03 V                              ; 4.4e-10 s                  ; 4.28e-10 s                 ; Yes                       ; Yes                       ;
; Product[12]   ; 2.5 V        ; 0 s                 ; 0 s                 ; 2.32 V                       ; 1.21e-06 V                   ; 2.37 V              ; -0.00606 V          ; 0.107 V                              ; 0.021 V                              ; 4.26e-10 s                  ; 4.03e-10 s                  ; Yes                        ; Yes                        ; 2.32 V                      ; 1.21e-06 V                  ; 2.37 V             ; -0.00606 V         ; 0.107 V                             ; 0.021 V                             ; 4.26e-10 s                 ; 4.03e-10 s                 ; Yes                       ; Yes                       ;
; Product[13]   ; 2.5 V        ; 0 s                 ; 0 s                 ; 2.32 V                       ; 8.13e-07 V                   ; 2.35 V              ; -0.00662 V          ; 0.129 V                              ; 0.049 V                              ; 8.55e-10 s                  ; 8.01e-10 s                  ; No                         ; Yes                        ; 2.32 V                      ; 8.13e-07 V                  ; 2.35 V             ; -0.00662 V         ; 0.129 V                             ; 0.049 V                             ; 8.55e-10 s                 ; 8.01e-10 s                 ; No                        ; Yes                       ;
; Product[14]   ; 2.5 V        ; 0 s                 ; 0 s                 ; 2.32 V                       ; 1.21e-06 V                   ; 2.37 V              ; -0.00606 V          ; 0.107 V                              ; 0.021 V                              ; 4.26e-10 s                  ; 4.03e-10 s                  ; Yes                        ; Yes                        ; 2.32 V                      ; 1.21e-06 V                  ; 2.37 V             ; -0.00606 V         ; 0.107 V                             ; 0.021 V                             ; 4.26e-10 s                 ; 4.03e-10 s                 ; Yes                       ; Yes                       ;
; Product[15]   ; 2.5 V        ; 0 s                 ; 0 s                 ; 2.32 V                       ; 1.21e-06 V                   ; 2.33 V              ; -0.00286 V          ; 0.193 V                              ; 0.042 V                              ; 2.32e-09 s                  ; 2.21e-09 s                  ; Yes                        ; Yes                        ; 2.32 V                      ; 1.21e-06 V                  ; 2.33 V             ; -0.00286 V         ; 0.193 V                             ; 0.042 V                             ; 2.32e-09 s                 ; 2.21e-09 s                 ; Yes                       ; Yes                       ;
; Done          ; 2.5 V        ; 0 s                 ; 0 s                 ; 2.32 V                       ; 1.21e-06 V                   ; 2.36 V              ; -0.00833 V          ; 0.113 V                              ; 0.035 V                              ; 6.32e-10 s                  ; 5.89e-10 s                  ; No                         ; Yes                        ; 2.32 V                      ; 1.21e-06 V                  ; 2.36 V             ; -0.00833 V         ; 0.113 V                             ; 0.035 V                             ; 6.32e-10 s                 ; 5.89e-10 s                 ; No                        ; Yes                       ;
; ~ALTERA_NCEO~ ; 2.5 V        ; 0 s                 ; 0 s                 ; 2.32 V                       ; 7.93e-07 V                   ; 2.37 V              ; -0.0278 V           ; 0.106 V                              ; 0.115 V                              ; 2.69e-10 s                  ; 4.05e-10 s                  ; Yes                        ; Yes                        ; 2.32 V                      ; 7.93e-07 V                  ; 2.37 V             ; -0.0278 V          ; 0.106 V                             ; 0.115 V                             ; 2.69e-10 s                 ; 4.05e-10 s                 ; Yes                       ; Yes                       ;
; ~ALTERA_DCLK~ ; 2.5 V        ; 0 s                 ; 0 s                 ; 2.32 V                       ; 9.76e-07 V                   ; 2.36 V              ; -0.00439 V          ; 0.088 V                              ; 0.007 V                              ; 4.05e-10 s                  ; 3.35e-10 s                  ; Yes                        ; Yes                        ; 2.32 V                      ; 9.76e-07 V                  ; 2.36 V             ; -0.00439 V         ; 0.088 V                             ; 0.007 V                             ; 4.05e-10 s                 ; 3.35e-10 s                 ; Yes                       ; Yes                       ;
+---------------+--------------+---------------------+---------------------+------------------------------+------------------------------+---------------------+---------------------+--------------------------------------+--------------------------------------+-----------------------------+-----------------------------+----------------------------+----------------------------+-----------------------------+-----------------------------+--------------------+--------------------+-------------------------------------+-------------------------------------+----------------------------+----------------------------+---------------------------+---------------------------+


+--------------------------------------------------------------------------------------------------------------------------------------------------------------------------------------------------------------------------------------------------------------------------------------------------------------------------------------------------------------------------------------------------------------------------------------------------------------------------------------------------------------------------------------------------------------------------------------------------------------------------------------------------------------------------------------------+
; Signal Integrity Metrics (Fast 1200mv 0c Model)                                                                                                                                                                                                                                                                                                                                                                                                                                                                                                                                                                                                                                            ;
+---------------+--------------+---------------------+---------------------+------------------------------+------------------------------+---------------------+---------------------+--------------------------------------+--------------------------------------+-----------------------------+-----------------------------+----------------------------+----------------------------+-----------------------------+-----------------------------+--------------------+--------------------+-------------------------------------+-------------------------------------+----------------------------+----------------------------+---------------------------+---------------------------+
; Pin           ; I/O Standard ; Board Delay on Rise ; Board Delay on Fall ; Steady State Voh at FPGA Pin ; Steady State Vol at FPGA Pin ; Voh Max at FPGA Pin ; Vol Min at FPGA Pin ; Ringback Voltage on Rise at FPGA Pin ; Ringback Voltage on Fall at FPGA Pin ; 10-90 Rise Time at FPGA Pin ; 90-10 Fall Time at FPGA Pin ; Monotonic Rise at FPGA Pin ; Monotonic Fall at FPGA Pin ; Steady State Voh at Far-end ; Steady State Vol at Far-end ; Voh Max at Far-end ; Vol Min at Far-end ; Ringback Voltage on Rise at Far-end ; Ringback Voltage on Fall at Far-end ; 10-90 Rise Time at Far-end ; 90-10 Fall Time at Far-end ; Monotonic Rise at Far-end ; Monotonic Fall at Far-end ;
+---------------+--------------+---------------------+---------------------+------------------------------+------------------------------+---------------------+---------------------+--------------------------------------+--------------------------------------+-----------------------------+-----------------------------+----------------------------+----------------------------+-----------------------------+-----------------------------+--------------------+--------------------+-------------------------------------+-------------------------------------+----------------------------+----------------------------+---------------------------+---------------------------+
; Product[0]    ; 2.5 V        ; 0 s                 ; 0 s                 ; 2.62 V                       ; 3.16e-08 V                   ; 2.71 V              ; -0.0171 V           ; 0.273 V                              ; 0.065 V                              ; 4.95e-10 s                  ; 5.37e-10 s                  ; No                         ; Yes                        ; 2.62 V                      ; 3.16e-08 V                  ; 2.71 V             ; -0.0171 V          ; 0.273 V                             ; 0.065 V                             ; 4.95e-10 s                 ; 5.37e-10 s                 ; No                        ; Yes                       ;
; Product[1]    ; 2.5 V        ; 0 s                 ; 0 s                 ; 2.62 V                       ; 4.66e-08 V                   ; 2.73 V              ; -0.0205 V           ; 0.17 V                               ; 0.027 V                              ; 2.58e-10 s                  ; 2.57e-10 s                  ; Yes                        ; Yes                        ; 2.62 V                      ; 4.66e-08 V                  ; 2.73 V             ; -0.0205 V          ; 0.17 V                              ; 0.027 V                             ; 2.58e-10 s                 ; 2.57e-10 s                 ; Yes                       ; Yes                       ;
; Product[2]    ; 2.5 V        ; 0 s                 ; 0 s                 ; 2.62 V                       ; 4.66e-08 V                   ; 2.72 V              ; -0.0215 V           ; 0.161 V                              ; 0.061 V                              ; 4.44e-10 s                  ; 4.06e-10 s                  ; No                         ; Yes                        ; 2.62 V                      ; 4.66e-08 V                  ; 2.72 V             ; -0.0215 V          ; 0.161 V                             ; 0.061 V                             ; 4.44e-10 s                 ; 4.06e-10 s                 ; No                        ; Yes                       ;
; Product[3]    ; 2.5 V        ; 0 s                 ; 0 s                 ; 2.62 V                       ; 4.66e-08 V                   ; 2.65 V              ; -0.0115 V           ; 0.219 V                              ; 0.115 V                              ; 1.64e-09 s                  ; 1.57e-09 s                  ; No                         ; Yes                        ; 2.62 V                      ; 4.66e-08 V                  ; 2.65 V             ; -0.0115 V          ; 0.219 V                             ; 0.115 V                             ; 1.64e-09 s                 ; 1.57e-09 s                 ; No                        ; Yes                       ;
; Product[4]    ; 2.5 V        ; 0 s                 ; 0 s                 ; 2.62 V                       ; 3.16e-08 V                   ; 2.71 V              ; -0.0171 V           ; 0.273 V                              ; 0.065 V                              ; 4.95e-10 s                  ; 5.37e-10 s                  ; No                         ; Yes                        ; 2.62 V                      ; 3.16e-08 V                  ; 2.71 V             ; -0.0171 V          ; 0.273 V                             ; 0.065 V                             ; 4.95e-10 s                 ; 5.37e-10 s                 ; No                        ; Yes                       ;
; Product[5]    ; 2.5 V        ; 0 s                 ; 0 s                 ; 2.62 V                       ; 4.66e-08 V                   ; 2.72 V              ; -0.0215 V           ; 0.161 V                              ; 0.061 V                              ; 4.44e-10 s                  ; 4.06e-10 s                  ; No                         ; Yes                        ; 2.62 V                      ; 4.66e-08 V                  ; 2.72 V             ; -0.0215 V          ; 0.161 V                             ; 0.061 V                             ; 4.44e-10 s                 ; 4.06e-10 s                 ; No                        ; Yes                       ;
; Product[6]    ; 2.5 V        ; 0 s                 ; 0 s                 ; 2.62 V                       ; 4.66e-08 V                   ; 2.72 V              ; -0.0215 V           ; 0.161 V                              ; 0.061 V                              ; 4.44e-10 s                  ; 4.06e-10 s                  ; No                         ; Yes                        ; 2.62 V                      ; 4.66e-08 V                  ; 2.72 V             ; -0.0215 V          ; 0.161 V                             ; 0.061 V                             ; 4.44e-10 s                 ; 4.06e-10 s                 ; No                        ; Yes                       ;
; Product[7]    ; 2.5 V        ; 0 s                 ; 0 s                 ; 2.62 V                       ; 4.66e-08 V                   ; 2.73 V              ; -0.0205 V           ; 0.17 V                               ; 0.027 V                              ; 2.58e-10 s                  ; 2.57e-10 s                  ; Yes                        ; Yes                        ; 2.62 V                      ; 4.66e-08 V                  ; 2.73 V             ; -0.0205 V          ; 0.17 V                              ; 0.027 V                             ; 2.58e-10 s                 ; 2.57e-10 s                 ; Yes                       ; Yes                       ;
; Product[8]    ; 2.5 V        ; 0 s                 ; 0 s                 ; 2.62 V                       ; 4.66e-08 V                   ; 2.73 V              ; -0.0205 V           ; 0.17 V                               ; 0.027 V                              ; 2.58e-10 s                  ; 2.57e-10 s                  ; Yes                        ; Yes                        ; 2.62 V                      ; 4.66e-08 V                  ; 2.73 V             ; -0.0205 V          ; 0.17 V                              ; 0.027 V                             ; 2.58e-10 s                 ; 2.57e-10 s                 ; Yes                       ; Yes                       ;
; Product[9]    ; 2.5 V        ; 0 s                 ; 0 s                 ; 2.62 V                       ; 4.66e-08 V                   ; 2.73 V              ; -0.0205 V           ; 0.17 V                               ; 0.027 V                              ; 2.58e-10 s                  ; 2.57e-10 s                  ; Yes                        ; Yes                        ; 2.62 V                      ; 4.66e-08 V                  ; 2.73 V             ; -0.0205 V          ; 0.17 V                              ; 0.027 V                             ; 2.58e-10 s                 ; 2.57e-10 s                 ; Yes                       ; Yes                       ;
; Product[10]   ; 2.5 V        ; 0 s                 ; 0 s                 ; 2.62 V                       ; 3.16e-08 V                   ; 2.65 V              ; -0.0109 V           ; 0.234 V                              ; 0.125 V                              ; 1.64e-09 s                  ; 1.59e-09 s                  ; No                         ; Yes                        ; 2.62 V                      ; 3.16e-08 V                  ; 2.65 V             ; -0.0109 V          ; 0.234 V                             ; 0.125 V                             ; 1.64e-09 s                 ; 1.59e-09 s                 ; No                        ; Yes                       ;
; Product[11]   ; 2.5 V        ; 0 s                 ; 0 s                 ; 2.62 V                       ; 3.16e-08 V                   ; 2.72 V              ; -0.0199 V           ; 0.186 V                              ; 0.027 V                              ; 2.63e-10 s                  ; 2.76e-10 s                  ; Yes                        ; Yes                        ; 2.62 V                      ; 3.16e-08 V                  ; 2.72 V             ; -0.0199 V          ; 0.186 V                             ; 0.027 V                             ; 2.63e-10 s                 ; 2.76e-10 s                 ; Yes                       ; Yes                       ;
; Product[12]   ; 2.5 V        ; 0 s                 ; 0 s                 ; 2.62 V                       ; 4.66e-08 V                   ; 2.73 V              ; -0.0205 V           ; 0.17 V                               ; 0.027 V                              ; 2.58e-10 s                  ; 2.57e-10 s                  ; Yes                        ; Yes                        ; 2.62 V                      ; 4.66e-08 V                  ; 2.73 V             ; -0.0205 V          ; 0.17 V                              ; 0.027 V                             ; 2.58e-10 s                 ; 2.57e-10 s                 ; Yes                       ; Yes                       ;
; Product[13]   ; 2.5 V        ; 0 s                 ; 0 s                 ; 2.62 V                       ; 3.16e-08 V                   ; 2.71 V              ; -0.0171 V           ; 0.273 V                              ; 0.065 V                              ; 4.95e-10 s                  ; 5.37e-10 s                  ; No                         ; Yes                        ; 2.62 V                      ; 3.16e-08 V                  ; 2.71 V             ; -0.0171 V          ; 0.273 V                             ; 0.065 V                             ; 4.95e-10 s                 ; 5.37e-10 s                 ; No                        ; Yes                       ;
; Product[14]   ; 2.5 V        ; 0 s                 ; 0 s                 ; 2.62 V                       ; 4.66e-08 V                   ; 2.73 V              ; -0.0205 V           ; 0.17 V                               ; 0.027 V                              ; 2.58e-10 s                  ; 2.57e-10 s                  ; Yes                        ; Yes                        ; 2.62 V                      ; 4.66e-08 V                  ; 2.73 V             ; -0.0205 V          ; 0.17 V                              ; 0.027 V                             ; 2.58e-10 s                 ; 2.57e-10 s                 ; Yes                       ; Yes                       ;
; Product[15]   ; 2.5 V        ; 0 s                 ; 0 s                 ; 2.62 V                       ; 4.66e-08 V                   ; 2.65 V              ; -0.0115 V           ; 0.219 V                              ; 0.115 V                              ; 1.64e-09 s                  ; 1.57e-09 s                  ; No                         ; Yes                        ; 2.62 V                      ; 4.66e-08 V                  ; 2.65 V             ; -0.0115 V          ; 0.219 V                             ; 0.115 V                             ; 1.64e-09 s                 ; 1.57e-09 s                 ; No                        ; Yes                       ;
; Done          ; 2.5 V        ; 0 s                 ; 0 s                 ; 2.62 V                       ; 4.66e-08 V                   ; 2.72 V              ; -0.0215 V           ; 0.161 V                              ; 0.061 V                              ; 4.44e-10 s                  ; 4.06e-10 s                  ; No                         ; Yes                        ; 2.62 V                      ; 4.66e-08 V                  ; 2.72 V             ; -0.0215 V          ; 0.161 V                             ; 0.061 V                             ; 4.44e-10 s                 ; 4.06e-10 s                 ; No                        ; Yes                       ;
; ~ALTERA_NCEO~ ; 2.5 V        ; 0 s                 ; 0 s                 ; 2.62 V                       ; 3.06e-08 V                   ; 2.86 V              ; -0.0341 V           ; 0.364 V                              ; 0.046 V                              ; 1.17e-10 s                  ; 2.6e-10 s                   ; No                         ; Yes                        ; 2.62 V                      ; 3.06e-08 V                  ; 2.86 V             ; -0.0341 V          ; 0.364 V                             ; 0.046 V                             ; 1.17e-10 s                 ; 2.6e-10 s                  ; No                        ; Yes                       ;
; ~ALTERA_DCLK~ ; 2.5 V        ; 0 s                 ; 0 s                 ; 2.62 V                       ; 3.81e-08 V                   ; 2.72 V              ; -0.0542 V           ; 0.144 V                              ; 0.087 V                              ; 2.55e-10 s                  ; 2.14e-10 s                  ; Yes                        ; Yes                        ; 2.62 V                      ; 3.81e-08 V                  ; 2.72 V             ; -0.0542 V          ; 0.144 V                             ; 0.087 V                             ; 2.55e-10 s                 ; 2.14e-10 s                 ; Yes                       ; Yes                       ;
+---------------+--------------+---------------------+---------------------+------------------------------+------------------------------+---------------------+---------------------+--------------------------------------+--------------------------------------+-----------------------------+-----------------------------+----------------------------+----------------------------+-----------------------------+-----------------------------+--------------------+--------------------+-------------------------------------+-------------------------------------+----------------------------+----------------------------+---------------------------+---------------------------+


+-------------------------------------------------------------------+
; Setup Transfers                                                   ;
+------------+----------+----------+----------+----------+----------+
; From Clock ; To Clock ; RR Paths ; FR Paths ; RF Paths ; FF Paths ;
+------------+----------+----------+----------+----------+----------+
; Clk        ; Clk      ; 22441    ; 0        ; 0        ; 0        ;
+------------+----------+----------+----------+----------+----------+
Entries labeled "false path" only account for clock-to-clock false paths and not path-based false paths. As a result, actual path counts may be lower than reported.


+-------------------------------------------------------------------+
; Hold Transfers                                                    ;
+------------+----------+----------+----------+----------+----------+
; From Clock ; To Clock ; RR Paths ; FR Paths ; RF Paths ; FF Paths ;
+------------+----------+----------+----------+----------+----------+
; Clk        ; Clk      ; 22441    ; 0        ; 0        ; 0        ;
+------------+----------+----------+----------+----------+----------+
Entries labeled "false path" only account for clock-to-clock false paths and not path-based false paths. As a result, actual path counts may be lower than reported.


---------------
; Report TCCS ;
---------------
No dedicated SERDES Transmitter circuitry present in device or used in design


---------------
; Report RSKM ;
---------------
No dedicated SERDES Receiver circuitry present in device or used in design


+------------------------------------------------+
; Unconstrained Paths                            ;
+---------------------------------+-------+------+
; Property                        ; Setup ; Hold ;
+---------------------------------+-------+------+
; Illegal Clocks                  ; 0     ; 0    ;
; Unconstrained Clocks            ; 0     ; 0    ;
; Unconstrained Input Ports       ; 18    ; 18   ;
; Unconstrained Input Port Paths  ; 73    ; 73   ;
; Unconstrained Output Ports      ; 17    ; 17   ;
; Unconstrained Output Port Paths ; 17    ; 17   ;
+---------------------------------+-------+------+


+------------------------------------+
; TimeQuest Timing Analyzer Messages ;
+------------------------------------+
Info: *******************************************************************
Info: Running Quartus II 64-Bit TimeQuest Timing Analyzer
    Info: Version 13.0.1 Build 232 06/12/2013 Service Pack 1 SJ Web Edition
    Info: Processing started: Sat Aug 15 23:58:37 2026
Info: Command: quartus_sta q5 -c q5
Info: qsta_default_script.tcl version: #1
Warning (20028): Parallel compilation is not licensed and has been disabled
Info (21076): High junction temperature operating condition is not set. Assuming a default value of '85'.
Info (21076): Low junction temperature operating condition is not set. Assuming a default value of '0'.
Critical Warning (332012): Synopsys Design Constraints File file not found: 'q5.sdc'. A Synopsys Design Constraints File is required by the TimeQuest Timing Analyzer to get proper timing constraints. Without it, the Compiler will not properly optimize the design.
Info (332142): No user constrained base clocks found in the design. Calling "derive_clocks -period 1.0"
Info (332105): Deriving Clocks
    Info (332105): create_clock -period 1.000 -name Clk Clk
Info (332143): No user constrained clock uncertainty found in the design. Calling "derive_clock_uncertainty"
Info (332123): Deriving Clock Uncertainty. Please refer to report_sdc in TimeQuest to see clock uncertainties.
Info: Found TIMEQUEST_REPORT_SCRIPT_INCLUDE_DEFAULT_ANALYSIS = ON
Info: Analyzing Slow 1200mV 85C Model
Critical Warning (332148): Timing requirements not met
    Info (11105): For recommendations on closing timing, run Report Timing Closure Recommendations in the TimeQuest Timing Analyzer.
Info (332146): Worst-case setup slack is -4.880
    Info (332119):     Slack End Point TNS Clock 
    Info (332119): ========= ============= =====================
    Info (332119):    -4.880      -133.394 Clk 
Info (332146): Worst-case hold slack is 0.355
    Info (332119):     Slack End Point TNS Clock 
    Info (332119): ========= ============= =====================
    Info (332119):     0.355         0.000 Clk 
Info (332140): No Recovery paths to report
Info (332140): No Removal paths to report
Info (332146): Worst-case minimum pulse width slack is -3.000
    Info (332119):     Slack End Point TNS Clock 
    Info (332119): ========= ============= =====================
    Info (332119):    -3.000       -44.000 Clk 
Info: Analyzing Slow 1200mV 0C Model
Info (334003): Started post-fitting delay annotation
Info (334004): Delay annotation completed successfully
Info (332123): Deriving Clock Uncertainty. Please refer to report_sdc in TimeQuest to see clock uncertainties.
Critical Warning (332148): Timing requirements not met
    Info (11105): For recommendations on closing timing, run Report Timing Closure Recommendations in the TimeQuest Timing Analyzer.
Info (332146): Worst-case setup slack is -4.287
    Info (332119):     Slack End Point TNS Clock 
    Info (332119): ========= ============= =====================
    Info (332119):    -4.287      -115.930 Clk 
Info (332146): Worst-case hold slack is 0.310
    Info (332119):     Slack End Point TNS Clock 
    Info (332119): ========= ============= =====================
    Info (332119):     0.310         0.000 Clk 
Info (332140): No Recovery paths to report
Info (332140): No Removal paths to report
Info (332146): Worst-case minimum pulse width slack is -3.000
    Info (332119):     Slack End Point TNS Clock 
    Info (332119): ========= ============= =====================
    Info (332119):    -3.000       -44.000 Clk 
Info: Analyzing Fast 1200mV 0C Model
Info (332123): Deriving Clock Uncertainty. Please refer to report_sdc in TimeQuest to see clock uncertainties.
Critical Warning (332148): Timing requirements not met
    Info (11105): For recommendations on closing timing, run Report Timing Closure Recommendations in the TimeQuest Timing Analyzer.
Info (332146): Worst-case setup slack is -2.307
    Info (332119):     Slack End Point TNS Clock 
    Info (332119): ========= ============= =====================
    Info (332119):    -2.307       -57.663 Clk 
Info (332146): Worst-case hold slack is 0.186
    Info (332119):     Slack End Point TNS Clock 
    Info (332119): ========= ============= =====================
    Info (332119):     0.186         0.000 Clk 
Info (332140): No Recovery paths to report
Info (332140): No Removal paths to report
Info (332146): Worst-case minimum pulse width slack is -3.000
    Info (332119):     Slack End Point TNS Clock 
    Info (332119): ========= ============= =====================
    Info (332119):    -3.000       -45.491 Clk 
Info (332102): Design is not fully constrained for setup requirements
Info (332102): Design is not fully constrained for hold requirements
Info: Quartus II 64-Bit TimeQuest Timing Analyzer was successful. 0 errors, 5 warnings
    Info: Peak virtual memory: 4604 megabytes
    Info: Processing ended: Sat Aug 15 23:58:39 2026
    Info: Elapsed time: 00:00:02
    Info: Total CPU time (on all processors): 00:00:02


