$date
	Mon Aug 24 09:43:54 2026
$end
$version
	Icarus Verilog
$end
$timescale
	1ps
$end
$scope module tb_uart_all_values $end
$var wire 1 ! tx $end
$var wire 1 " rec_new_data $end
$var wire 7 # rec_data [6:0] $end
$var wire 1 $ correct_data $end
$var wire 1 % busy $end
$var parameter 32 & BIT_TICKS $end
$var parameter 32 ' TIMEOUT_CYCLES $end
$var reg 1 ( clk $end
$var reg 1 ) new_data $end
$var reg 1 * rstN $end
$var reg 7 + send_data [6:0] $end
$var integer 32 , cycles [31:0] $end
$var integer 32 - value [31:0] $end
$scope module dut $end
$var wire 1 ( clk $end
$var wire 1 ) new_data $end
$var wire 1 * rstN $end
$var wire 7 . send_data [6:0] $end
$var wire 1 ! tx $end
$var wire 1 " rec_new_data $end
$var wire 7 / rec_data [6:0] $end
$var wire 1 $ correct_data $end
$var wire 1 % busy $end
$var parameter 32 0 BIT_TICKS $end
$scope module receiver $end
$var wire 1 ( clk $end
$var wire 1 * rstN $end
$var wire 1 ! rx $end
$var parameter 32 1 BIT_TICKS $end
$var parameter 3 2 DATA $end
$var parameter 1 3 HALF_TICK $end
$var parameter 3 4 IDLE $end
$var parameter 1 5 LAST_TICK $end
$var parameter 3 6 PARITY $end
$var parameter 3 7 START $end
$var parameter 3 8 STOP $end
$var parameter 32 9 TICK_WIDTH $end
$var reg 3 : bit_index [2:0] $end
$var reg 1 $ correct_data $end
$var reg 7 ; data_latch [6:0] $end
$var reg 1 < parity_latch $end
$var reg 7 = rec_data [6:0] $end
$var reg 1 " rec_new_data $end
$var reg 1 > rx_meta $end
$var reg 1 ? rx_sync $end
$var reg 3 @ state [2:0] $end
$var reg 1 A tick_count $end
$scope function counter_width $end
$var integer 32 B value [31:0] $end
$var integer 32 C width [31:0] $end
$upscope $end
$upscope $end
$scope module sender $end
$var wire 1 ( clk $end
$var wire 1 ) new_data $end
$var wire 1 * rstN $end
$var wire 7 D send_data [6:0] $end
$var wire 1 ! tx $end
$var wire 1 % busy $end
$var parameter 32 E BIT_TICKS $end
$var parameter 3 F DATA $end
$var parameter 3 G IDLE $end
$var parameter 1 H LAST_TICK $end
$var parameter 3 I PARITY $end
$var parameter 3 J START $end
$var parameter 3 K STOP $end
$var parameter 32 L TICK_WIDTH $end
$var reg 3 M bit_index [2:0] $end
$var reg 7 N data_latch [6:0] $end
$var reg 1 O parity_latch $end
$var reg 3 P state [2:0] $end
$var reg 1 Q tick_count $end
$scope function counter_width $end
$var integer 32 R value [31:0] $end
$var integer 32 S width [31:0] $end
$upscope $end
$upscope $end
$upscope $end
$upscope $end
$enddefinitions $end
$comment Show the parameter values. $end
$dumpall
b1 L
b100 K
b1 J
b10 I
1H
b0 G
b11 F
b10 E
b1 9
b100 8
b1 7
b10 6
15
b0 4
03
b11 2
b10 1
b10 0
b111100 '
b10 &
$end
#0
$dumpvars
bx S
bx R
xQ
bx P
xO
bx N
bx M
b0 D
bx C
bx B
xA
bx @
x?
x>
bx =
x<
bx ;
bx :
bx /
b0 .
bx -
bx ,
b0 +
1*
0)
0(
x%
x$
bx #
x"
x!
$end
#1000
1!
0O
b0 N
b0 M
0Q
0%
b0 P
1?
1>
0$
0"
b0 #
b0 /
b0 =
0<
b0 ;
b0 :
0A
b0 @
0*
#5000
1(
#10000
0(
#15000
1(
#20000
b0 -
1*
0(
#25000
1(
#30000
1)
0(
#35000
0!
1%
b1 P
1(
#40000
b0 ,
0)
0(
#45000
0>
1Q
1(
#50000
b1 ,
0(
#55000
b10 P
0Q
0?
1(
#60000
b10 ,
0(
#65000
b1 @
1Q
1(
#70000
b11 ,
0(
#75000
b11 P
0Q
b10 @
1(
#80000
b100 ,
0(
#85000
1A
1Q
1(
#90000
b101 ,
0(
#95000
b1 M
0Q
b11 @
0A
1(
#100000
b110 ,
0(
#105000
1A
1Q
1(
#110000
b111 ,
0(
#115000
b10 M
0Q
b1 :
0A
1(
#120000
b1000 ,
0(
#125000
1A
1Q
1(
#130000
b1001 ,
0(
#135000
b11 M
0Q
b10 :
0A
1(
#140000
b1010 ,
0(
#145000
1A
1Q
1(
#150000
b1011 ,
0(
#155000
b100 M
0Q
b11 :
0A
1(
#160000
b1100 ,
0(
#165000
1A
1Q
1(
#170000
b1101 ,
0(
#175000
b101 M
0Q
b100 :
0A
1(
#180000
b1110 ,
0(
#185000
1A
1Q
1(
#190000
b1111 ,
0(
#195000
b110 M
0Q
b101 :
0A
1(
#200000
b10000 ,
0(
#205000
1A
1Q
1(
#210000
b10001 ,
0(
#215000
1!
b100 P
0Q
b110 :
0A
1(
#220000
b10010 ,
0(
#225000
1A
1>
1Q
1(
#230000
b10011 ,
0(
#235000
0%
b0 P
0Q
1?
b100 @
0A
1(
#240000
b10100 ,
0(
#245000
1A
b0 M
1(
#250000
b10101 ,
0(
#255000
b0 @
1$
1"
0A
1(
#260000
b10110 ,
0(
#265000
b0 :
0$
0"
1(
#270000
b1 -
0(
#275000
1(
#280000
1)
b1 +
b1 .
b1 D
0(
#285000
0!
1%
b1 P
1O
b1 N
1(
#290000
b0 ,
0)
0(
#295000
1Q
0>
1(
#300000
b1 ,
0(
#305000
1!
0?
b10 P
0Q
1(
#310000
b10 ,
0(
#315000
1Q
1>
b1 @
1(
#320000
b11 ,
0(
#325000
b10 @
1?
b11 P
0Q
1(
#330000
b100 ,
0(
#335000
1Q
1A
1(
#340000
b101 ,
0(
#345000
0!
b11 @
1<
0A
b1 M
0Q
1(
#350000
b110 ,
0(
#355000
1Q
0>
1A
1(
#360000
b111 ,
0(
#365000
b1 :
b1 ;
0A
0?
b10 M
0Q
1(
#370000
b1000 ,
0(
#375000
1Q
1A
1(
#380000
b1001 ,
0(
#385000
b10 :
0A
b11 M
0Q
1(
#390000
b1010 ,
0(
#395000
1Q
1A
1(
#400000
b1011 ,
0(
#405000
b11 :
0A
b100 M
0Q
1(
#410000
b1100 ,
0(
#415000
1Q
1A
1(
#420000
b1101 ,
0(
#425000
b100 :
0A
b101 M
0Q
1(
#430000
b1110 ,
0(
#435000
1Q
1A
1(
#440000
b1111 ,
0(
#445000
b101 :
0A
b110 M
0Q
1(
#450000
b10000 ,
0(
#455000
1Q
1A
1(
#460000
b10001 ,
0(
#465000
1!
b110 :
0A
b100 P
0Q
1(
#470000
b10010 ,
0(
#475000
1Q
1>
1A
1(
#480000
b10011 ,
0(
#485000
b100 @
0A
1?
0%
b0 P
0Q
1(
#490000
b10100 ,
0(
#495000
b0 M
1A
1(
#500000
b10101 ,
0(
#505000
b0 @
1$
b1 #
b1 /
b1 =
1"
0A
1(
#510000
b10110 ,
0(
#515000
b0 :
0$
0"
1(
#520000
b10 -
0(
#525000
1(
#530000
1)
b10 +
b10 .
b10 D
0(
#535000
0!
1%
b1 P
b10 N
1(
#540000
b0 ,
0)
0(
#545000
0>
1Q
1(
#550000
b1 ,
0(
#555000
1!
b10 P
0Q
0?
1(
#560000
b10 ,
0(
#565000
b1 @
1>
1Q
1(
#570000
b11 ,
0(
#575000
0!
b11 P
0Q
1?
b10 @
1(
#580000
b100 ,
0(
#585000
1A
0>
1Q
1(
#590000
b101 ,
0(
#595000
1!
b1 M
0Q
0?
b11 @
0A
1(
#600000
b110 ,
0(
#605000
1A
1>
1Q
1(
#610000
b111 ,
0(
#615000
0!
b10 M
0Q
1?
b1 :
b0 ;
0A
1(
#620000
b1000 ,
0(
#625000
1A
0>
1Q
1(
#630000
b1001 ,
0(
#635000
b11 M
0Q
0?
b10 :
b10 ;
0A
1(
#640000
b1010 ,
0(
#645000
1A
1Q
1(
#650000
b1011 ,
0(
#655000
b100 M
0Q
b11 :
0A
1(
#660000
b1100 ,
0(
#665000
1A
1Q
1(
#670000
b1101 ,
0(
#675000
b101 M
0Q
b100 :
0A
1(
#680000
b1110 ,
0(
#685000
1A
1Q
1(
#690000
b1111 ,
0(
#695000
b110 M
0Q
b101 :
0A
1(
#700000
b10000 ,
0(
#705000
1A
1Q
1(
#710000
b10001 ,
0(
#715000
1!
b100 P
0Q
b110 :
0A
1(
#720000
b10010 ,
0(
#725000
1A
1>
1Q
1(
#730000
b10011 ,
0(
#735000
0%
b0 P
0Q
1?
b100 @
0A
1(
#740000
b10100 ,
0(
#745000
1A
b0 M
1(
#750000
b10101 ,
0(
#755000
b0 @
1$
b10 #
b10 /
b10 =
1"
0A
1(
#760000
b10110 ,
0(
#765000
b0 :
0$
0"
1(
#770000
b11 -
0(
#775000
1(
#780000
1)
b11 +
b11 .
b11 D
0(
#785000
0!
1%
b1 P
0O
b11 N
1(
#790000
b0 ,
0)
0(
#795000
1Q
0>
1(
#800000
b1 ,
0(
#805000
0?
b10 P
0Q
1(
#810000
b10 ,
0(
#815000
1Q
b1 @
1(
#820000
b11 ,
0(
#825000
1!
b10 @
b11 P
0Q
1(
#830000
b100 ,
0(
#835000
1Q
1>
1A
1(
#840000
b101 ,
0(
#845000
b11 @
0<
0A
1?
b1 M
0Q
1(
#850000
b110 ,
0(
#855000
1Q
1A
1(
#860000
b111 ,
0(
#865000
0!
b1 :
b11 ;
0A
b10 M
0Q
1(
#870000
b1000 ,
0(
#875000
1Q
0>
1A
1(
#880000
b1001 ,
0(
#885000
b10 :
0A
0?
b11 M
0Q
1(
#890000
b1010 ,
0(
#895000
1Q
1A
1(
#900000
b1011 ,
0(
#905000
b11 :
0A
b100 M
0Q
1(
#910000
b1100 ,
0(
#915000
1Q
1A
1(
#920000
b1101 ,
0(
#925000
b100 :
0A
b101 M
0Q
1(
#930000
b1110 ,
0(
#935000
1Q
1A
1(
#940000
b1111 ,
0(
#945000
b101 :
0A
b110 M
0Q
1(
#950000
b10000 ,
0(
#955000
1Q
1A
1(
#960000
b10001 ,
0(
#965000
1!
b110 :
0A
b100 P
0Q
1(
#970000
b10010 ,
0(
#975000
1Q
1>
1A
1(
#980000
b10011 ,
0(
#985000
b100 @
0A
1?
0%
b0 P
0Q
1(
#990000
b10100 ,
0(
#995000
b0 M
1A
1(
#1000000
b10101 ,
0(
#1005000
b0 @
1$
b11 #
b11 /
b11 =
1"
0A
1(
#1010000
b10110 ,
0(
#1015000
b0 :
0$
0"
1(
#1020000
b100 -
0(
#1025000
1(
#1030000
1)
b100 +
b100 .
b100 D
0(
#1035000
0!
1%
b1 P
1O
b100 N
1(
#1040000
b0 ,
0)
0(
#1045000
0>
1Q
1(
#1050000
b1 ,
0(
#1055000
1!
b10 P
0Q
0?
1(
#1060000
b10 ,
0(
#1065000
b1 @
1>
1Q
1(
#1070000
b11 ,
0(
#1075000
0!
b11 P
0Q
1?
b10 @
1(
#1080000
b100 ,
0(
#1085000
1A
0>
1Q
1(
#1090000
b101 ,
0(
#1095000
b1 M
0Q
0?
b11 @
1<
0A
1(
#1100000
b110 ,
0(
#1105000
1A
1Q
1(
#1110000
b111 ,
0(
#1115000
1!
b10 M
0Q
b1 :
b10 ;
0A
1(
#1120000
b1000 ,
0(
#1125000
1A
1>
1Q
1(
#1130000
b1001 ,
0(
#1135000
0!
b11 M
0Q
1?
b10 :
b0 ;
0A
1(
#1140000
b1010 ,
0(
#1145000
1A
0>
1Q
1(
#1150000
b1011 ,
0(
#1155000
b100 M
0Q
0?
b11 :
b100 ;
0A
1(
#1160000
b1100 ,
0(
#1165000
1A
1Q
1(
#1170000
b1101 ,
0(
#1175000
b101 M
0Q
b100 :
0A
1(
#1180000
b1110 ,
0(
#1185000
1A
1Q
1(
#1190000
b1111 ,
0(
#1195000
b110 M
0Q
b101 :
0A
1(
#1200000
b10000 ,
0(
#1205000
1A
1Q
1(
#1210000
b10001 ,
0(
#1215000
1!
b100 P
0Q
b110 :
0A
1(
#1220000
b10010 ,
0(
#1225000
1A
1>
1Q
1(
#1230000
b10011 ,
0(
#1235000
0%
b0 P
0Q
1?
b100 @
0A
1(
#1240000
b10100 ,
0(
#1245000
1A
b0 M
1(
#1250000
b10101 ,
0(
#1255000
b0 @
1$
b100 #
b100 /
b100 =
1"
0A
1(
#1260000
b10110 ,
0(
#1265000
b0 :
0$
0"
1(
#1270000
b101 -
0(
#1275000
1(
#1280000
1)
b101 +
b101 .
b101 D
0(
#1285000
0!
1%
b1 P
0O
b101 N
1(
#1290000
b0 ,
0)
0(
#1295000
1Q
0>
1(
#1300000
b1 ,
0(
#1305000
0?
b10 P
0Q
1(
#1310000
b10 ,
0(
#1315000
1Q
b1 @
1(
#1320000
b11 ,
0(
#1325000
1!
b10 @
b11 P
0Q
1(
#1330000
b100 ,
0(
#1335000
1Q
1>
1A
1(
#1340000
b101 ,
0(
#1345000
0!
b11 @
0<
0A
1?
b1 M
0Q
1(
#1350000
b110 ,
0(
#1355000
1Q
0>
1A
1(
#1360000
b111 ,
0(
#1365000
1!
b1 :
b101 ;
0A
0?
b10 M
0Q
1(
#1370000
b1000 ,
0(
#1375000
1Q
1>
1A
1(
#1380000
b1001 ,
0(
#1385000
0!
b10 :
0A
1?
b11 M
0Q
1(
#1390000
b1010 ,
0(
#1395000
1Q
0>
1A
1(
#1400000
b1011 ,
0(
#1405000
b11 :
0A
0?
b100 M
0Q
1(
#1410000
b1100 ,
0(
#1415000
1Q
1A
1(
#1420000
b1101 ,
0(
#1425000
b100 :
0A
b101 M
0Q
1(
#1430000
b1110 ,
0(
#1435000
1Q
1A
1(
#1440000
b1111 ,
0(
#1445000
b101 :
0A
b110 M
0Q
1(
#1450000
b10000 ,
0(
#1455000
1Q
1A
1(
#1460000
b10001 ,
0(
#1465000
1!
b110 :
0A
b100 P
0Q
1(
#1470000
b10010 ,
0(
#1475000
1Q
1>
1A
1(
#1480000
b10011 ,
0(
#1485000
b100 @
0A
1?
0%
b0 P
0Q
1(
#1490000
b10100 ,
0(
#1495000
b0 M
1A
1(
#1500000
b10101 ,
0(
#1505000
b0 @
1$
b101 #
b101 /
b101 =
1"
0A
1(
#1510000
b10110 ,
0(
#1515000
b0 :
0$
0"
1(
#1520000
b110 -
0(
#1525000
1(
#1530000
1)
b110 +
b110 .
b110 D
0(
#1535000
0!
1%
b1 P
b110 N
1(
#1540000
b0 ,
0)
0(
#1545000
0>
1Q
1(
#1550000
b1 ,
0(
#1555000
b10 P
0Q
0?
1(
#1560000
b10 ,
0(
#1565000
b1 @
1Q
1(
#1570000
b11 ,
0(
#1575000
b11 P
0Q
b10 @
1(
#1580000
b100 ,
0(
#1585000
1A
1Q
1(
#1590000
b101 ,
0(
#1595000
1!
b1 M
0Q
b11 @
0A
1(
#1600000
b110 ,
0(
#1605000
1A
1>
1Q
1(
#1610000
b111 ,
0(
#1615000
b10 M
0Q
1?
b1 :
b100 ;
0A
1(
#1620000
b1000 ,
0(
#1625000
1A
1Q
1(
#1630000
b1001 ,
0(
#1635000
0!
b11 M
0Q
b10 :
b110 ;
0A
1(
#1640000
b1010 ,
0(
#1645000
1A
0>
1Q
1(
#1650000
b1011 ,
0(
#1655000
b100 M
0Q
0?
b11 :
0A
1(
#1660000
b1100 ,
0(
#1665000
1A
1Q
1(
#1670000
b1101 ,
0(
#1675000
b101 M
0Q
b100 :
0A
1(
#1680000
b1110 ,
0(
#1685000
1A
1Q
1(
#1690000
b1111 ,
0(
#1695000
b110 M
0Q
b101 :
0A
1(
#1700000
b10000 ,
0(
#1705000
1A
1Q
1(
#1710000
b10001 ,
0(
#1715000
1!
b100 P
0Q
b110 :
0A
1(
#1720000
b10010 ,
0(
#1725000
1A
1>
1Q
1(
#1730000
b10011 ,
0(
#1735000
0%
b0 P
0Q
1?
b100 @
0A
1(
#1740000
b10100 ,
0(
#1745000
1A
b0 M
1(
#1750000
b10101 ,
0(
#1755000
b0 @
1$
b110 #
b110 /
b110 =
1"
0A
1(
#1760000
b10110 ,
0(
#1765000
b0 :
0$
0"
1(
#1770000
b111 -
0(
#1775000
1(
#1780000
1)
b111 +
b111 .
b111 D
0(
#1785000
0!
1%
b1 P
1O
b111 N
1(
#1790000
b0 ,
0)
0(
#1795000
1Q
0>
1(
#1800000
b1 ,
0(
#1805000
1!
0?
b10 P
0Q
1(
#1810000
b10 ,
0(
#1815000
1Q
1>
b1 @
1(
#1820000
b11 ,
0(
#1825000
b10 @
1?
b11 P
0Q
1(
#1830000
b100 ,
0(
#1835000
1Q
1A
1(
#1840000
b101 ,
0(
#1845000
b11 @
1<
0A
b1 M
0Q
1(
#1850000
b110 ,
0(
#1855000
1Q
1A
1(
#1860000
b111 ,
0(
#1865000
b1 :
b111 ;
0A
b10 M
0Q
1(
#1870000
b1000 ,
0(
#1875000
1Q
1A
1(
#1880000
b1001 ,
0(
#1885000
0!
b10 :
0A
b11 M
0Q
1(
#1890000
b1010 ,
0(
#1895000
1Q
0>
1A
1(
#1900000
b1011 ,
0(
#1905000
b11 :
0A
0?
b100 M
0Q
1(
#1910000
b1100 ,
0(
#1915000
1Q
1A
1(
#1920000
b1101 ,
0(
#1925000
b100 :
0A
b101 M
0Q
1(
#1930000
b1110 ,
0(
#1935000
1Q
1A
1(
#1940000
b1111 ,
0(
#1945000
b101 :
0A
b110 M
0Q
1(
#1950000
b10000 ,
0(
#1955000
1Q
1A
1(
#1960000
b10001 ,
0(
#1965000
1!
b110 :
0A
b100 P
0Q
1(
#1970000
b10010 ,
0(
#1975000
1Q
1>
1A
1(
#1980000
b10011 ,
0(
#1985000
b100 @
0A
1?
0%
b0 P
0Q
1(
#1990000
b10100 ,
0(
#1995000
b0 M
1A
1(
#2000000
b10101 ,
0(
#2005000
b0 @
1$
b111 #
b111 /
b111 =
1"
0A
1(
#2010000
b10110 ,
0(
#2015000
b0 :
0$
0"
1(
#2020000
b1000 -
0(
#2025000
1(
#2030000
1)
b1000 +
b1000 .
b1000 D
0(
#2035000
0!
1%
b1 P
b1000 N
1(
#2040000
b0 ,
0)
0(
#2045000
0>
1Q
1(
#2050000
b1 ,
0(
#2055000
1!
b10 P
0Q
0?
1(
#2060000
b10 ,
0(
#2065000
b1 @
1>
1Q
1(
#2070000
b11 ,
0(
#2075000
0!
b11 P
0Q
1?
b10 @
1(
#2080000
b100 ,
0(
#2085000
1A
0>
1Q
1(
#2090000
b101 ,
0(
#2095000
b1 M
0Q
0?
b11 @
0A
1(
#2100000
b110 ,
0(
#2105000
1A
1Q
1(
#2110000
b111 ,
0(
#2115000
b10 M
0Q
b1 :
b110 ;
0A
1(
#2120000
b1000 ,
0(
#2125000
1A
1Q
1(
#2130000
b1001 ,
0(
#2135000
1!
b11 M
0Q
b10 :
b100 ;
0A
1(
#2140000
b1010 ,
0(
#2145000
1A
1>
1Q
1(
#2150000
b1011 ,
0(
#2155000
0!
b100 M
0Q
1?
b11 :
b0 ;
0A
1(
#2160000
b1100 ,
0(
#2165000
1A
0>
1Q
1(
#2170000
b1101 ,
0(
#2175000
b101 M
0Q
0?
b100 :
b1000 ;
0A
1(
#2180000
b1110 ,
0(
#2185000
1A
1Q
1(
#2190000
b1111 ,
0(
#2195000
b110 M
0Q
b101 :
0A
1(
#2200000
b10000 ,
0(
#2205000
1A
1Q
1(
#2210000
b10001 ,
0(
#2215000
1!
b100 P
0Q
b110 :
0A
1(
#2220000
b10010 ,
0(
#2225000
1A
1>
1Q
1(
#2230000
b10011 ,
0(
#2235000
0%
b0 P
0Q
1?
b100 @
0A
1(
#2240000
b10100 ,
0(
#2245000
1A
b0 M
1(
#2250000
b10101 ,
0(
#2255000
b0 @
1$
b1000 #
b1000 /
b1000 =
1"
0A
1(
#2260000
b10110 ,
0(
#2265000
b0 :
0$
0"
1(
#2270000
b1001 -
0(
#2275000
1(
#2280000
1)
b1001 +
b1001 .
b1001 D
0(
#2285000
0!
1%
b1 P
0O
b1001 N
1(
#2290000
b0 ,
0)
0(
#2295000
1Q
0>
1(
#2300000
b1 ,
0(
#2305000
0?
b10 P
0Q
1(
#2310000
b10 ,
0(
#2315000
1Q
b1 @
1(
#2320000
b11 ,
0(
#2325000
1!
b10 @
b11 P
0Q
1(
#2330000
b100 ,
0(
#2335000
1Q
1>
1A
1(
#2340000
b101 ,
0(
#2345000
0!
b11 @
0<
0A
1?
b1 M
0Q
1(
#2350000
b110 ,
0(
#2355000
1Q
0>
1A
1(
#2360000
b111 ,
0(
#2365000
b1 :
b1001 ;
0A
0?
b10 M
0Q
1(
#2370000
b1000 ,
0(
#2375000
1Q
1A
1(
#2380000
b1001 ,
0(
#2385000
1!
b10 :
0A
b11 M
0Q
1(
#2390000
b1010 ,
0(
#2395000
1Q
1>
1A
1(
#2400000
b1011 ,
0(
#2405000
0!
b11 :
0A
1?
b100 M
0Q
1(
#2410000
b1100 ,
0(
#2415000
1Q
0>
1A
1(
#2420000
b1101 ,
0(
#2425000
b100 :
0A
0?
b101 M
0Q
1(
#2430000
b1110 ,
0(
#2435000
1Q
1A
1(
#2440000
b1111 ,
0(
#2445000
b101 :
0A
b110 M
0Q
1(
#2450000
b10000 ,
0(
#2455000
1Q
1A
1(
#2460000
b10001 ,
0(
#2465000
1!
b110 :
0A
b100 P
0Q
1(
#2470000
b10010 ,
0(
#2475000
1Q
1>
1A
1(
#2480000
b10011 ,
0(
#2485000
b100 @
0A
1?
0%
b0 P
0Q
1(
#2490000
b10100 ,
0(
#2495000
b0 M
1A
1(
#2500000
b10101 ,
0(
#2505000
b0 @
1$
b1001 #
b1001 /
b1001 =
1"
0A
1(
#2510000
b10110 ,
0(
#2515000
b0 :
0$
0"
1(
#2520000
b1010 -
0(
#2525000
1(
#2530000
1)
b1010 +
b1010 .
b1010 D
0(
#2535000
0!
1%
b1 P
b1010 N
1(
#2540000
b0 ,
0)
0(
#2545000
0>
1Q
1(
#2550000
b1 ,
0(
#2555000
b10 P
0Q
0?
1(
#2560000
b10 ,
0(
#2565000
b1 @
1Q
1(
#2570000
b11 ,
0(
#2575000
b11 P
0Q
b10 @
1(
#2580000
b100 ,
0(
#2585000
1A
1Q
1(
#2590000
b101 ,
0(
#2595000
1!
b1 M
0Q
b11 @
0A
1(
#2600000
b110 ,
0(
#2605000
1A
1>
1Q
1(
#2610000
b111 ,
0(
#2615000
0!
b10 M
0Q
1?
b1 :
b1000 ;
0A
1(
#2620000
b1000 ,
0(
#2625000
1A
0>
1Q
1(
#2630000
b1001 ,
0(
#2635000
1!
b11 M
0Q
0?
b10 :
b1010 ;
0A
1(
#2640000
b1010 ,
0(
#2645000
1A
1>
1Q
1(
#2650000
b1011 ,
0(
#2655000
0!
b100 M
0Q
1?
b11 :
0A
1(
#2660000
b1100 ,
0(
#2665000
1A
0>
1Q
1(
#2670000
b1101 ,
0(
#2675000
b101 M
0Q
0?
b100 :
0A
1(
#2680000
b1110 ,
0(
#2685000
1A
1Q
1(
#2690000
b1111 ,
0(
#2695000
b110 M
0Q
b101 :
0A
1(
#2700000
b10000 ,
0(
#2705000
1A
1Q
1(
#2710000
b10001 ,
0(
#2715000
1!
b100 P
0Q
b110 :
0A
1(
#2720000
b10010 ,
0(
#2725000
1A
1>
1Q
1(
#2730000
b10011 ,
0(
#2735000
0%
b0 P
0Q
1?
b100 @
0A
1(
#2740000
b10100 ,
0(
#2745000
1A
b0 M
1(
#2750000
b10101 ,
0(
#2755000
b0 @
1$
b1010 #
b1010 /
b1010 =
1"
0A
1(
#2760000
b10110 ,
0(
#2765000
b0 :
0$
0"
1(
#2770000
b1011 -
0(
#2775000
1(
#2780000
1)
b1011 +
b1011 .
b1011 D
0(
#2785000
0!
1%
b1 P
1O
b1011 N
1(
#2790000
b0 ,
0)
0(
#2795000
1Q
0>
1(
#2800000
b1 ,
0(
#2805000
1!
0?
b10 P
0Q
1(
#2810000
b10 ,
0(
#2815000
1Q
1>
b1 @
1(
#2820000
b11 ,
0(
#2825000
b10 @
1?
b11 P
0Q
1(
#2830000
b100 ,
0(
#2835000
1Q
1A
1(
#2840000
b101 ,
0(
#2845000
b11 @
1<
0A
b1 M
0Q
1(
#2850000
b110 ,
0(
#2855000
1Q
1A
1(
#2860000
b111 ,
0(
#2865000
0!
b1 :
b1011 ;
0A
b10 M
0Q
1(
#2870000
b1000 ,
0(
#2875000
1Q
0>
1A
1(
#2880000
b1001 ,
0(
#2885000
1!
b10 :
0A
0?
b11 M
0Q
1(
#2890000
b1010 ,
0(
#2895000
1Q
1>
1A
1(
#2900000
b1011 ,
0(
#2905000
0!
b11 :
0A
1?
b100 M
0Q
1(
#2910000
b1100 ,
0(
#2915000
1Q
0>
1A
1(
#2920000
b1101 ,
0(
#2925000
b100 :
0A
0?
b101 M
0Q
1(
#2930000
b1110 ,
0(
#2935000
1Q
1A
1(
#2940000
b1111 ,
0(
#2945000
b101 :
0A
b110 M
0Q
1(
#2950000
b10000 ,
0(
#2955000
1Q
1A
1(
#2960000
b10001 ,
0(
#2965000
1!
b110 :
0A
b100 P
0Q
1(
#2970000
b10010 ,
0(
#2975000
1Q
1>
1A
1(
#2980000
b10011 ,
0(
#2985000
b100 @
0A
1?
0%
b0 P
0Q
1(
#2990000
b10100 ,
0(
#2995000
b0 M
1A
1(
#3000000
b10101 ,
0(
#3005000
b0 @
1$
b1011 #
b1011 /
b1011 =
1"
0A
1(
#3010000
b10110 ,
0(
#3015000
b0 :
0$
0"
1(
#3020000
b1100 -
0(
#3025000
1(
#3030000
1)
b1100 +
b1100 .
b1100 D
0(
#3035000
0!
1%
b1 P
0O
b1100 N
1(
#3040000
b0 ,
0)
0(
#3045000
0>
1Q
1(
#3050000
b1 ,
0(
#3055000
b10 P
0Q
0?
1(
#3060000
b10 ,
0(
#3065000
b1 @
1Q
1(
#3070000
b11 ,
0(
#3075000
b11 P
0Q
b10 @
1(
#3080000
b100 ,
0(
#3085000
1A
1Q
1(
#3090000
b101 ,
0(
#3095000
b1 M
0Q
b11 @
0<
0A
1(
#3100000
b110 ,
0(
#3105000
1A
1Q
1(
#3110000
b111 ,
0(
#3115000
1!
b10 M
0Q
b1 :
b1010 ;
0A
1(
#3120000
b1000 ,
0(
#3125000
1A
1>
1Q
1(
#3130000
b1001 ,
0(
#3135000
b11 M
0Q
1?
b10 :
b1000 ;
0A
1(
#3140000
b1010 ,
0(
#3145000
1A
1Q
1(
#3150000
b1011 ,
0(
#3155000
0!
b100 M
0Q
b11 :
b1100 ;
0A
1(
#3160000
b1100 ,
0(
#3165000
1A
0>
1Q
1(
#3170000
b1101 ,
0(
#3175000
b101 M
0Q
0?
b100 :
0A
1(
#3180000
b1110 ,
0(
#3185000
1A
1Q
1(
#3190000
b1111 ,
0(
#3195000
b110 M
0Q
b101 :
0A
1(
#3200000
b10000 ,
0(
#3205000
1A
1Q
1(
#3210000
b10001 ,
0(
#3215000
1!
b100 P
0Q
b110 :
0A
1(
#3220000
b10010 ,
0(
#3225000
1A
1>
1Q
1(
#3230000
b10011 ,
0(
#3235000
0%
b0 P
0Q
1?
b100 @
0A
1(
#3240000
b10100 ,
0(
#3245000
1A
b0 M
1(
#3250000
b10101 ,
0(
#3255000
b0 @
1$
b1100 #
b1100 /
b1100 =
1"
0A
1(
#3260000
b10110 ,
0(
#3265000
b0 :
0$
0"
1(
#3270000
b1101 -
0(
#3275000
1(
#3280000
1)
b1101 +
b1101 .
b1101 D
0(
#3285000
0!
1%
b1 P
1O
b1101 N
1(
#3290000
b0 ,
0)
0(
#3295000
1Q
0>
1(
#3300000
b1 ,
0(
#3305000
1!
0?
b10 P
0Q
1(
#3310000
b10 ,
0(
#3315000
1Q
1>
b1 @
1(
#3320000
b11 ,
0(
#3325000
b10 @
1?
b11 P
0Q
1(
#3330000
b100 ,
0(
#3335000
1Q
1A
1(
#3340000
b101 ,
0(
#3345000
0!
b11 @
1<
0A
b1 M
0Q
1(
#3350000
b110 ,
0(
#3355000
1Q
0>
1A
1(
#3360000
b111 ,
0(
#3365000
1!
b1 :
b1101 ;
0A
0?
b10 M
0Q
1(
#3370000
b1000 ,
0(
#3375000
1Q
1>
1A
1(
#3380000
b1001 ,
0(
#3385000
b10 :
0A
1?
b11 M
0Q
1(
#3390000
b1010 ,
0(
#3395000
1Q
1A
1(
#3400000
b1011 ,
0(
#3405000
0!
b11 :
0A
b100 M
0Q
1(
#3410000
b1100 ,
0(
#3415000
1Q
0>
1A
1(
#3420000
b1101 ,
0(
#3425000
b100 :
0A
0?
b101 M
0Q
1(
#3430000
b1110 ,
0(
#3435000
1Q
1A
1(
#3440000
b1111 ,
0(
#3445000
b101 :
0A
b110 M
0Q
1(
#3450000
b10000 ,
0(
#3455000
1Q
1A
1(
#3460000
b10001 ,
0(
#3465000
1!
b110 :
0A
b100 P
0Q
1(
#3470000
b10010 ,
0(
#3475000
1Q
1>
1A
1(
#3480000
b10011 ,
0(
#3485000
b100 @
0A
1?
0%
b0 P
0Q
1(
#3490000
b10100 ,
0(
#3495000
b0 M
1A
1(
#3500000
b10101 ,
0(
#3505000
b0 @
1$
b1101 #
b1101 /
b1101 =
1"
0A
1(
#3510000
b10110 ,
0(
#3515000
b0 :
0$
0"
1(
#3520000
b1110 -
0(
#3525000
1(
#3530000
1)
b1110 +
b1110 .
b1110 D
0(
#3535000
0!
1%
b1 P
b1110 N
1(
#3540000
b0 ,
0)
0(
#3545000
0>
1Q
1(
#3550000
b1 ,
0(
#3555000
1!
b10 P
0Q
0?
1(
#3560000
b10 ,
0(
#3565000
b1 @
1>
1Q
1(
#3570000
b11 ,
0(
#3575000
0!
b11 P
0Q
1?
b10 @
1(
#3580000
b100 ,
0(
#3585000
1A
0>
1Q
1(
#3590000
b101 ,
0(
#3595000
1!
b1 M
0Q
0?
b11 @
0A
1(
#3600000
b110 ,
0(
#3605000
1A
1>
1Q
1(
#3610000
b111 ,
0(
#3615000
b10 M
0Q
1?
b1 :
b1100 ;
0A
1(
#3620000
b1000 ,
0(
#3625000
1A
1Q
1(
#3630000
b1001 ,
0(
#3635000
b11 M
0Q
b10 :
b1110 ;
0A
1(
#3640000
b1010 ,
0(
#3645000
1A
1Q
1(
#3650000
b1011 ,
0(
#3655000
0!
b100 M
0Q
b11 :
0A
1(
#3660000
b1100 ,
0(
#3665000
1A
0>
1Q
1(
#3670000
b1101 ,
0(
#3675000
b101 M
0Q
0?
b100 :
0A
1(
#3680000
b1110 ,
0(
#3685000
1A
1Q
1(
#3690000
b1111 ,
0(
#3695000
b110 M
0Q
b101 :
0A
1(
#3700000
b10000 ,
0(
#3705000
1A
1Q
1(
#3710000
b10001 ,
0(
#3715000
1!
b100 P
0Q
b110 :
0A
1(
#3720000
b10010 ,
0(
#3725000
1A
1>
1Q
1(
#3730000
b10011 ,
0(
#3735000
0%
b0 P
0Q
1?
b100 @
0A
1(
#3740000
b10100 ,
0(
#3745000
1A
b0 M
1(
#3750000
b10101 ,
0(
#3755000
b0 @
1$
b1110 #
b1110 /
b1110 =
1"
0A
1(
#3760000
b10110 ,
0(
#3765000
b0 :
0$
0"
1(
#3770000
b1111 -
0(
#3775000
1(
#3780000
1)
b1111 +
b1111 .
b1111 D
0(
#3785000
0!
1%
b1 P
0O
b1111 N
1(
#3790000
b0 ,
0)
0(
#3795000
1Q
0>
1(
#3800000
b1 ,
0(
#3805000
0?
b10 P
0Q
1(
#3810000
b10 ,
0(
#3815000
1Q
b1 @
1(
#3820000
b11 ,
0(
#3825000
1!
b10 @
b11 P
0Q
1(
#3830000
b100 ,
0(
#3835000
1Q
1>
1A
1(
#3840000
b101 ,
0(
#3845000
b11 @
0<
0A
1?
b1 M
0Q
1(
#3850000
b110 ,
0(
#3855000
1Q
1A
1(
#3860000
b111 ,
0(
#3865000
b1 :
b1111 ;
0A
b10 M
0Q
1(
#3870000
b1000 ,
0(
#3875000
1Q
1A
1(
#3880000
b1001 ,
0(
#3885000
b10 :
0A
b11 M
0Q
1(
#3890000
b1010 ,
0(
#3895000
1Q
1A
1(
#3900000
b1011 ,
0(
#3905000
0!
b11 :
0A
b100 M
0Q
1(
#3910000
b1100 ,
0(
#3915000
1Q
0>
1A
1(
#3920000
b1101 ,
0(
#3925000
b100 :
0A
0?
b101 M
0Q
1(
#3930000
b1110 ,
0(
#3935000
1Q
1A
1(
#3940000
b1111 ,
0(
#3945000
b101 :
0A
b110 M
0Q
1(
#3950000
b10000 ,
0(
#3955000
1Q
1A
1(
#3960000
b10001 ,
0(
#3965000
1!
b110 :
0A
b100 P
0Q
1(
#3970000
b10010 ,
0(
#3975000
1Q
1>
1A
1(
#3980000
b10011 ,
0(
#3985000
b100 @
0A
1?
0%
b0 P
0Q
1(
#3990000
b10100 ,
0(
#3995000
b0 M
1A
1(
#4000000
b10101 ,
0(
#4005000
b0 @
1$
b1111 #
b1111 /
b1111 =
1"
0A
1(
#4010000
b10110 ,
0(
#4015000
b0 :
0$
0"
1(
#4020000
b10000 -
0(
#4025000
1(
#4030000
1)
b10000 +
b10000 .
b10000 D
0(
#4035000
0!
1%
b1 P
1O
b10000 N
1(
#4040000
b0 ,
0)
0(
#4045000
0>
1Q
1(
#4050000
b1 ,
0(
#4055000
1!
b10 P
0Q
0?
1(
#4060000
b10 ,
0(
#4065000
b1 @
1>
1Q
1(
#4070000
b11 ,
0(
#4075000
0!
b11 P
0Q
1?
b10 @
1(
#4080000
b100 ,
0(
#4085000
1A
0>
1Q
1(
#4090000
b101 ,
0(
#4095000
b1 M
0Q
0?
b11 @
1<
0A
1(
#4100000
b110 ,
0(
#4105000
1A
1Q
1(
#4110000
b111 ,
0(
#4115000
b10 M
0Q
b1 :
b1110 ;
0A
1(
#4120000
b1000 ,
0(
#4125000
1A
1Q
1(
#4130000
b1001 ,
0(
#4135000
b11 M
0Q
b10 :
b1100 ;
0A
1(
#4140000
b1010 ,
0(
#4145000
1A
1Q
1(
#4150000
b1011 ,
0(
#4155000
1!
b100 M
0Q
b11 :
b1000 ;
0A
1(
#4160000
b1100 ,
0(
#4165000
1A
1>
1Q
1(
#4170000
b1101 ,
0(
#4175000
0!
b101 M
0Q
1?
b100 :
b0 ;
0A
1(
#4180000
b1110 ,
0(
#4185000
1A
0>
1Q
1(
#4190000
b1111 ,
0(
#4195000
b110 M
0Q
0?
b101 :
b10000 ;
0A
1(
#4200000
b10000 ,
0(
#4205000
1A
1Q
1(
#4210000
b10001 ,
0(
#4215000
1!
b100 P
0Q
b110 :
0A
1(
#4220000
b10010 ,
0(
#4225000
1A
1>
1Q
1(
#4230000
b10011 ,
0(
#4235000
0%
b0 P
0Q
1?
b100 @
0A
1(
#4240000
b10100 ,
0(
#4245000
1A
b0 M
1(
#4250000
b10101 ,
0(
#4255000
b0 @
1$
b10000 #
b10000 /
b10000 =
1"
0A
1(
#4260000
b10110 ,
0(
#4265000
b0 :
0$
0"
1(
#4270000
b10001 -
0(
#4275000
1(
#4280000
1)
b10001 +
b10001 .
b10001 D
0(
#4285000
0!
1%
b1 P
0O
b10001 N
1(
#4290000
b0 ,
0)
0(
#4295000
1Q
0>
1(
#4300000
b1 ,
0(
#4305000
0?
b10 P
0Q
1(
#4310000
b10 ,
0(
#4315000
1Q
b1 @
1(
#4320000
b11 ,
0(
#4325000
1!
b10 @
b11 P
0Q
1(
#4330000
b100 ,
0(
#4335000
1Q
1>
1A
1(
#4340000
b101 ,
0(
#4345000
0!
b11 @
0<
0A
1?
b1 M
0Q
1(
#4350000
b110 ,
0(
#4355000
1Q
0>
1A
1(
#4360000
b111 ,
0(
#4365000
b1 :
b10001 ;
0A
0?
b10 M
0Q
1(
#4370000
b1000 ,
0(
#4375000
1Q
1A
1(
#4380000
b1001 ,
0(
#4385000
b10 :
0A
b11 M
0Q
1(
#4390000
b1010 ,
0(
#4395000
1Q
1A
1(
#4400000
b1011 ,
0(
#4405000
1!
b11 :
0A
b100 M
0Q
1(
#4410000
b1100 ,
0(
#4415000
1Q
1>
1A
1(
#4420000
b1101 ,
0(
#4425000
0!
b100 :
0A
1?
b101 M
0Q
1(
#4430000
b1110 ,
0(
#4435000
1Q
0>
1A
1(
#4440000
b1111 ,
0(
#4445000
b101 :
0A
0?
b110 M
0Q
1(
#4450000
b10000 ,
0(
#4455000
1Q
1A
1(
#4460000
b10001 ,
0(
#4465000
1!
b110 :
0A
b100 P
0Q
1(
#4470000
b10010 ,
0(
#4475000
1Q
1>
1A
1(
#4480000
b10011 ,
0(
#4485000
b100 @
0A
1?
0%
b0 P
0Q
1(
#4490000
b10100 ,
0(
#4495000
b0 M
1A
1(
#4500000
b10101 ,
0(
#4505000
b0 @
1$
b10001 #
b10001 /
b10001 =
1"
0A
1(
#4510000
b10110 ,
0(
#4515000
b0 :
0$
0"
1(
#4520000
b10010 -
0(
#4525000
1(
#4530000
1)
b10010 +
b10010 .
b10010 D
0(
#4535000
0!
1%
b1 P
b10010 N
1(
#4540000
b0 ,
0)
0(
#4545000
0>
1Q
1(
#4550000
b1 ,
0(
#4555000
b10 P
0Q
0?
1(
#4560000
b10 ,
0(
#4565000
b1 @
1Q
1(
#4570000
b11 ,
0(
#4575000
b11 P
0Q
b10 @
1(
#4580000
b100 ,
0(
#4585000
1A
1Q
1(
#4590000
b101 ,
0(
#4595000
1!
b1 M
0Q
b11 @
0A
1(
#4600000
b110 ,
0(
#4605000
1A
1>
1Q
1(
#4610000
b111 ,
0(
#4615000
0!
b10 M
0Q
1?
b1 :
b10000 ;
0A
1(
#4620000
b1000 ,
0(
#4625000
1A
0>
1Q
1(
#4630000
b1001 ,
0(
#4635000
b11 M
0Q
0?
b10 :
b10010 ;
0A
1(
#4640000
b1010 ,
0(
#4645000
1A
1Q
1(
#4650000
b1011 ,
0(
#4655000
1!
b100 M
0Q
b11 :
0A
1(
#4660000
b1100 ,
0(
#4665000
1A
1>
1Q
1(
#4670000
b1101 ,
0(
#4675000
0!
b101 M
0Q
1?
b100 :
0A
1(
#4680000
b1110 ,
0(
#4685000
1A
0>
1Q
1(
#4690000
b1111 ,
0(
#4695000
b110 M
0Q
0?
b101 :
0A
1(
#4700000
b10000 ,
0(
#4705000
1A
1Q
1(
#4710000
b10001 ,
0(
#4715000
1!
b100 P
0Q
b110 :
0A
1(
#4720000
b10010 ,
0(
#4725000
1A
1>
1Q
1(
#4730000
b10011 ,
0(
#4735000
0%
b0 P
0Q
1?
b100 @
0A
1(
#4740000
b10100 ,
0(
#4745000
1A
b0 M
1(
#4750000
b10101 ,
0(
#4755000
b0 @
1$
b10010 #
b10010 /
b10010 =
1"
0A
1(
#4760000
b10110 ,
0(
#4765000
b0 :
0$
0"
1(
#4770000
b10011 -
0(
#4775000
1(
#4780000
1)
b10011 +
b10011 .
b10011 D
0(
#4785000
0!
1%
b1 P
1O
b10011 N
1(
#4790000
b0 ,
0)
0(
#4795000
1Q
0>
1(
#4800000
b1 ,
0(
#4805000
1!
0?
b10 P
0Q
1(
#4810000
b10 ,
0(
#4815000
1Q
1>
b1 @
1(
#4820000
b11 ,
0(
#4825000
b10 @
1?
b11 P
0Q
1(
#4830000
b100 ,
0(
#4835000
1Q
1A
1(
#4840000
b101 ,
0(
#4845000
b11 @
1<
0A
b1 M
0Q
1(
#4850000
b110 ,
0(
#4855000
1Q
1A
1(
#4860000
b111 ,
0(
#4865000
0!
b1 :
b10011 ;
0A
b10 M
0Q
1(
#4870000
b1000 ,
0(
#4875000
1Q
0>
1A
1(
#4880000
b1001 ,
0(
#4885000
b10 :
0A
0?
b11 M
0Q
1(
#4890000
b1010 ,
0(
#4895000
1Q
1A
1(
#4900000
b1011 ,
0(
#4905000
1!
b11 :
0A
b100 M
0Q
1(
#4910000
b1100 ,
0(
#4915000
1Q
1>
1A
1(
#4920000
b1101 ,
0(
#4925000
0!
b100 :
0A
1?
b101 M
0Q
1(
#4930000
b1110 ,
0(
#4935000
1Q
0>
1A
1(
#4940000
b1111 ,
0(
#4945000
b101 :
0A
0?
b110 M
0Q
1(
#4950000
b10000 ,
0(
#4955000
1Q
1A
1(
#4960000
b10001 ,
0(
#4965000
1!
b110 :
0A
b100 P
0Q
1(
#4970000
b10010 ,
0(
#4975000
1Q
1>
1A
1(
#4980000
b10011 ,
0(
#4985000
b100 @
0A
1?
0%
b0 P
0Q
1(
#4990000
b10100 ,
0(
#4995000
b0 M
1A
1(
#5000000
b10101 ,
0(
#5005000
b0 @
1$
b10011 #
b10011 /
b10011 =
1"
0A
1(
#5010000
b10110 ,
0(
#5015000
b0 :
0$
0"
1(
#5020000
b10100 -
0(
#5025000
1(
#5030000
1)
b10100 +
b10100 .
b10100 D
0(
#5035000
0!
1%
b1 P
0O
b10100 N
1(
#5040000
b0 ,
0)
0(
#5045000
0>
1Q
1(
#5050000
b1 ,
0(
#5055000
b10 P
0Q
0?
1(
#5060000
b10 ,
0(
#5065000
b1 @
1Q
1(
#5070000
b11 ,
0(
#5075000
b11 P
0Q
b10 @
1(
#5080000
b100 ,
0(
#5085000
1A
1Q
1(
#5090000
b101 ,
0(
#5095000
b1 M
0Q
b11 @
0<
0A
1(
#5100000
b110 ,
0(
#5105000
1A
1Q
1(
#5110000
b111 ,
0(
#5115000
1!
b10 M
0Q
b1 :
b10010 ;
0A
1(
#5120000
b1000 ,
0(
#5125000
1A
1>
1Q
1(
#5130000
b1001 ,
0(
#5135000
0!
b11 M
0Q
1?
b10 :
b10000 ;
0A
1(
#5140000
b1010 ,
0(
#5145000
1A
0>
1Q
1(
#5150000
b1011 ,
0(
#5155000
1!
b100 M
0Q
0?
b11 :
b10100 ;
0A
1(
#5160000
b1100 ,
0(
#5165000
1A
1>
1Q
1(
#5170000
b1101 ,
0(
#5175000
0!
b101 M
0Q
1?
b100 :
0A
1(
#5180000
b1110 ,
0(
#5185000
1A
0>
1Q
1(
#5190000
b1111 ,
0(
#5195000
b110 M
0Q
0?
b101 :
0A
1(
#5200000
b10000 ,
0(
#5205000
1A
1Q
1(
#5210000
b10001 ,
0(
#5215000
1!
b100 P
0Q
b110 :
0A
1(
#5220000
b10010 ,
0(
#5225000
1A
1>
1Q
1(
#5230000
b10011 ,
0(
#5235000
0%
b0 P
0Q
1?
b100 @
0A
1(
#5240000
b10100 ,
0(
#5245000
1A
b0 M
1(
#5250000
b10101 ,
0(
#5255000
b0 @
1$
b10100 #
b10100 /
b10100 =
1"
0A
1(
#5260000
b10110 ,
0(
#5265000
b0 :
0$
0"
1(
#5270000
b10101 -
0(
#5275000
1(
#5280000
1)
b10101 +
b10101 .
b10101 D
0(
#5285000
0!
1%
b1 P
1O
b10101 N
1(
#5290000
b0 ,
0)
0(
#5295000
1Q
0>
1(
#5300000
b1 ,
0(
#5305000
1!
0?
b10 P
0Q
1(
#5310000
b10 ,
0(
#5315000
1Q
1>
b1 @
1(
#5320000
b11 ,
0(
#5325000
b10 @
1?
b11 P
0Q
1(
#5330000
b100 ,
0(
#5335000
1Q
1A
1(
#5340000
b101 ,
0(
#5345000
0!
b11 @
1<
0A
b1 M
0Q
1(
#5350000
b110 ,
0(
#5355000
1Q
0>
1A
1(
#5360000
b111 ,
0(
#5365000
1!
b1 :
b10101 ;
0A
0?
b10 M
0Q
1(
#5370000
b1000 ,
0(
#5375000
1Q
1>
1A
1(
#5380000
b1001 ,
0(
#5385000
0!
b10 :
0A
1?
b11 M
0Q
1(
#5390000
b1010 ,
0(
#5395000
1Q
0>
1A
1(
#5400000
b1011 ,
0(
#5405000
1!
b11 :
0A
0?
b100 M
0Q
1(
#5410000
b1100 ,
0(
#5415000
1Q
1>
1A
1(
#5420000
b1101 ,
0(
#5425000
0!
b100 :
0A
1?
b101 M
0Q
1(
#5430000
b1110 ,
0(
#5435000
1Q
0>
1A
1(
#5440000
b1111 ,
0(
#5445000
b101 :
0A
0?
b110 M
0Q
1(
#5450000
b10000 ,
0(
#5455000
1Q
1A
1(
#5460000
b10001 ,
0(
#5465000
1!
b110 :
0A
b100 P
0Q
1(
#5470000
b10010 ,
0(
#5475000
1Q
1>
1A
1(
#5480000
b10011 ,
0(
#5485000
b100 @
0A
1?
0%
b0 P
0Q
1(
#5490000
b10100 ,
0(
#5495000
b0 M
1A
1(
#5500000
b10101 ,
0(
#5505000
b0 @
1$
b10101 #
b10101 /
b10101 =
1"
0A
1(
#5510000
b10110 ,
0(
#5515000
b0 :
0$
0"
1(
#5520000
b10110 -
0(
#5525000
1(
#5530000
1)
b10110 +
b10110 .
b10110 D
0(
#5535000
0!
1%
b1 P
b10110 N
1(
#5540000
b0 ,
0)
0(
#5545000
0>
1Q
1(
#5550000
b1 ,
0(
#5555000
1!
b10 P
0Q
0?
1(
#5560000
b10 ,
0(
#5565000
b1 @
1>
1Q
1(
#5570000
b11 ,
0(
#5575000
0!
b11 P
0Q
1?
b10 @
1(
#5580000
b100 ,
0(
#5585000
1A
0>
1Q
1(
#5590000
b101 ,
0(
#5595000
1!
b1 M
0Q
0?
b11 @
0A
1(
#5600000
b110 ,
0(
#5605000
1A
1>
1Q
1(
#5610000
b111 ,
0(
#5615000
b10 M
0Q
1?
b1 :
b10100 ;
0A
1(
#5620000
b1000 ,
0(
#5625000
1A
1Q
1(
#5630000
b1001 ,
0(
#5635000
0!
b11 M
0Q
b10 :
b10110 ;
0A
1(
#5640000
b1010 ,
0(
#5645000
1A
0>
1Q
1(
#5650000
b1011 ,
0(
#5655000
1!
b100 M
0Q
0?
b11 :
0A
1(
#5660000
b1100 ,
0(
#5665000
1A
1>
1Q
1(
#5670000
b1101 ,
0(
#5675000
0!
b101 M
0Q
1?
b100 :
0A
1(
#5680000
b1110 ,
0(
#5685000
1A
0>
1Q
1(
#5690000
b1111 ,
0(
#5695000
b110 M
0Q
0?
b101 :
0A
1(
#5700000
b10000 ,
0(
#5705000
1A
1Q
1(
#5710000
b10001 ,
0(
#5715000
1!
b100 P
0Q
b110 :
0A
1(
#5720000
b10010 ,
0(
#5725000
1A
1>
1Q
1(
#5730000
b10011 ,
0(
#5735000
0%
b0 P
0Q
1?
b100 @
0A
1(
#5740000
b10100 ,
0(
#5745000
1A
b0 M
1(
#5750000
b10101 ,
0(
#5755000
b0 @
1$
b10110 #
b10110 /
b10110 =
1"
0A
1(
#5760000
b10110 ,
0(
#5765000
b0 :
0$
0"
1(
#5770000
b10111 -
0(
#5775000
1(
#5780000
1)
b10111 +
b10111 .
b10111 D
0(
#5785000
0!
1%
b1 P
0O
b10111 N
1(
#5790000
b0 ,
0)
0(
#5795000
1Q
0>
1(
#5800000
b1 ,
0(
#5805000
0?
b10 P
0Q
1(
#5810000
b10 ,
0(
#5815000
1Q
b1 @
1(
#5820000
b11 ,
0(
#5825000
1!
b10 @
b11 P
0Q
1(
#5830000
b100 ,
0(
#5835000
1Q
1>
1A
1(
#5840000
b101 ,
0(
#5845000
b11 @
0<
0A
1?
b1 M
0Q
1(
#5850000
b110 ,
0(
#5855000
1Q
1A
1(
#5860000
b111 ,
0(
#5865000
b1 :
b10111 ;
0A
b10 M
0Q
1(
#5870000
b1000 ,
0(
#5875000
1Q
1A
1(
#5880000
b1001 ,
0(
#5885000
0!
b10 :
0A
b11 M
0Q
1(
#5890000
b1010 ,
0(
#5895000
1Q
0>
1A
1(
#5900000
b1011 ,
0(
#5905000
1!
b11 :
0A
0?
b100 M
0Q
1(
#5910000
b1100 ,
0(
#5915000
1Q
1>
1A
1(
#5920000
b1101 ,
0(
#5925000
0!
b100 :
0A
1?
b101 M
0Q
1(
#5930000
b1110 ,
0(
#5935000
1Q
0>
1A
1(
#5940000
b1111 ,
0(
#5945000
b101 :
0A
0?
b110 M
0Q
1(
#5950000
b10000 ,
0(
#5955000
1Q
1A
1(
#5960000
b10001 ,
0(
#5965000
1!
b110 :
0A
b100 P
0Q
1(
#5970000
b10010 ,
0(
#5975000
1Q
1>
1A
1(
#5980000
b10011 ,
0(
#5985000
b100 @
0A
1?
0%
b0 P
0Q
1(
#5990000
b10100 ,
0(
#5995000
b0 M
1A
1(
#6000000
b10101 ,
0(
#6005000
b0 @
1$
b10111 #
b10111 /
b10111 =
1"
0A
1(
#6010000
b10110 ,
0(
#6015000
b0 :
0$
0"
1(
#6020000
b11000 -
0(
#6025000
1(
#6030000
1)
b11000 +
b11000 .
b11000 D
0(
#6035000
0!
1%
b1 P
b11000 N
1(
#6040000
b0 ,
0)
0(
#6045000
0>
1Q
1(
#6050000
b1 ,
0(
#6055000
b10 P
0Q
0?
1(
#6060000
b10 ,
0(
#6065000
b1 @
1Q
1(
#6070000
b11 ,
0(
#6075000
b11 P
0Q
b10 @
1(
#6080000
b100 ,
0(
#6085000
1A
1Q
1(
#6090000
b101 ,
0(
#6095000
b1 M
0Q
b11 @
0A
1(
#6100000
b110 ,
0(
#6105000
1A
1Q
1(
#6110000
b111 ,
0(
#6115000
b10 M
0Q
b1 :
b10110 ;
0A
1(
#6120000
b1000 ,
0(
#6125000
1A
1Q
1(
#6130000
b1001 ,
0(
#6135000
1!
b11 M
0Q
b10 :
b10100 ;
0A
1(
#6140000
b1010 ,
0(
#6145000
1A
1>
1Q
1(
#6150000
b1011 ,
0(
#6155000
b100 M
0Q
1?
b11 :
b10000 ;
0A
1(
#6160000
b1100 ,
0(
#6165000
1A
1Q
1(
#6170000
b1101 ,
0(
#6175000
0!
b101 M
0Q
b100 :
b11000 ;
0A
1(
#6180000
b1110 ,
0(
#6185000
1A
0>
1Q
1(
#6190000
b1111 ,
0(
#6195000
b110 M
0Q
0?
b101 :
0A
1(
#6200000
b10000 ,
0(
#6205000
1A
1Q
1(
#6210000
b10001 ,
0(
#6215000
1!
b100 P
0Q
b110 :
0A
1(
#6220000
b10010 ,
0(
#6225000
1A
1>
1Q
1(
#6230000
b10011 ,
0(
#6235000
0%
b0 P
0Q
1?
b100 @
0A
1(
#6240000
b10100 ,
0(
#6245000
1A
b0 M
1(
#6250000
b10101 ,
0(
#6255000
b0 @
1$
b11000 #
b11000 /
b11000 =
1"
0A
1(
#6260000
b10110 ,
0(
#6265000
b0 :
0$
0"
1(
#6270000
b11001 -
0(
#6275000
1(
#6280000
1)
b11001 +
b11001 .
b11001 D
0(
#6285000
0!
1%
b1 P
1O
b11001 N
1(
#6290000
b0 ,
0)
0(
#6295000
1Q
0>
1(
#6300000
b1 ,
0(
#6305000
1!
0?
b10 P
0Q
1(
#6310000
b10 ,
0(
#6315000
1Q
1>
b1 @
1(
#6320000
b11 ,
0(
#6325000
b10 @
1?
b11 P
0Q
1(
#6330000
b100 ,
0(
#6335000
1Q
1A
1(
#6340000
b101 ,
0(
#6345000
0!
b11 @
1<
0A
b1 M
0Q
1(
#6350000
b110 ,
0(
#6355000
1Q
0>
1A
1(
#6360000
b111 ,
0(
#6365000
b1 :
b11001 ;
0A
0?
b10 M
0Q
1(
#6370000
b1000 ,
0(
#6375000
1Q
1A
1(
#6380000
b1001 ,
0(
#6385000
1!
b10 :
0A
b11 M
0Q
1(
#6390000
b1010 ,
0(
#6395000
1Q
1>
1A
1(
#6400000
b1011 ,
0(
#6405000
b11 :
0A
1?
b100 M
0Q
1(
#6410000
b1100 ,
0(
#6415000
1Q
1A
1(
#6420000
b1101 ,
0(
#6425000
0!
b100 :
0A
b101 M
0Q
1(
#6430000
b1110 ,
0(
#6435000
1Q
0>
1A
1(
#6440000
b1111 ,
0(
#6445000
b101 :
0A
0?
b110 M
0Q
1(
#6450000
b10000 ,
0(
#6455000
1Q
1A
1(
#6460000
b10001 ,
0(
#6465000
1!
b110 :
0A
b100 P
0Q
1(
#6470000
b10010 ,
0(
#6475000
1Q
1>
1A
1(
#6480000
b10011 ,
0(
#6485000
b100 @
0A
1?
0%
b0 P
0Q
1(
#6490000
b10100 ,
0(
#6495000
b0 M
1A
1(
#6500000
b10101 ,
0(
#6505000
b0 @
1$
b11001 #
b11001 /
b11001 =
1"
0A
1(
#6510000
b10110 ,
0(
#6515000
b0 :
0$
0"
1(
#6520000
b11010 -
0(
#6525000
1(
#6530000
1)
b11010 +
b11010 .
b11010 D
0(
#6535000
0!
1%
b1 P
b11010 N
1(
#6540000
b0 ,
0)
0(
#6545000
0>
1Q
1(
#6550000
b1 ,
0(
#6555000
1!
b10 P
0Q
0?
1(
#6560000
b10 ,
0(
#6565000
b1 @
1>
1Q
1(
#6570000
b11 ,
0(
#6575000
0!
b11 P
0Q
1?
b10 @
1(
#6580000
b100 ,
0(
#6585000
1A
0>
1Q
1(
#6590000
b101 ,
0(
#6595000
1!
b1 M
0Q
0?
b11 @
0A
1(
#6600000
b110 ,
0(
#6605000
1A
1>
1Q
1(
#6610000
b111 ,
0(
#6615000
0!
b10 M
0Q
1?
b1 :
b11000 ;
0A
1(
#6620000
b1000 ,
0(
#6625000
1A
0>
1Q
1(
#6630000
b1001 ,
0(
#6635000
1!
b11 M
0Q
0?
b10 :
b11010 ;
0A
1(
#6640000
b1010 ,
0(
#6645000
1A
1>
1Q
1(
#6650000
b1011 ,
0(
#6655000
b100 M
0Q
1?
b11 :
0A
1(
#6660000
b1100 ,
0(
#6665000
1A
1Q
1(
#6670000
b1101 ,
0(
#6675000
0!
b101 M
0Q
b100 :
0A
1(
#6680000
b1110 ,
0(
#6685000
1A
0>
1Q
1(
#6690000
b1111 ,
0(
#6695000
b110 M
0Q
0?
b101 :
0A
1(
#6700000
b10000 ,
0(
#6705000
1A
1Q
1(
#6710000
b10001 ,
0(
#6715000
1!
b100 P
0Q
b110 :
0A
1(
#6720000
b10010 ,
0(
#6725000
1A
1>
1Q
1(
#6730000
b10011 ,
0(
#6735000
0%
b0 P
0Q
1?
b100 @
0A
1(
#6740000
b10100 ,
0(
#6745000
1A
b0 M
1(
#6750000
b10101 ,
0(
#6755000
b0 @
1$
b11010 #
b11010 /
b11010 =
1"
0A
1(
#6760000
b10110 ,
0(
#6765000
b0 :
0$
0"
1(
#6770000
b11011 -
0(
#6775000
1(
#6780000
1)
b11011 +
b11011 .
b11011 D
0(
#6785000
0!
1%
b1 P
0O
b11011 N
1(
#6790000
b0 ,
0)
0(
#6795000
1Q
0>
1(
#6800000
b1 ,
0(
#6805000
0?
b10 P
0Q
1(
#6810000
b10 ,
0(
#6815000
1Q
b1 @
1(
#6820000
b11 ,
0(
#6825000
1!
b10 @
b11 P
0Q
1(
#6830000
b100 ,
0(
#6835000
1Q
1>
1A
1(
#6840000
b101 ,
0(
#6845000
b11 @
0<
0A
1?
b1 M
0Q
1(
#6850000
b110 ,
0(
#6855000
1Q
1A
1(
#6860000
b111 ,
0(
#6865000
0!
b1 :
b11011 ;
0A
b10 M
0Q
1(
#6870000
b1000 ,
0(
#6875000
1Q
0>
1A
1(
#6880000
b1001 ,
0(
#6885000
1!
b10 :
0A
0?
b11 M
0Q
1(
#6890000
b1010 ,
0(
#6895000
1Q
1>
1A
1(
#6900000
b1011 ,
0(
#6905000
b11 :
0A
1?
b100 M
0Q
1(
#6910000
b1100 ,
0(
#6915000
1Q
1A
1(
#6920000
b1101 ,
0(
#6925000
0!
b100 :
0A
b101 M
0Q
1(
#6930000
b1110 ,
0(
#6935000
1Q
0>
1A
1(
#6940000
b1111 ,
0(
#6945000
b101 :
0A
0?
b110 M
0Q
1(
#6950000
b10000 ,
0(
#6955000
1Q
1A
1(
#6960000
b10001 ,
0(
#6965000
1!
b110 :
0A
b100 P
0Q
1(
#6970000
b10010 ,
0(
#6975000
1Q
1>
1A
1(
#6980000
b10011 ,
0(
#6985000
b100 @
0A
1?
0%
b0 P
0Q
1(
#6990000
b10100 ,
0(
#6995000
b0 M
1A
1(
#7000000
b10101 ,
0(
#7005000
b0 @
1$
b11011 #
b11011 /
b11011 =
1"
0A
1(
#7010000
b10110 ,
0(
#7015000
b0 :
0$
0"
1(
#7020000
b11100 -
0(
#7025000
1(
#7030000
1)
b11100 +
b11100 .
b11100 D
0(
#7035000
0!
1%
b1 P
1O
b11100 N
1(
#7040000
b0 ,
0)
0(
#7045000
0>
1Q
1(
#7050000
b1 ,
0(
#7055000
1!
b10 P
0Q
0?
1(
#7060000
b10 ,
0(
#7065000
b1 @
1>
1Q
1(
#7070000
b11 ,
0(
#7075000
0!
b11 P
0Q
1?
b10 @
1(
#7080000
b100 ,
0(
#7085000
1A
0>
1Q
1(
#7090000
b101 ,
0(
#7095000
b1 M
0Q
0?
b11 @
1<
0A
1(
#7100000
b110 ,
0(
#7105000
1A
1Q
1(
#7110000
b111 ,
0(
#7115000
1!
b10 M
0Q
b1 :
b11010 ;
0A
1(
#7120000
b1000 ,
0(
#7125000
1A
1>
1Q
1(
#7130000
b1001 ,
0(
#7135000
b11 M
0Q
1?
b10 :
b11000 ;
0A
1(
#7140000
b1010 ,
0(
#7145000
1A
1Q
1(
#7150000
b1011 ,
0(
#7155000
b100 M
0Q
b11 :
b11100 ;
0A
1(
#7160000
b1100 ,
0(
#7165000
1A
1Q
1(
#7170000
b1101 ,
0(
#7175000
0!
b101 M
0Q
b100 :
0A
1(
#7180000
b1110 ,
0(
#7185000
1A
0>
1Q
1(
#7190000
b1111 ,
0(
#7195000
b110 M
0Q
0?
b101 :
0A
1(
#7200000
b10000 ,
0(
#7205000
1A
1Q
1(
#7210000
b10001 ,
0(
#7215000
1!
b100 P
0Q
b110 :
0A
1(
#7220000
b10010 ,
0(
#7225000
1A
1>
1Q
1(
#7230000
b10011 ,
0(
#7235000
0%
b0 P
0Q
1?
b100 @
0A
1(
#7240000
b10100 ,
0(
#7245000
1A
b0 M
1(
#7250000
b10101 ,
0(
#7255000
b0 @
1$
b11100 #
b11100 /
b11100 =
1"
0A
1(
#7260000
b10110 ,
0(
#7265000
b0 :
0$
0"
1(
#7270000
b11101 -
0(
#7275000
1(
#7280000
1)
b11101 +
b11101 .
b11101 D
0(
#7285000
0!
1%
b1 P
0O
b11101 N
1(
#7290000
b0 ,
0)
0(
#7295000
1Q
0>
1(
#7300000
b1 ,
0(
#7305000
0?
b10 P
0Q
1(
#7310000
b10 ,
0(
#7315000
1Q
b1 @
1(
#7320000
b11 ,
0(
#7325000
1!
b10 @
b11 P
0Q
1(
#7330000
b100 ,
0(
#7335000
1Q
1>
1A
1(
#7340000
b101 ,
0(
#7345000
0!
b11 @
0<
0A
1?
b1 M
0Q
1(
#7350000
b110 ,
0(
#7355000
1Q
0>
1A
1(
#7360000
b111 ,
0(
#7365000
1!
b1 :
b11101 ;
0A
0?
b10 M
0Q
1(
#7370000
b1000 ,
0(
#7375000
1Q
1>
1A
1(
#7380000
b1001 ,
0(
#7385000
b10 :
0A
1?
b11 M
0Q
1(
#7390000
b1010 ,
0(
#7395000
1Q
1A
1(
#7400000
b1011 ,
0(
#7405000
b11 :
0A
b100 M
0Q
1(
#7410000
b1100 ,
0(
#7415000
1Q
1A
1(
#7420000
b1101 ,
0(
#7425000
0!
b100 :
0A
b101 M
0Q
1(
#7430000
b1110 ,
0(
#7435000
1Q
0>
1A
1(
#7440000
b1111 ,
0(
#7445000
b101 :
0A
0?
b110 M
0Q
1(
#7450000
b10000 ,
0(
#7455000
1Q
1A
1(
#7460000
b10001 ,
0(
#7465000
1!
b110 :
0A
b100 P
0Q
1(
#7470000
b10010 ,
0(
#7475000
1Q
1>
1A
1(
#7480000
b10011 ,
0(
#7485000
b100 @
0A
1?
0%
b0 P
0Q
1(
#7490000
b10100 ,
0(
#7495000
b0 M
1A
1(
#7500000
b10101 ,
0(
#7505000
b0 @
1$
b11101 #
b11101 /
b11101 =
1"
0A
1(
#7510000
b10110 ,
0(
#7515000
b0 :
0$
0"
1(
#7520000
b11110 -
0(
#7525000
1(
#7530000
1)
b11110 +
b11110 .
b11110 D
0(
#7535000
0!
1%
b1 P
b11110 N
1(
#7540000
b0 ,
0)
0(
#7545000
0>
1Q
1(
#7550000
b1 ,
0(
#7555000
b10 P
0Q
0?
1(
#7560000
b10 ,
0(
#7565000
b1 @
1Q
1(
#7570000
b11 ,
0(
#7575000
b11 P
0Q
b10 @
1(
#7580000
b100 ,
0(
#7585000
1A
1Q
1(
#7590000
b101 ,
0(
#7595000
1!
b1 M
0Q
b11 @
0A
1(
#7600000
b110 ,
0(
#7605000
1A
1>
1Q
1(
#7610000
b111 ,
0(
#7615000
b10 M
0Q
1?
b1 :
b11100 ;
0A
1(
#7620000
b1000 ,
0(
#7625000
1A
1Q
1(
#7630000
b1001 ,
0(
#7635000
b11 M
0Q
b10 :
b11110 ;
0A
1(
#7640000
b1010 ,
0(
#7645000
1A
1Q
1(
#7650000
b1011 ,
0(
#7655000
b100 M
0Q
b11 :
0A
1(
#7660000
b1100 ,
0(
#7665000
1A
1Q
1(
#7670000
b1101 ,
0(
#7675000
0!
b101 M
0Q
b100 :
0A
1(
#7680000
b1110 ,
0(
#7685000
1A
0>
1Q
1(
#7690000
b1111 ,
0(
#7695000
b110 M
0Q
0?
b101 :
0A
1(
#7700000
b10000 ,
0(
#7705000
1A
1Q
1(
#7710000
b10001 ,
0(
#7715000
1!
b100 P
0Q
b110 :
0A
1(
#7720000
b10010 ,
0(
#7725000
1A
1>
1Q
1(
#7730000
b10011 ,
0(
#7735000
0%
b0 P
0Q
1?
b100 @
0A
1(
#7740000
b10100 ,
0(
#7745000
1A
b0 M
1(
#7750000
b10101 ,
0(
#7755000
b0 @
1$
b11110 #
b11110 /
b11110 =
1"
0A
1(
#7760000
b10110 ,
0(
#7765000
b0 :
0$
0"
1(
#7770000
b11111 -
0(
#7775000
1(
#7780000
1)
b11111 +
b11111 .
b11111 D
0(
#7785000
0!
1%
b1 P
1O
b11111 N
1(
#7790000
b0 ,
0)
0(
#7795000
1Q
0>
1(
#7800000
b1 ,
0(
#7805000
1!
0?
b10 P
0Q
1(
#7810000
b10 ,
0(
#7815000
1Q
1>
b1 @
1(
#7820000
b11 ,
0(
#7825000
b10 @
1?
b11 P
0Q
1(
#7830000
b100 ,
0(
#7835000
1Q
1A
1(
#7840000
b101 ,
0(
#7845000
b11 @
1<
0A
b1 M
0Q
1(
#7850000
b110 ,
0(
#7855000
1Q
1A
1(
#7860000
b111 ,
0(
#7865000
b1 :
b11111 ;
0A
b10 M
0Q
1(
#7870000
b1000 ,
0(
#7875000
1Q
1A
1(
#7880000
b1001 ,
0(
#7885000
b10 :
0A
b11 M
0Q
1(
#7890000
b1010 ,
0(
#7895000
1Q
1A
1(
#7900000
b1011 ,
0(
#7905000
b11 :
0A
b100 M
0Q
1(
#7910000
b1100 ,
0(
#7915000
1Q
1A
1(
#7920000
b1101 ,
0(
#7925000
0!
b100 :
0A
b101 M
0Q
1(
#7930000
b1110 ,
0(
#7935000
1Q
0>
1A
1(
#7940000
b1111 ,
0(
#7945000
b101 :
0A
0?
b110 M
0Q
1(
#7950000
b10000 ,
0(
#7955000
1Q
1A
1(
#7960000
b10001 ,
0(
#7965000
1!
b110 :
0A
b100 P
0Q
1(
#7970000
b10010 ,
0(
#7975000
1Q
1>
1A
1(
#7980000
b10011 ,
0(
#7985000
b100 @
0A
1?
0%
b0 P
0Q
1(
#7990000
b10100 ,
0(
#7995000
b0 M
1A
1(
#8000000
b10101 ,
0(
#8005000
b0 @
1$
b11111 #
b11111 /
b11111 =
1"
0A
1(
#8010000
b10110 ,
0(
#8015000
b0 :
0$
0"
1(
#8020000
b100000 -
0(
#8025000
1(
#8030000
1)
b100000 +
b100000 .
b100000 D
0(
#8035000
0!
1%
b1 P
b100000 N
1(
#8040000
b0 ,
0)
0(
#8045000
0>
1Q
1(
#8050000
b1 ,
0(
#8055000
1!
b10 P
0Q
0?
1(
#8060000
b10 ,
0(
#8065000
b1 @
1>
1Q
1(
#8070000
b11 ,
0(
#8075000
0!
b11 P
0Q
1?
b10 @
1(
#8080000
b100 ,
0(
#8085000
1A
0>
1Q
1(
#8090000
b101 ,
0(
#8095000
b1 M
0Q
0?
b11 @
0A
1(
#8100000
b110 ,
0(
#8105000
1A
1Q
1(
#8110000
b111 ,
0(
#8115000
b10 M
0Q
b1 :
b11110 ;
0A
1(
#8120000
b1000 ,
0(
#8125000
1A
1Q
1(
#8130000
b1001 ,
0(
#8135000
b11 M
0Q
b10 :
b11100 ;
0A
1(
#8140000
b1010 ,
0(
#8145000
1A
1Q
1(
#8150000
b1011 ,
0(
#8155000
b100 M
0Q
b11 :
b11000 ;
0A
1(
#8160000
b1100 ,
0(
#8165000
1A
1Q
1(
#8170000
b1101 ,
0(
#8175000
1!
b101 M
0Q
b100 :
b10000 ;
0A
1(
#8180000
b1110 ,
0(
#8185000
1A
1>
1Q
1(
#8190000
b1111 ,
0(
#8195000
0!
b110 M
0Q
1?
b101 :
b0 ;
0A
1(
#8200000
b10000 ,
0(
#8205000
1A
0>
1Q
1(
#8210000
b10001 ,
0(
#8215000
1!
b100 P
0Q
0?
b110 :
b100000 ;
0A
1(
#8220000
b10010 ,
0(
#8225000
1A
1>
1Q
1(
#8230000
b10011 ,
0(
#8235000
0%
b0 P
0Q
1?
b100 @
0A
1(
#8240000
b10100 ,
0(
#8245000
1A
b0 M
1(
#8250000
b10101 ,
0(
#8255000
b0 @
1$
b100000 #
b100000 /
b100000 =
1"
0A
1(
#8260000
b10110 ,
0(
#8265000
b0 :
0$
0"
1(
#8270000
b100001 -
0(
#8275000
1(
#8280000
1)
b100001 +
b100001 .
b100001 D
0(
#8285000
0!
1%
b1 P
0O
b100001 N
1(
#8290000
b0 ,
0)
0(
#8295000
1Q
0>
1(
#8300000
b1 ,
0(
#8305000
0?
b10 P
0Q
1(
#8310000
b10 ,
0(
#8315000
1Q
b1 @
1(
#8320000
b11 ,
0(
#8325000
1!
b10 @
b11 P
0Q
1(
#8330000
b100 ,
0(
#8335000
1Q
1>
1A
1(
#8340000
b101 ,
0(
#8345000
0!
b11 @
0<
0A
1?
b1 M
0Q
1(
#8350000
b110 ,
0(
#8355000
1Q
0>
1A
1(
#8360000
b111 ,
0(
#8365000
b1 :
b100001 ;
0A
0?
b10 M
0Q
1(
#8370000
b1000 ,
0(
#8375000
1Q
1A
1(
#8380000
b1001 ,
0(
#8385000
b10 :
0A
b11 M
0Q
1(
#8390000
b1010 ,
0(
#8395000
1Q
1A
1(
#8400000
b1011 ,
0(
#8405000
b11 :
0A
b100 M
0Q
1(
#8410000
b1100 ,
0(
#8415000
1Q
1A
1(
#8420000
b1101 ,
0(
#8425000
1!
b100 :
0A
b101 M
0Q
1(
#8430000
b1110 ,
0(
#8435000
1Q
1>
1A
1(
#8440000
b1111 ,
0(
#8445000
0!
b101 :
0A
1?
b110 M
0Q
1(
#8450000
b10000 ,
0(
#8455000
1Q
0>
1A
1(
#8460000
b10001 ,
0(
#8465000
1!
b110 :
0A
0?
b100 P
0Q
1(
#8470000
b10010 ,
0(
#8475000
1Q
1>
1A
1(
#8480000
b10011 ,
0(
#8485000
b100 @
0A
1?
0%
b0 P
0Q
1(
#8490000
b10100 ,
0(
#8495000
b0 M
1A
1(
#8500000
b10101 ,
0(
#8505000
b0 @
1$
b100001 #
b100001 /
b100001 =
1"
0A
1(
#8510000
b10110 ,
0(
#8515000
b0 :
0$
0"
1(
#8520000
b100010 -
0(
#8525000
1(
#8530000
1)
b100010 +
b100010 .
b100010 D
0(
#8535000
0!
1%
b1 P
b100010 N
1(
#8540000
b0 ,
0)
0(
#8545000
0>
1Q
1(
#8550000
b1 ,
0(
#8555000
b10 P
0Q
0?
1(
#8560000
b10 ,
0(
#8565000
b1 @
1Q
1(
#8570000
b11 ,
0(
#8575000
b11 P
0Q
b10 @
1(
#8580000
b100 ,
0(
#8585000
1A
1Q
1(
#8590000
b101 ,
0(
#8595000
1!
b1 M
0Q
b11 @
0A
1(
#8600000
b110 ,
0(
#8605000
1A
1>
1Q
1(
#8610000
b111 ,
0(
#8615000
0!
b10 M
0Q
1?
b1 :
b100000 ;
0A
1(
#8620000
b1000 ,
0(
#8625000
1A
0>
1Q
1(
#8630000
b1001 ,
0(
#8635000
b11 M
0Q
0?
b10 :
b100010 ;
0A
1(
#8640000
b1010 ,
0(
#8645000
1A
1Q
1(
#8650000
b1011 ,
0(
#8655000
b100 M
0Q
b11 :
0A
1(
#8660000
b1100 ,
0(
#8665000
1A
1Q
1(
#8670000
b1101 ,
0(
#8675000
1!
b101 M
0Q
b100 :
0A
1(
#8680000
b1110 ,
0(
#8685000
1A
1>
1Q
1(
#8690000
b1111 ,
0(
#8695000
0!
b110 M
0Q
1?
b101 :
0A
1(
#8700000
b10000 ,
0(
#8705000
1A
0>
1Q
1(
#8710000
b10001 ,
0(
#8715000
1!
b100 P
0Q
0?
b110 :
0A
1(
#8720000
b10010 ,
0(
#8725000
1A
1>
1Q
1(
#8730000
b10011 ,
0(
#8735000
0%
b0 P
0Q
1?
b100 @
0A
1(
#8740000
b10100 ,
0(
#8745000
1A
b0 M
1(
#8750000
b10101 ,
0(
#8755000
b0 @
1$
b100010 #
b100010 /
b100010 =
1"
0A
1(
#8760000
b10110 ,
0(
#8765000
b0 :
0$
0"
1(
#8770000
b100011 -
0(
#8775000
1(
#8780000
1)
b100011 +
b100011 .
b100011 D
0(
#8785000
0!
1%
b1 P
1O
b100011 N
1(
#8790000
b0 ,
0)
0(
#8795000
1Q
0>
1(
#8800000
b1 ,
0(
#8805000
1!
0?
b10 P
0Q
1(
#8810000
b10 ,
0(
#8815000
1Q
1>
b1 @
1(
#8820000
b11 ,
0(
#8825000
b10 @
1?
b11 P
0Q
1(
#8830000
b100 ,
0(
#8835000
1Q
1A
1(
#8840000
b101 ,
0(
#8845000
b11 @
1<
0A
b1 M
0Q
1(
#8850000
b110 ,
0(
#8855000
1Q
1A
1(
#8860000
b111 ,
0(
#8865000
0!
b1 :
b100011 ;
0A
b10 M
0Q
1(
#8870000
b1000 ,
0(
#8875000
1Q
0>
1A
1(
#8880000
b1001 ,
0(
#8885000
b10 :
0A
0?
b11 M
0Q
1(
#8890000
b1010 ,
0(
#8895000
1Q
1A
1(
#8900000
b1011 ,
0(
#8905000
b11 :
0A
b100 M
0Q
1(
#8910000
b1100 ,
0(
#8915000
1Q
1A
1(
#8920000
b1101 ,
0(
#8925000
1!
b100 :
0A
b101 M
0Q
1(
#8930000
b1110 ,
0(
#8935000
1Q
1>
1A
1(
#8940000
b1111 ,
0(
#8945000
0!
b101 :
0A
1?
b110 M
0Q
1(
#8950000
b10000 ,
0(
#8955000
1Q
0>
1A
1(
#8960000
b10001 ,
0(
#8965000
1!
b110 :
0A
0?
b100 P
0Q
1(
#8970000
b10010 ,
0(
#8975000
1Q
1>
1A
1(
#8980000
b10011 ,
0(
#8985000
b100 @
0A
1?
0%
b0 P
0Q
1(
#8990000
b10100 ,
0(
#8995000
b0 M
1A
1(
#9000000
b10101 ,
0(
#9005000
b0 @
1$
b100011 #
b100011 /
b100011 =
1"
0A
1(
#9010000
b10110 ,
0(
#9015000
b0 :
0$
0"
1(
#9020000
b100100 -
0(
#9025000
1(
#9030000
1)
b100100 +
b100100 .
b100100 D
0(
#9035000
0!
1%
b1 P
0O
b100100 N
1(
#9040000
b0 ,
0)
0(
#9045000
0>
1Q
1(
#9050000
b1 ,
0(
#9055000
b10 P
0Q
0?
1(
#9060000
b10 ,
0(
#9065000
b1 @
1Q
1(
#9070000
b11 ,
0(
#9075000
b11 P
0Q
b10 @
1(
#9080000
b100 ,
0(
#9085000
1A
1Q
1(
#9090000
b101 ,
0(
#9095000
b1 M
0Q
b11 @
0<
0A
1(
#9100000
b110 ,
0(
#9105000
1A
1Q
1(
#9110000
b111 ,
0(
#9115000
1!
b10 M
0Q
b1 :
b100010 ;
0A
1(
#9120000
b1000 ,
0(
#9125000
1A
1>
1Q
1(
#9130000
b1001 ,
0(
#9135000
0!
b11 M
0Q
1?
b10 :
b100000 ;
0A
1(
#9140000
b1010 ,
0(
#9145000
1A
0>
1Q
1(
#9150000
b1011 ,
0(
#9155000
b100 M
0Q
0?
b11 :
b100100 ;
0A
1(
#9160000
b1100 ,
0(
#9165000
1A
1Q
1(
#9170000
b1101 ,
0(
#9175000
1!
b101 M
0Q
b100 :
0A
1(
#9180000
b1110 ,
0(
#9185000
1A
1>
1Q
1(
#9190000
b1111 ,
0(
#9195000
0!
b110 M
0Q
1?
b101 :
0A
1(
#9200000
b10000 ,
0(
#9205000
1A
0>
1Q
1(
#9210000
b10001 ,
0(
#9215000
1!
b100 P
0Q
0?
b110 :
0A
1(
#9220000
b10010 ,
0(
#9225000
1A
1>
1Q
1(
#9230000
b10011 ,
0(
#9235000
0%
b0 P
0Q
1?
b100 @
0A
1(
#9240000
b10100 ,
0(
#9245000
1A
b0 M
1(
#9250000
b10101 ,
0(
#9255000
b0 @
1$
b100100 #
b100100 /
b100100 =
1"
0A
1(
#9260000
b10110 ,
0(
#9265000
b0 :
0$
0"
1(
#9270000
b100101 -
0(
#9275000
1(
#9280000
1)
b100101 +
b100101 .
b100101 D
0(
#9285000
0!
1%
b1 P
1O
b100101 N
1(
#9290000
b0 ,
0)
0(
#9295000
1Q
0>
1(
#9300000
b1 ,
0(
#9305000
1!
0?
b10 P
0Q
1(
#9310000
b10 ,
0(
#9315000
1Q
1>
b1 @
1(
#9320000
b11 ,
0(
#9325000
b10 @
1?
b11 P
0Q
1(
#9330000
b100 ,
0(
#9335000
1Q
1A
1(
#9340000
b101 ,
0(
#9345000
0!
b11 @
1<
0A
b1 M
0Q
1(
#9350000
b110 ,
0(
#9355000
1Q
0>
1A
1(
#9360000
b111 ,
0(
#9365000
1!
b1 :
b100101 ;
0A
0?
b10 M
0Q
1(
#9370000
b1000 ,
0(
#9375000
1Q
1>
1A
1(
#9380000
b1001 ,
0(
#9385000
0!
b10 :
0A
1?
b11 M
0Q
1(
#9390000
b1010 ,
0(
#9395000
1Q
0>
1A
1(
#9400000
b1011 ,
0(
#9405000
b11 :
0A
0?
b100 M
0Q
1(
#9410000
b1100 ,
0(
#9415000
1Q
1A
1(
#9420000
b1101 ,
0(
#9425000
1!
b100 :
0A
b101 M
0Q
1(
#9430000
b1110 ,
0(
#9435000
1Q
1>
1A
1(
#9440000
b1111 ,
0(
#9445000
0!
b101 :
0A
1?
b110 M
0Q
1(
#9450000
b10000 ,
0(
#9455000
1Q
0>
1A
1(
#9460000
b10001 ,
0(
#9465000
1!
b110 :
0A
0?
b100 P
0Q
1(
#9470000
b10010 ,
0(
#9475000
1Q
1>
1A
1(
#9480000
b10011 ,
0(
#9485000
b100 @
0A
1?
0%
b0 P
0Q
1(
#9490000
b10100 ,
0(
#9495000
b0 M
1A
1(
#9500000
b10101 ,
0(
#9505000
b0 @
1$
b100101 #
b100101 /
b100101 =
1"
0A
1(
#9510000
b10110 ,
0(
#9515000
b0 :
0$
0"
1(
#9520000
b100110 -
0(
#9525000
1(
#9530000
1)
b100110 +
b100110 .
b100110 D
0(
#9535000
0!
1%
b1 P
b100110 N
1(
#9540000
b0 ,
0)
0(
#9545000
0>
1Q
1(
#9550000
b1 ,
0(
#9555000
1!
b10 P
0Q
0?
1(
#9560000
b10 ,
0(
#9565000
b1 @
1>
1Q
1(
#9570000
b11 ,
0(
#9575000
0!
b11 P
0Q
1?
b10 @
1(
#9580000
b100 ,
0(
#9585000
1A
0>
1Q
1(
#9590000
b101 ,
0(
#9595000
1!
b1 M
0Q
0?
b11 @
0A
1(
#9600000
b110 ,
0(
#9605000
1A
1>
1Q
1(
#9610000
b111 ,
0(
#9615000
b10 M
0Q
1?
b1 :
b100100 ;
0A
1(
#9620000
b1000 ,
0(
#9625000
1A
1Q
1(
#9630000
b1001 ,
0(
#9635000
0!
b11 M
0Q
b10 :
b100110 ;
0A
1(
#9640000
b1010 ,
0(
#9645000
1A
0>
1Q
1(
#9650000
b1011 ,
0(
#9655000
b100 M
0Q
0?
b11 :
0A
1(
#9660000
b1100 ,
0(
#9665000
1A
1Q
1(
#9670000
b1101 ,
0(
#9675000
1!
b101 M
0Q
b100 :
0A
1(
#9680000
b1110 ,
0(
#9685000
1A
1>
1Q
1(
#9690000
b1111 ,
0(
#9695000
0!
b110 M
0Q
1?
b101 :
0A
1(
#9700000
b10000 ,
0(
#9705000
1A
0>
1Q
1(
#9710000
b10001 ,
0(
#9715000
1!
b100 P
0Q
0?
b110 :
0A
1(
#9720000
b10010 ,
0(
#9725000
1A
1>
1Q
1(
#9730000
b10011 ,
0(
#9735000
0%
b0 P
0Q
1?
b100 @
0A
1(
#9740000
b10100 ,
0(
#9745000
1A
b0 M
1(
#9750000
b10101 ,
0(
#9755000
b0 @
1$
b100110 #
b100110 /
b100110 =
1"
0A
1(
#9760000
b10110 ,
0(
#9765000
b0 :
0$
0"
1(
#9770000
b100111 -
0(
#9775000
1(
#9780000
1)
b100111 +
b100111 .
b100111 D
0(
#9785000
0!
1%
b1 P
0O
b100111 N
1(
#9790000
b0 ,
0)
0(
#9795000
1Q
0>
1(
#9800000
b1 ,
0(
#9805000
0?
b10 P
0Q
1(
#9810000
b10 ,
0(
#9815000
1Q
b1 @
1(
#9820000
b11 ,
0(
#9825000
1!
b10 @
b11 P
0Q
1(
#9830000
b100 ,
0(
#9835000
1Q
1>
1A
1(
#9840000
b101 ,
0(
#9845000
b11 @
0<
0A
1?
b1 M
0Q
1(
#9850000
b110 ,
0(
#9855000
1Q
1A
1(
#9860000
b111 ,
0(
#9865000
b1 :
b100111 ;
0A
b10 M
0Q
1(
#9870000
b1000 ,
0(
#9875000
1Q
1A
1(
#9880000
b1001 ,
0(
#9885000
0!
b10 :
0A
b11 M
0Q
1(
#9890000
b1010 ,
0(
#9895000
1Q
0>
1A
1(
#9900000
b1011 ,
0(
#9905000
b11 :
0A
0?
b100 M
0Q
1(
#9910000
b1100 ,
0(
#9915000
1Q
1A
1(
#9920000
b1101 ,
0(
#9925000
1!
b100 :
0A
b101 M
0Q
1(
#9930000
b1110 ,
0(
#9935000
1Q
1>
1A
1(
#9940000
b1111 ,
0(
#9945000
0!
b101 :
0A
1?
b110 M
0Q
1(
#9950000
b10000 ,
0(
#9955000
1Q
0>
1A
1(
#9960000
b10001 ,
0(
#9965000
1!
b110 :
0A
0?
b100 P
0Q
1(
#9970000
b10010 ,
0(
#9975000
1Q
1>
1A
1(
#9980000
b10011 ,
0(
#9985000
b100 @
0A
1?
0%
b0 P
0Q
1(
#9990000
b10100 ,
0(
#9995000
b0 M
1A
1(
#10000000
b10101 ,
0(
#10005000
b0 @
1$
b100111 #
b100111 /
b100111 =
1"
0A
1(
#10010000
b10110 ,
0(
#10015000
b0 :
0$
0"
1(
#10020000
b101000 -
0(
#10025000
1(
#10030000
1)
b101000 +
b101000 .
b101000 D
0(
#10035000
0!
1%
b1 P
b101000 N
1(
#10040000
b0 ,
0)
0(
#10045000
0>
1Q
1(
#10050000
b1 ,
0(
#10055000
b10 P
0Q
0?
1(
#10060000
b10 ,
0(
#10065000
b1 @
1Q
1(
#10070000
b11 ,
0(
#10075000
b11 P
0Q
b10 @
1(
#10080000
b100 ,
0(
#10085000
1A
1Q
1(
#10090000
b101 ,
0(
#10095000
b1 M
0Q
b11 @
0A
1(
#10100000
b110 ,
0(
#10105000
1A
1Q
1(
#10110000
b111 ,
0(
#10115000
b10 M
0Q
b1 :
b100110 ;
0A
1(
#10120000
b1000 ,
0(
#10125000
1A
1Q
1(
#10130000
b1001 ,
0(
#10135000
1!
b11 M
0Q
b10 :
b100100 ;
0A
1(
#10140000
b1010 ,
0(
#10145000
1A
1>
1Q
1(
#10150000
b1011 ,
0(
#10155000
0!
b100 M
0Q
1?
b11 :
b100000 ;
0A
1(
#10160000
b1100 ,
0(
#10165000
1A
0>
1Q
1(
#10170000
b1101 ,
0(
#10175000
1!
b101 M
0Q
0?
b100 :
b101000 ;
0A
1(
#10180000
b1110 ,
0(
#10185000
1A
1>
1Q
1(
#10190000
b1111 ,
0(
#10195000
0!
b110 M
0Q
1?
b101 :
0A
1(
#10200000
b10000 ,
0(
#10205000
1A
0>
1Q
1(
#10210000
b10001 ,
0(
#10215000
1!
b100 P
0Q
0?
b110 :
0A
1(
#10220000
b10010 ,
0(
#10225000
1A
1>
1Q
1(
#10230000
b10011 ,
0(
#10235000
0%
b0 P
0Q
1?
b100 @
0A
1(
#10240000
b10100 ,
0(
#10245000
1A
b0 M
1(
#10250000
b10101 ,
0(
#10255000
b0 @
1$
b101000 #
b101000 /
b101000 =
1"
0A
1(
#10260000
b10110 ,
0(
#10265000
b0 :
0$
0"
1(
#10270000
b101001 -
0(
#10275000
1(
#10280000
1)
b101001 +
b101001 .
b101001 D
0(
#10285000
0!
1%
b1 P
1O
b101001 N
1(
#10290000
b0 ,
0)
0(
#10295000
1Q
0>
1(
#10300000
b1 ,
0(
#10305000
1!
0?
b10 P
0Q
1(
#10310000
b10 ,
0(
#10315000
1Q
1>
b1 @
1(
#10320000
b11 ,
0(
#10325000
b10 @
1?
b11 P
0Q
1(
#10330000
b100 ,
0(
#10335000
1Q
1A
1(
#10340000
b101 ,
0(
#10345000
0!
b11 @
1<
0A
b1 M
0Q
1(
#10350000
b110 ,
0(
#10355000
1Q
0>
1A
1(
#10360000
b111 ,
0(
#10365000
b1 :
b101001 ;
0A
0?
b10 M
0Q
1(
#10370000
b1000 ,
0(
#10375000
1Q
1A
1(
#10380000
b1001 ,
0(
#10385000
1!
b10 :
0A
b11 M
0Q
1(
#10390000
b1010 ,
0(
#10395000
1Q
1>
1A
1(
#10400000
b1011 ,
0(
#10405000
0!
b11 :
0A
1?
b100 M
0Q
1(
#10410000
b1100 ,
0(
#10415000
1Q
0>
1A
1(
#10420000
b1101 ,
0(
#10425000
1!
b100 :
0A
0?
b101 M
0Q
1(
#10430000
b1110 ,
0(
#10435000
1Q
1>
1A
1(
#10440000
b1111 ,
0(
#10445000
0!
b101 :
0A
1?
b110 M
0Q
1(
#10450000
b10000 ,
0(
#10455000
1Q
0>
1A
1(
#10460000
b10001 ,
0(
#10465000
1!
b110 :
0A
0?
b100 P
0Q
1(
#10470000
b10010 ,
0(
#10475000
1Q
1>
1A
1(
#10480000
b10011 ,
0(
#10485000
b100 @
0A
1?
0%
b0 P
0Q
1(
#10490000
b10100 ,
0(
#10495000
b0 M
1A
1(
#10500000
b10101 ,
0(
#10505000
b0 @
1$
b101001 #
b101001 /
b101001 =
1"
0A
1(
#10510000
b10110 ,
0(
#10515000
b0 :
0$
0"
1(
#10520000
b101010 -
0(
#10525000
1(
#10530000
1)
b101010 +
b101010 .
b101010 D
0(
#10535000
0!
1%
b1 P
b101010 N
1(
#10540000
b0 ,
0)
0(
#10545000
0>
1Q
1(
#10550000
b1 ,
0(
#10555000
1!
b10 P
0Q
0?
1(
#10560000
b10 ,
0(
#10565000
b1 @
1>
1Q
1(
#10570000
b11 ,
0(
#10575000
0!
b11 P
0Q
1?
b10 @
1(
#10580000
b100 ,
0(
#10585000
1A
0>
1Q
1(
#10590000
b101 ,
0(
#10595000
1!
b1 M
0Q
0?
b11 @
0A
1(
#10600000
b110 ,
0(
#10605000
1A
1>
1Q
1(
#10610000
b111 ,
0(
#10615000
0!
b10 M
0Q
1?
b1 :
b101000 ;
0A
1(
#10620000
b1000 ,
0(
#10625000
1A
0>
1Q
1(
#10630000
b1001 ,
0(
#10635000
1!
b11 M
0Q
0?
b10 :
b101010 ;
0A
1(
#10640000
b1010 ,
0(
#10645000
1A
1>
1Q
1(
#10650000
b1011 ,
0(
#10655000
0!
b100 M
0Q
1?
b11 :
0A
1(
#10660000
b1100 ,
0(
#10665000
1A
0>
1Q
1(
#10670000
b1101 ,
0(
#10675000
1!
b101 M
0Q
0?
b100 :
0A
1(
#10680000
b1110 ,
0(
#10685000
1A
1>
1Q
1(
#10690000
b1111 ,
0(
#10695000
0!
b110 M
0Q
1?
b101 :
0A
1(
#10700000
b10000 ,
0(
#10705000
1A
0>
1Q
1(
#10710000
b10001 ,
0(
#10715000
1!
b100 P
0Q
0?
b110 :
0A
1(
#10720000
b10010 ,
0(
#10725000
1A
1>
1Q
1(
#10730000
b10011 ,
0(
#10735000
0%
b0 P
0Q
1?
b100 @
0A
1(
#10740000
b10100 ,
0(
#10745000
1A
b0 M
1(
#10750000
b10101 ,
0(
#10755000
b0 @
1$
b101010 #
b101010 /
b101010 =
1"
0A
1(
#10760000
b10110 ,
0(
#10765000
b0 :
0$
0"
1(
#10770000
b101011 -
0(
#10775000
1(
#10780000
1)
b101011 +
b101011 .
b101011 D
0(
#10785000
0!
1%
b1 P
0O
b101011 N
1(
#10790000
b0 ,
0)
0(
#10795000
1Q
0>
1(
#10800000
b1 ,
0(
#10805000
0?
b10 P
0Q
1(
#10810000
b10 ,
0(
#10815000
1Q
b1 @
1(
#10820000
b11 ,
0(
#10825000
1!
b10 @
b11 P
0Q
1(
#10830000
b100 ,
0(
#10835000
1Q
1>
1A
1(
#10840000
b101 ,
0(
#10845000
b11 @
0<
0A
1?
b1 M
0Q
1(
#10850000
b110 ,
0(
#10855000
1Q
1A
1(
#10860000
b111 ,
0(
#10865000
0!
b1 :
b101011 ;
0A
b10 M
0Q
1(
#10870000
b1000 ,
0(
#10875000
1Q
0>
1A
1(
#10880000
b1001 ,
0(
#10885000
1!
b10 :
0A
0?
b11 M
0Q
1(
#10890000
b1010 ,
0(
#10895000
1Q
1>
1A
1(
#10900000
b1011 ,
0(
#10905000
0!
b11 :
0A
1?
b100 M
0Q
1(
#10910000
b1100 ,
0(
#10915000
1Q
0>
1A
1(
#10920000
b1101 ,
0(
#10925000
1!
b100 :
0A
0?
b101 M
0Q
1(
#10930000
b1110 ,
0(
#10935000
1Q
1>
1A
1(
#10940000
b1111 ,
0(
#10945000
0!
b101 :
0A
1?
b110 M
0Q
1(
#10950000
b10000 ,
0(
#10955000
1Q
0>
1A
1(
#10960000
b10001 ,
0(
#10965000
1!
b110 :
0A
0?
b100 P
0Q
1(
#10970000
b10010 ,
0(
#10975000
1Q
1>
1A
1(
#10980000
b10011 ,
0(
#10985000
b100 @
0A
1?
0%
b0 P
0Q
1(
#10990000
b10100 ,
0(
#10995000
b0 M
1A
1(
#11000000
b10101 ,
0(
#11005000
b0 @
1$
b101011 #
b101011 /
b101011 =
1"
0A
1(
#11010000
b10110 ,
0(
#11015000
b0 :
0$
0"
1(
#11020000
b101100 -
0(
#11025000
1(
#11030000
1)
b101100 +
b101100 .
b101100 D
0(
#11035000
0!
1%
b1 P
1O
b101100 N
1(
#11040000
b0 ,
0)
0(
#11045000
0>
1Q
1(
#11050000
b1 ,
0(
#11055000
1!
b10 P
0Q
0?
1(
#11060000
b10 ,
0(
#11065000
b1 @
1>
1Q
1(
#11070000
b11 ,
0(
#11075000
0!
b11 P
0Q
1?
b10 @
1(
#11080000
b100 ,
0(
#11085000
1A
0>
1Q
1(
#11090000
b101 ,
0(
#11095000
b1 M
0Q
0?
b11 @
1<
0A
1(
#11100000
b110 ,
0(
#11105000
1A
1Q
1(
#11110000
b111 ,
0(
#11115000
1!
b10 M
0Q
b1 :
b101010 ;
0A
1(
#11120000
b1000 ,
0(
#11125000
1A
1>
1Q
1(
#11130000
b1001 ,
0(
#11135000
b11 M
0Q
1?
b10 :
b101000 ;
0A
1(
#11140000
b1010 ,
0(
#11145000
1A
1Q
1(
#11150000
b1011 ,
0(
#11155000
0!
b100 M
0Q
b11 :
b101100 ;
0A
1(
#11160000
b1100 ,
0(
#11165000
1A
0>
1Q
1(
#11170000
b1101 ,
0(
#11175000
1!
b101 M
0Q
0?
b100 :
0A
1(
#11180000
b1110 ,
0(
#11185000
1A
1>
1Q
1(
#11190000
b1111 ,
0(
#11195000
0!
b110 M
0Q
1?
b101 :
0A
1(
#11200000
b10000 ,
0(
#11205000
1A
0>
1Q
1(
#11210000
b10001 ,
0(
#11215000
1!
b100 P
0Q
0?
b110 :
0A
1(
#11220000
b10010 ,
0(
#11225000
1A
1>
1Q
1(
#11230000
b10011 ,
0(
#11235000
0%
b0 P
0Q
1?
b100 @
0A
1(
#11240000
b10100 ,
0(
#11245000
1A
b0 M
1(
#11250000
b10101 ,
0(
#11255000
b0 @
1$
b101100 #
b101100 /
b101100 =
1"
0A
1(
#11260000
b10110 ,
0(
#11265000
b0 :
0$
0"
1(
#11270000
b101101 -
0(
#11275000
1(
#11280000
1)
b101101 +
b101101 .
b101101 D
0(
#11285000
0!
1%
b1 P
0O
b101101 N
1(
#11290000
b0 ,
0)
0(
#11295000
1Q
0>
1(
#11300000
b1 ,
0(
#11305000
0?
b10 P
0Q
1(
#11310000
b10 ,
0(
#11315000
1Q
b1 @
1(
#11320000
b11 ,
0(
#11325000
1!
b10 @
b11 P
0Q
1(
#11330000
b100 ,
0(
#11335000
1Q
1>
1A
1(
#11340000
b101 ,
0(
#11345000
0!
b11 @
0<
0A
1?
b1 M
0Q
1(
#11350000
b110 ,
0(
#11355000
1Q
0>
1A
1(
#11360000
b111 ,
0(
#11365000
1!
b1 :
b101101 ;
0A
0?
b10 M
0Q
1(
#11370000
b1000 ,
0(
#11375000
1Q
1>
1A
1(
#11380000
b1001 ,
0(
#11385000
b10 :
0A
1?
b11 M
0Q
1(
#11390000
b1010 ,
0(
#11395000
1Q
1A
1(
#11400000
b1011 ,
0(
#11405000
0!
b11 :
0A
b100 M
0Q
1(
#11410000
b1100 ,
0(
#11415000
1Q
0>
1A
1(
#11420000
b1101 ,
0(
#11425000
1!
b100 :
0A
0?
b101 M
0Q
1(
#11430000
b1110 ,
0(
#11435000
1Q
1>
1A
1(
#11440000
b1111 ,
0(
#11445000
0!
b101 :
0A
1?
b110 M
0Q
1(
#11450000
b10000 ,
0(
#11455000
1Q
0>
1A
1(
#11460000
b10001 ,
0(
#11465000
1!
b110 :
0A
0?
b100 P
0Q
1(
#11470000
b10010 ,
0(
#11475000
1Q
1>
1A
1(
#11480000
b10011 ,
0(
#11485000
b100 @
0A
1?
0%
b0 P
0Q
1(
#11490000
b10100 ,
0(
#11495000
b0 M
1A
1(
#11500000
b10101 ,
0(
#11505000
b0 @
1$
b101101 #
b101101 /
b101101 =
1"
0A
1(
#11510000
b10110 ,
0(
#11515000
b0 :
0$
0"
1(
#11520000
b101110 -
0(
#11525000
1(
#11530000
1)
b101110 +
b101110 .
b101110 D
0(
#11535000
0!
1%
b1 P
b101110 N
1(
#11540000
b0 ,
0)
0(
#11545000
0>
1Q
1(
#11550000
b1 ,
0(
#11555000
b10 P
0Q
0?
1(
#11560000
b10 ,
0(
#11565000
b1 @
1Q
1(
#11570000
b11 ,
0(
#11575000
b11 P
0Q
b10 @
1(
#11580000
b100 ,
0(
#11585000
1A
1Q
1(
#11590000
b101 ,
0(
#11595000
1!
b1 M
0Q
b11 @
0A
1(
#11600000
b110 ,
0(
#11605000
1A
1>
1Q
1(
#11610000
b111 ,
0(
#11615000
b10 M
0Q
1?
b1 :
b101100 ;
0A
1(
#11620000
b1000 ,
0(
#11625000
1A
1Q
1(
#11630000
b1001 ,
0(
#11635000
b11 M
0Q
b10 :
b101110 ;
0A
1(
#11640000
b1010 ,
0(
#11645000
1A
1Q
1(
#11650000
b1011 ,
0(
#11655000
0!
b100 M
0Q
b11 :
0A
1(
#11660000
b1100 ,
0(
#11665000
1A
0>
1Q
1(
#11670000
b1101 ,
0(
#11675000
1!
b101 M
0Q
0?
b100 :
0A
1(
#11680000
b1110 ,
0(
#11685000
1A
1>
1Q
1(
#11690000
b1111 ,
0(
#11695000
0!
b110 M
0Q
1?
b101 :
0A
1(
#11700000
b10000 ,
0(
#11705000
1A
0>
1Q
1(
#11710000
b10001 ,
0(
#11715000
1!
b100 P
0Q
0?
b110 :
0A
1(
#11720000
b10010 ,
0(
#11725000
1A
1>
1Q
1(
#11730000
b10011 ,
0(
#11735000
0%
b0 P
0Q
1?
b100 @
0A
1(
#11740000
b10100 ,
0(
#11745000
1A
b0 M
1(
#11750000
b10101 ,
0(
#11755000
b0 @
1$
b101110 #
b101110 /
b101110 =
1"
0A
1(
#11760000
b10110 ,
0(
#11765000
b0 :
0$
0"
1(
#11770000
b101111 -
0(
#11775000
1(
#11780000
1)
b101111 +
b101111 .
b101111 D
0(
#11785000
0!
1%
b1 P
1O
b101111 N
1(
#11790000
b0 ,
0)
0(
#11795000
1Q
0>
1(
#11800000
b1 ,
0(
#11805000
1!
0?
b10 P
0Q
1(
#11810000
b10 ,
0(
#11815000
1Q
1>
b1 @
1(
#11820000
b11 ,
0(
#11825000
b10 @
1?
b11 P
0Q
1(
#11830000
b100 ,
0(
#11835000
1Q
1A
1(
#11840000
b101 ,
0(
#11845000
b11 @
1<
0A
b1 M
0Q
1(
#11850000
b110 ,
0(
#11855000
1Q
1A
1(
#11860000
b111 ,
0(
#11865000
b1 :
b101111 ;
0A
b10 M
0Q
1(
#11870000
b1000 ,
0(
#11875000
1Q
1A
1(
#11880000
b1001 ,
0(
#11885000
b10 :
0A
b11 M
0Q
1(
#11890000
b1010 ,
0(
#11895000
1Q
1A
1(
#11900000
b1011 ,
0(
#11905000
0!
b11 :
0A
b100 M
0Q
1(
#11910000
b1100 ,
0(
#11915000
1Q
0>
1A
1(
#11920000
b1101 ,
0(
#11925000
1!
b100 :
0A
0?
b101 M
0Q
1(
#11930000
b1110 ,
0(
#11935000
1Q
1>
1A
1(
#11940000
b1111 ,
0(
#11945000
0!
b101 :
0A
1?
b110 M
0Q
1(
#11950000
b10000 ,
0(
#11955000
1Q
0>
1A
1(
#11960000
b10001 ,
0(
#11965000
1!
b110 :
0A
0?
b100 P
0Q
1(
#11970000
b10010 ,
0(
#11975000
1Q
1>
1A
1(
#11980000
b10011 ,
0(
#11985000
b100 @
0A
1?
0%
b0 P
0Q
1(
#11990000
b10100 ,
0(
#11995000
b0 M
1A
1(
#12000000
b10101 ,
0(
#12005000
b0 @
1$
b101111 #
b101111 /
b101111 =
1"
0A
1(
#12010000
b10110 ,
0(
#12015000
b0 :
0$
0"
1(
#12020000
b110000 -
0(
#12025000
1(
#12030000
1)
b110000 +
b110000 .
b110000 D
0(
#12035000
0!
1%
b1 P
0O
b110000 N
1(
#12040000
b0 ,
0)
0(
#12045000
0>
1Q
1(
#12050000
b1 ,
0(
#12055000
b10 P
0Q
0?
1(
#12060000
b10 ,
0(
#12065000
b1 @
1Q
1(
#12070000
b11 ,
0(
#12075000
b11 P
0Q
b10 @
1(
#12080000
b100 ,
0(
#12085000
1A
1Q
1(
#12090000
b101 ,
0(
#12095000
b1 M
0Q
b11 @
0<
0A
1(
#12100000
b110 ,
0(
#12105000
1A
1Q
1(
#12110000
b111 ,
0(
#12115000
b10 M
0Q
b1 :
b101110 ;
0A
1(
#12120000
b1000 ,
0(
#12125000
1A
1Q
1(
#12130000
b1001 ,
0(
#12135000
b11 M
0Q
b10 :
b101100 ;
0A
1(
#12140000
b1010 ,
0(
#12145000
1A
1Q
1(
#12150000
b1011 ,
0(
#12155000
1!
b100 M
0Q
b11 :
b101000 ;
0A
1(
#12160000
b1100 ,
0(
#12165000
1A
1>
1Q
1(
#12170000
b1101 ,
0(
#12175000
b101 M
0Q
1?
b100 :
b100000 ;
0A
1(
#12180000
b1110 ,
0(
#12185000
1A
1Q
1(
#12190000
b1111 ,
0(
#12195000
0!
b110 M
0Q
b101 :
b110000 ;
0A
1(
#12200000
b10000 ,
0(
#12205000
1A
0>
1Q
1(
#12210000
b10001 ,
0(
#12215000
1!
b100 P
0Q
0?
b110 :
0A
1(
#12220000
b10010 ,
0(
#12225000
1A
1>
1Q
1(
#12230000
b10011 ,
0(
#12235000
0%
b0 P
0Q
1?
b100 @
0A
1(
#12240000
b10100 ,
0(
#12245000
1A
b0 M
1(
#12250000
b10101 ,
0(
#12255000
b0 @
1$
b110000 #
b110000 /
b110000 =
1"
0A
1(
#12260000
b10110 ,
0(
#12265000
b0 :
0$
0"
1(
#12270000
b110001 -
0(
#12275000
1(
#12280000
1)
b110001 +
b110001 .
b110001 D
0(
#12285000
0!
1%
b1 P
1O
b110001 N
1(
#12290000
b0 ,
0)
0(
#12295000
1Q
0>
1(
#12300000
b1 ,
0(
#12305000
1!
0?
b10 P
0Q
1(
#12310000
b10 ,
0(
#12315000
1Q
1>
b1 @
1(
#12320000
b11 ,
0(
#12325000
b10 @
1?
b11 P
0Q
1(
#12330000
b100 ,
0(
#12335000
1Q
1A
1(
#12340000
b101 ,
0(
#12345000
0!
b11 @
1<
0A
b1 M
0Q
1(
#12350000
b110 ,
0(
#12355000
1Q
0>
1A
1(
#12360000
b111 ,
0(
#12365000
b1 :
b110001 ;
0A
0?
b10 M
0Q
1(
#12370000
b1000 ,
0(
#12375000
1Q
1A
1(
#12380000
b1001 ,
0(
#12385000
b10 :
0A
b11 M
0Q
1(
#12390000
b1010 ,
0(
#12395000
1Q
1A
1(
#12400000
b1011 ,
0(
#12405000
1!
b11 :
0A
b100 M
0Q
1(
#12410000
b1100 ,
0(
#12415000
1Q
1>
1A
1(
#12420000
b1101 ,
0(
#12425000
b100 :
0A
1?
b101 M
0Q
1(
#12430000
b1110 ,
0(
#12435000
1Q
1A
1(
#12440000
b1111 ,
0(
#12445000
0!
b101 :
0A
b110 M
0Q
1(
#12450000
b10000 ,
0(
#12455000
1Q
0>
1A
1(
#12460000
b10001 ,
0(
#12465000
1!
b110 :
0A
0?
b100 P
0Q
1(
#12470000
b10010 ,
0(
#12475000
1Q
1>
1A
1(
#12480000
b10011 ,
0(
#12485000
b100 @
0A
1?
0%
b0 P
0Q
1(
#12490000
b10100 ,
0(
#12495000
b0 M
1A
1(
#12500000
b10101 ,
0(
#12505000
b0 @
1$
b110001 #
b110001 /
b110001 =
1"
0A
1(
#12510000
b10110 ,
0(
#12515000
b0 :
0$
0"
1(
#12520000
b110010 -
0(
#12525000
1(
#12530000
1)
b110010 +
b110010 .
b110010 D
0(
#12535000
0!
1%
b1 P
b110010 N
1(
#12540000
b0 ,
0)
0(
#12545000
0>
1Q
1(
#12550000
b1 ,
0(
#12555000
1!
b10 P
0Q
0?
1(
#12560000
b10 ,
0(
#12565000
b1 @
1>
1Q
1(
#12570000
b11 ,
0(
#12575000
0!
b11 P
0Q
1?
b10 @
1(
#12580000
b100 ,
0(
#12585000
1A
0>
1Q
1(
#12590000
b101 ,
0(
#12595000
1!
b1 M
0Q
0?
b11 @
0A
1(
#12600000
b110 ,
0(
#12605000
1A
1>
1Q
1(
#12610000
b111 ,
0(
#12615000
0!
b10 M
0Q
1?
b1 :
b110000 ;
0A
1(
#12620000
b1000 ,
0(
#12625000
1A
0>
1Q
1(
#12630000
b1001 ,
0(
#12635000
b11 M
0Q
0?
b10 :
b110010 ;
0A
1(
#12640000
b1010 ,
0(
#12645000
1A
1Q
1(
#12650000
b1011 ,
0(
#12655000
1!
b100 M
0Q
b11 :
0A
1(
#12660000
b1100 ,
0(
#12665000
1A
1>
1Q
1(
#12670000
b1101 ,
0(
#12675000
b101 M
0Q
1?
b100 :
0A
1(
#12680000
b1110 ,
0(
#12685000
1A
1Q
1(
#12690000
b1111 ,
0(
#12695000
0!
b110 M
0Q
b101 :
0A
1(
#12700000
b10000 ,
0(
#12705000
1A
0>
1Q
1(
#12710000
b10001 ,
0(
#12715000
1!
b100 P
0Q
0?
b110 :
0A
1(
#12720000
b10010 ,
0(
#12725000
1A
1>
1Q
1(
#12730000
b10011 ,
0(
#12735000
0%
b0 P
0Q
1?
b100 @
0A
1(
#12740000
b10100 ,
0(
#12745000
1A
b0 M
1(
#12750000
b10101 ,
0(
#12755000
b0 @
1$
b110010 #
b110010 /
b110010 =
1"
0A
1(
#12760000
b10110 ,
0(
#12765000
b0 :
0$
0"
1(
#12770000
b110011 -
0(
#12775000
1(
#12780000
1)
b110011 +
b110011 .
b110011 D
0(
#12785000
0!
1%
b1 P
0O
b110011 N
1(
#12790000
b0 ,
0)
0(
#12795000
1Q
0>
1(
#12800000
b1 ,
0(
#12805000
0?
b10 P
0Q
1(
#12810000
b10 ,
0(
#12815000
1Q
b1 @
1(
#12820000
b11 ,
0(
#12825000
1!
b10 @
b11 P
0Q
1(
#12830000
b100 ,
0(
#12835000
1Q
1>
1A
1(
#12840000
b101 ,
0(
#12845000
b11 @
0<
0A
1?
b1 M
0Q
1(
#12850000
b110 ,
0(
#12855000
1Q
1A
1(
#12860000
b111 ,
0(
#12865000
0!
b1 :
b110011 ;
0A
b10 M
0Q
1(
#12870000
b1000 ,
0(
#12875000
1Q
0>
1A
1(
#12880000
b1001 ,
0(
#12885000
b10 :
0A
0?
b11 M
0Q
1(
#12890000
b1010 ,
0(
#12895000
1Q
1A
1(
#12900000
b1011 ,
0(
#12905000
1!
b11 :
0A
b100 M
0Q
1(
#12910000
b1100 ,
0(
#12915000
1Q
1>
1A
1(
#12920000
b1101 ,
0(
#12925000
b100 :
0A
1?
b101 M
0Q
1(
#12930000
b1110 ,
0(
#12935000
1Q
1A
1(
#12940000
b1111 ,
0(
#12945000
0!
b101 :
0A
b110 M
0Q
1(
#12950000
b10000 ,
0(
#12955000
1Q
0>
1A
1(
#12960000
b10001 ,
0(
#12965000
1!
b110 :
0A
0?
b100 P
0Q
1(
#12970000
b10010 ,
0(
#12975000
1Q
1>
1A
1(
#12980000
b10011 ,
0(
#12985000
b100 @
0A
1?
0%
b0 P
0Q
1(
#12990000
b10100 ,
0(
#12995000
b0 M
1A
1(
#13000000
b10101 ,
0(
#13005000
b0 @
1$
b110011 #
b110011 /
b110011 =
1"
0A
1(
#13010000
b10110 ,
0(
#13015000
b0 :
0$
0"
1(
#13020000
b110100 -
0(
#13025000
1(
#13030000
1)
b110100 +
b110100 .
b110100 D
0(
#13035000
0!
1%
b1 P
1O
b110100 N
1(
#13040000
b0 ,
0)
0(
#13045000
0>
1Q
1(
#13050000
b1 ,
0(
#13055000
1!
b10 P
0Q
0?
1(
#13060000
b10 ,
0(
#13065000
b1 @
1>
1Q
1(
#13070000
b11 ,
0(
#13075000
0!
b11 P
0Q
1?
b10 @
1(
#13080000
b100 ,
0(
#13085000
1A
0>
1Q
1(
#13090000
b101 ,
0(
#13095000
b1 M
0Q
0?
b11 @
1<
0A
1(
#13100000
b110 ,
0(
#13105000
1A
1Q
1(
#13110000
b111 ,
0(
#13115000
1!
b10 M
0Q
b1 :
b110010 ;
0A
1(
#13120000
b1000 ,
0(
#13125000
1A
1>
1Q
1(
#13130000
b1001 ,
0(
#13135000
0!
b11 M
0Q
1?
b10 :
b110000 ;
0A
1(
#13140000
b1010 ,
0(
#13145000
1A
0>
1Q
1(
#13150000
b1011 ,
0(
#13155000
1!
b100 M
0Q
0?
b11 :
b110100 ;
0A
1(
#13160000
b1100 ,
0(
#13165000
1A
1>
1Q
1(
#13170000
b1101 ,
0(
#13175000
b101 M
0Q
1?
b100 :
0A
1(
#13180000
b1110 ,
0(
#13185000
1A
1Q
1(
#13190000
b1111 ,
0(
#13195000
0!
b110 M
0Q
b101 :
0A
1(
#13200000
b10000 ,
0(
#13205000
1A
0>
1Q
1(
#13210000
b10001 ,
0(
#13215000
1!
b100 P
0Q
0?
b110 :
0A
1(
#13220000
b10010 ,
0(
#13225000
1A
1>
1Q
1(
#13230000
b10011 ,
0(
#13235000
0%
b0 P
0Q
1?
b100 @
0A
1(
#13240000
b10100 ,
0(
#13245000
1A
b0 M
1(
#13250000
b10101 ,
0(
#13255000
b0 @
1$
b110100 #
b110100 /
b110100 =
1"
0A
1(
#13260000
b10110 ,
0(
#13265000
b0 :
0$
0"
1(
#13270000
b110101 -
0(
#13275000
1(
#13280000
1)
b110101 +
b110101 .
b110101 D
0(
#13285000
0!
1%
b1 P
0O
b110101 N
1(
#13290000
b0 ,
0)
0(
#13295000
1Q
0>
1(
#13300000
b1 ,
0(
#13305000
0?
b10 P
0Q
1(
#13310000
b10 ,
0(
#13315000
1Q
b1 @
1(
#13320000
b11 ,
0(
#13325000
1!
b10 @
b11 P
0Q
1(
#13330000
b100 ,
0(
#13335000
1Q
1>
1A
1(
#13340000
b101 ,
0(
#13345000
0!
b11 @
0<
0A
1?
b1 M
0Q
1(
#13350000
b110 ,
0(
#13355000
1Q
0>
1A
1(
#13360000
b111 ,
0(
#13365000
1!
b1 :
b110101 ;
0A
0?
b10 M
0Q
1(
#13370000
b1000 ,
0(
#13375000
1Q
1>
1A
1(
#13380000
b1001 ,
0(
#13385000
0!
b10 :
0A
1?
b11 M
0Q
1(
#13390000
b1010 ,
0(
#13395000
1Q
0>
1A
1(
#13400000
b1011 ,
0(
#13405000
1!
b11 :
0A
0?
b100 M
0Q
1(
#13410000
b1100 ,
0(
#13415000
1Q
1>
1A
1(
#13420000
b1101 ,
0(
#13425000
b100 :
0A
1?
b101 M
0Q
1(
#13430000
b1110 ,
0(
#13435000
1Q
1A
1(
#13440000
b1111 ,
0(
#13445000
0!
b101 :
0A
b110 M
0Q
1(
#13450000
b10000 ,
0(
#13455000
1Q
0>
1A
1(
#13460000
b10001 ,
0(
#13465000
1!
b110 :
0A
0?
b100 P
0Q
1(
#13470000
b10010 ,
0(
#13475000
1Q
1>
1A
1(
#13480000
b10011 ,
0(
#13485000
b100 @
0A
1?
0%
b0 P
0Q
1(
#13490000
b10100 ,
0(
#13495000
b0 M
1A
1(
#13500000
b10101 ,
0(
#13505000
b0 @
1$
b110101 #
b110101 /
b110101 =
1"
0A
1(
#13510000
b10110 ,
0(
#13515000
b0 :
0$
0"
1(
#13520000
b110110 -
0(
#13525000
1(
#13530000
1)
b110110 +
b110110 .
b110110 D
0(
#13535000
0!
1%
b1 P
b110110 N
1(
#13540000
b0 ,
0)
0(
#13545000
0>
1Q
1(
#13550000
b1 ,
0(
#13555000
b10 P
0Q
0?
1(
#13560000
b10 ,
0(
#13565000
b1 @
1Q
1(
#13570000
b11 ,
0(
#13575000
b11 P
0Q
b10 @
1(
#13580000
b100 ,
0(
#13585000
1A
1Q
1(
#13590000
b101 ,
0(
#13595000
1!
b1 M
0Q
b11 @
0A
1(
#13600000
b110 ,
0(
#13605000
1A
1>
1Q
1(
#13610000
b111 ,
0(
#13615000
b10 M
0Q
1?
b1 :
b110100 ;
0A
1(
#13620000
b1000 ,
0(
#13625000
1A
1Q
1(
#13630000
b1001 ,
0(
#13635000
0!
b11 M
0Q
b10 :
b110110 ;
0A
1(
#13640000
b1010 ,
0(
#13645000
1A
0>
1Q
1(
#13650000
b1011 ,
0(
#13655000
1!
b100 M
0Q
0?
b11 :
0A
1(
#13660000
b1100 ,
0(
#13665000
1A
1>
1Q
1(
#13670000
b1101 ,
0(
#13675000
b101 M
0Q
1?
b100 :
0A
1(
#13680000
b1110 ,
0(
#13685000
1A
1Q
1(
#13690000
b1111 ,
0(
#13695000
0!
b110 M
0Q
b101 :
0A
1(
#13700000
b10000 ,
0(
#13705000
1A
0>
1Q
1(
#13710000
b10001 ,
0(
#13715000
1!
b100 P
0Q
0?
b110 :
0A
1(
#13720000
b10010 ,
0(
#13725000
1A
1>
1Q
1(
#13730000
b10011 ,
0(
#13735000
0%
b0 P
0Q
1?
b100 @
0A
1(
#13740000
b10100 ,
0(
#13745000
1A
b0 M
1(
#13750000
b10101 ,
0(
#13755000
b0 @
1$
b110110 #
b110110 /
b110110 =
1"
0A
1(
#13760000
b10110 ,
0(
#13765000
b0 :
0$
0"
1(
#13770000
b110111 -
0(
#13775000
1(
#13780000
1)
b110111 +
b110111 .
b110111 D
0(
#13785000
0!
1%
b1 P
1O
b110111 N
1(
#13790000
b0 ,
0)
0(
#13795000
1Q
0>
1(
#13800000
b1 ,
0(
#13805000
1!
0?
b10 P
0Q
1(
#13810000
b10 ,
0(
#13815000
1Q
1>
b1 @
1(
#13820000
b11 ,
0(
#13825000
b10 @
1?
b11 P
0Q
1(
#13830000
b100 ,
0(
#13835000
1Q
1A
1(
#13840000
b101 ,
0(
#13845000
b11 @
1<
0A
b1 M
0Q
1(
#13850000
b110 ,
0(
#13855000
1Q
1A
1(
#13860000
b111 ,
0(
#13865000
b1 :
b110111 ;
0A
b10 M
0Q
1(
#13870000
b1000 ,
0(
#13875000
1Q
1A
1(
#13880000
b1001 ,
0(
#13885000
0!
b10 :
0A
b11 M
0Q
1(
#13890000
b1010 ,
0(
#13895000
1Q
0>
1A
1(
#13900000
b1011 ,
0(
#13905000
1!
b11 :
0A
0?
b100 M
0Q
1(
#13910000
b1100 ,
0(
#13915000
1Q
1>
1A
1(
#13920000
b1101 ,
0(
#13925000
b100 :
0A
1?
b101 M
0Q
1(
#13930000
b1110 ,
0(
#13935000
1Q
1A
1(
#13940000
b1111 ,
0(
#13945000
0!
b101 :
0A
b110 M
0Q
1(
#13950000
b10000 ,
0(
#13955000
1Q
0>
1A
1(
#13960000
b10001 ,
0(
#13965000
1!
b110 :
0A
0?
b100 P
0Q
1(
#13970000
b10010 ,
0(
#13975000
1Q
1>
1A
1(
#13980000
b10011 ,
0(
#13985000
b100 @
0A
1?
0%
b0 P
0Q
1(
#13990000
b10100 ,
0(
#13995000
b0 M
1A
1(
#14000000
b10101 ,
0(
#14005000
b0 @
1$
b110111 #
b110111 /
b110111 =
1"
0A
1(
#14010000
b10110 ,
0(
#14015000
b0 :
0$
0"
1(
#14020000
b111000 -
0(
#14025000
1(
#14030000
1)
b111000 +
b111000 .
b111000 D
0(
#14035000
0!
1%
b1 P
b111000 N
1(
#14040000
b0 ,
0)
0(
#14045000
0>
1Q
1(
#14050000
b1 ,
0(
#14055000
1!
b10 P
0Q
0?
1(
#14060000
b10 ,
0(
#14065000
b1 @
1>
1Q
1(
#14070000
b11 ,
0(
#14075000
0!
b11 P
0Q
1?
b10 @
1(
#14080000
b100 ,
0(
#14085000
1A
0>
1Q
1(
#14090000
b101 ,
0(
#14095000
b1 M
0Q
0?
b11 @
0A
1(
#14100000
b110 ,
0(
#14105000
1A
1Q
1(
#14110000
b111 ,
0(
#14115000
b10 M
0Q
b1 :
b110110 ;
0A
1(
#14120000
b1000 ,
0(
#14125000
1A
1Q
1(
#14130000
b1001 ,
0(
#14135000
1!
b11 M
0Q
b10 :
b110100 ;
0A
1(
#14140000
b1010 ,
0(
#14145000
1A
1>
1Q
1(
#14150000
b1011 ,
0(
#14155000
b100 M
0Q
1?
b11 :
b110000 ;
0A
1(
#14160000
b1100 ,
0(
#14165000
1A
1Q
1(
#14170000
b1101 ,
0(
#14175000
b101 M
0Q
b100 :
b111000 ;
0A
1(
#14180000
b1110 ,
0(
#14185000
1A
1Q
1(
#14190000
b1111 ,
0(
#14195000
0!
b110 M
0Q
b101 :
0A
1(
#14200000
b10000 ,
0(
#14205000
1A
0>
1Q
1(
#14210000
b10001 ,
0(
#14215000
1!
b100 P
0Q
0?
b110 :
0A
1(
#14220000
b10010 ,
0(
#14225000
1A
1>
1Q
1(
#14230000
b10011 ,
0(
#14235000
0%
b0 P
0Q
1?
b100 @
0A
1(
#14240000
b10100 ,
0(
#14245000
1A
b0 M
1(
#14250000
b10101 ,
0(
#14255000
b0 @
1$
b111000 #
b111000 /
b111000 =
1"
0A
1(
#14260000
b10110 ,
0(
#14265000
b0 :
0$
0"
1(
#14270000
b111001 -
0(
#14275000
1(
#14280000
1)
b111001 +
b111001 .
b111001 D
0(
#14285000
0!
1%
b1 P
0O
b111001 N
1(
#14290000
b0 ,
0)
0(
#14295000
1Q
0>
1(
#14300000
b1 ,
0(
#14305000
0?
b10 P
0Q
1(
#14310000
b10 ,
0(
#14315000
1Q
b1 @
1(
#14320000
b11 ,
0(
#14325000
1!
b10 @
b11 P
0Q
1(
#14330000
b100 ,
0(
#14335000
1Q
1>
1A
1(
#14340000
b101 ,
0(
#14345000
0!
b11 @
0<
0A
1?
b1 M
0Q
1(
#14350000
b110 ,
0(
#14355000
1Q
0>
1A
1(
#14360000
b111 ,
0(
#14365000
b1 :
b111001 ;
0A
0?
b10 M
0Q
1(
#14370000
b1000 ,
0(
#14375000
1Q
1A
1(
#14380000
b1001 ,
0(
#14385000
1!
b10 :
0A
b11 M
0Q
1(
#14390000
b1010 ,
0(
#14395000
1Q
1>
1A
1(
#14400000
b1011 ,
0(
#14405000
b11 :
0A
1?
b100 M
0Q
1(
#14410000
b1100 ,
0(
#14415000
1Q
1A
1(
#14420000
b1101 ,
0(
#14425000
b100 :
0A
b101 M
0Q
1(
#14430000
b1110 ,
0(
#14435000
1Q
1A
1(
#14440000
b1111 ,
0(
#14445000
0!
b101 :
0A
b110 M
0Q
1(
#14450000
b10000 ,
0(
#14455000
1Q
0>
1A
1(
#14460000
b10001 ,
0(
#14465000
1!
b110 :
0A
0?
b100 P
0Q
1(
#14470000
b10010 ,
0(
#14475000
1Q
1>
1A
1(
#14480000
b10011 ,
0(
#14485000
b100 @
0A
1?
0%
b0 P
0Q
1(
#14490000
b10100 ,
0(
#14495000
b0 M
1A
1(
#14500000
b10101 ,
0(
#14505000
b0 @
1$
b111001 #
b111001 /
b111001 =
1"
0A
1(
#14510000
b10110 ,
0(
#14515000
b0 :
0$
0"
1(
#14520000
b111010 -
0(
#14525000
1(
#14530000
1)
b111010 +
b111010 .
b111010 D
0(
#14535000
0!
1%
b1 P
b111010 N
1(
#14540000
b0 ,
0)
0(
#14545000
0>
1Q
1(
#14550000
b1 ,
0(
#14555000
b10 P
0Q
0?
1(
#14560000
b10 ,
0(
#14565000
b1 @
1Q
1(
#14570000
b11 ,
0(
#14575000
b11 P
0Q
b10 @
1(
#14580000
b100 ,
0(
#14585000
1A
1Q
1(
#14590000
b101 ,
0(
#14595000
1!
b1 M
0Q
b11 @
0A
1(
#14600000
b110 ,
0(
#14605000
1A
1>
1Q
1(
#14610000
b111 ,
0(
#14615000
0!
b10 M
0Q
1?
b1 :
b111000 ;
0A
1(
#14620000
b1000 ,
0(
#14625000
1A
0>
1Q
1(
#14630000
b1001 ,
0(
#14635000
1!
b11 M
0Q
0?
b10 :
b111010 ;
0A
1(
#14640000
b1010 ,
0(
#14645000
1A
1>
1Q
1(
#14650000
b1011 ,
0(
#14655000
b100 M
0Q
1?
b11 :
0A
1(
#14660000
b1100 ,
0(
#14665000
1A
1Q
1(
#14670000
b1101 ,
0(
#14675000
b101 M
0Q
b100 :
0A
1(
#14680000
b1110 ,
0(
#14685000
1A
1Q
1(
#14690000
b1111 ,
0(
#14695000
0!
b110 M
0Q
b101 :
0A
1(
#14700000
b10000 ,
0(
#14705000
1A
0>
1Q
1(
#14710000
b10001 ,
0(
#14715000
1!
b100 P
0Q
0?
b110 :
0A
1(
#14720000
b10010 ,
0(
#14725000
1A
1>
1Q
1(
#14730000
b10011 ,
0(
#14735000
0%
b0 P
0Q
1?
b100 @
0A
1(
#14740000
b10100 ,
0(
#14745000
1A
b0 M
1(
#14750000
b10101 ,
0(
#14755000
b0 @
1$
b111010 #
b111010 /
b111010 =
1"
0A
1(
#14760000
b10110 ,
0(
#14765000
b0 :
0$
0"
1(
#14770000
b111011 -
0(
#14775000
1(
#14780000
1)
b111011 +
b111011 .
b111011 D
0(
#14785000
0!
1%
b1 P
1O
b111011 N
1(
#14790000
b0 ,
0)
0(
#14795000
1Q
0>
1(
#14800000
b1 ,
0(
#14805000
1!
0?
b10 P
0Q
1(
#14810000
b10 ,
0(
#14815000
1Q
1>
b1 @
1(
#14820000
b11 ,
0(
#14825000
b10 @
1?
b11 P
0Q
1(
#14830000
b100 ,
0(
#14835000
1Q
1A
1(
#14840000
b101 ,
0(
#14845000
b11 @
1<
0A
b1 M
0Q
1(
#14850000
b110 ,
0(
#14855000
1Q
1A
1(
#14860000
b111 ,
0(
#14865000
0!
b1 :
b111011 ;
0A
b10 M
0Q
1(
#14870000
b1000 ,
0(
#14875000
1Q
0>
1A
1(
#14880000
b1001 ,
0(
#14885000
1!
b10 :
0A
0?
b11 M
0Q
1(
#14890000
b1010 ,
0(
#14895000
1Q
1>
1A
1(
#14900000
b1011 ,
0(
#14905000
b11 :
0A
1?
b100 M
0Q
1(
#14910000
b1100 ,
0(
#14915000
1Q
1A
1(
#14920000
b1101 ,
0(
#14925000
b100 :
0A
b101 M
0Q
1(
#14930000
b1110 ,
0(
#14935000
1Q
1A
1(
#14940000
b1111 ,
0(
#14945000
0!
b101 :
0A
b110 M
0Q
1(
#14950000
b10000 ,
0(
#14955000
1Q
0>
1A
1(
#14960000
b10001 ,
0(
#14965000
1!
b110 :
0A
0?
b100 P
0Q
1(
#14970000
b10010 ,
0(
#14975000
1Q
1>
1A
1(
#14980000
b10011 ,
0(
#14985000
b100 @
0A
1?
0%
b0 P
0Q
1(
#14990000
b10100 ,
0(
#14995000
b0 M
1A
1(
#15000000
b10101 ,
0(
#15005000
b0 @
1$
b111011 #
b111011 /
b111011 =
1"
0A
1(
#15010000
b10110 ,
0(
#15015000
b0 :
0$
0"
1(
#15020000
b111100 -
0(
#15025000
1(
#15030000
1)
b111100 +
b111100 .
b111100 D
0(
#15035000
0!
1%
b1 P
0O
b111100 N
1(
#15040000
b0 ,
0)
0(
#15045000
0>
1Q
1(
#15050000
b1 ,
0(
#15055000
b10 P
0Q
0?
1(
#15060000
b10 ,
0(
#15065000
b1 @
1Q
1(
#15070000
b11 ,
0(
#15075000
b11 P
0Q
b10 @
1(
#15080000
b100 ,
0(
#15085000
1A
1Q
1(
#15090000
b101 ,
0(
#15095000
b1 M
0Q
b11 @
0<
0A
1(
#15100000
b110 ,
0(
#15105000
1A
1Q
1(
#15110000
b111 ,
0(
#15115000
1!
b10 M
0Q
b1 :
b111010 ;
0A
1(
#15120000
b1000 ,
0(
#15125000
1A
1>
1Q
1(
#15130000
b1001 ,
0(
#15135000
b11 M
0Q
1?
b10 :
b111000 ;
0A
1(
#15140000
b1010 ,
0(
#15145000
1A
1Q
1(
#15150000
b1011 ,
0(
#15155000
b100 M
0Q
b11 :
b111100 ;
0A
1(
#15160000
b1100 ,
0(
#15165000
1A
1Q
1(
#15170000
b1101 ,
0(
#15175000
b101 M
0Q
b100 :
0A
1(
#15180000
b1110 ,
0(
#15185000
1A
1Q
1(
#15190000
b1111 ,
0(
#15195000
0!
b110 M
0Q
b101 :
0A
1(
#15200000
b10000 ,
0(
#15205000
1A
0>
1Q
1(
#15210000
b10001 ,
0(
#15215000
1!
b100 P
0Q
0?
b110 :
0A
1(
#15220000
b10010 ,
0(
#15225000
1A
1>
1Q
1(
#15230000
b10011 ,
0(
#15235000
0%
b0 P
0Q
1?
b100 @
0A
1(
#15240000
b10100 ,
0(
#15245000
1A
b0 M
1(
#15250000
b10101 ,
0(
#15255000
b0 @
1$
b111100 #
b111100 /
b111100 =
1"
0A
1(
#15260000
b10110 ,
0(
#15265000
b0 :
0$
0"
1(
#15270000
b111101 -
0(
#15275000
1(
#15280000
1)
b111101 +
b111101 .
b111101 D
0(
#15285000
0!
1%
b1 P
1O
b111101 N
1(
#15290000
b0 ,
0)
0(
#15295000
1Q
0>
1(
#15300000
b1 ,
0(
#15305000
1!
0?
b10 P
0Q
1(
#15310000
b10 ,
0(
#15315000
1Q
1>
b1 @
1(
#15320000
b11 ,
0(
#15325000
b10 @
1?
b11 P
0Q
1(
#15330000
b100 ,
0(
#15335000
1Q
1A
1(
#15340000
b101 ,
0(
#15345000
0!
b11 @
1<
0A
b1 M
0Q
1(
#15350000
b110 ,
0(
#15355000
1Q
0>
1A
1(
#15360000
b111 ,
0(
#15365000
1!
b1 :
b111101 ;
0A
0?
b10 M
0Q
1(
#15370000
b1000 ,
0(
#15375000
1Q
1>
1A
1(
#15380000
b1001 ,
0(
#15385000
b10 :
0A
1?
b11 M
0Q
1(
#15390000
b1010 ,
0(
#15395000
1Q
1A
1(
#15400000
b1011 ,
0(
#15405000
b11 :
0A
b100 M
0Q
1(
#15410000
b1100 ,
0(
#15415000
1Q
1A
1(
#15420000
b1101 ,
0(
#15425000
b100 :
0A
b101 M
0Q
1(
#15430000
b1110 ,
0(
#15435000
1Q
1A
1(
#15440000
b1111 ,
0(
#15445000
0!
b101 :
0A
b110 M
0Q
1(
#15450000
b10000 ,
0(
#15455000
1Q
0>
1A
1(
#15460000
b10001 ,
0(
#15465000
1!
b110 :
0A
0?
b100 P
0Q
1(
#15470000
b10010 ,
0(
#15475000
1Q
1>
1A
1(
#15480000
b10011 ,
0(
#15485000
b100 @
0A
1?
0%
b0 P
0Q
1(
#15490000
b10100 ,
0(
#15495000
b0 M
1A
1(
#15500000
b10101 ,
0(
#15505000
b0 @
1$
b111101 #
b111101 /
b111101 =
1"
0A
1(
#15510000
b10110 ,
0(
#15515000
b0 :
0$
0"
1(
#15520000
b111110 -
0(
#15525000
1(
#15530000
1)
b111110 +
b111110 .
b111110 D
0(
#15535000
0!
1%
b1 P
b111110 N
1(
#15540000
b0 ,
0)
0(
#15545000
0>
1Q
1(
#15550000
b1 ,
0(
#15555000
1!
b10 P
0Q
0?
1(
#15560000
b10 ,
0(
#15565000
b1 @
1>
1Q
1(
#15570000
b11 ,
0(
#15575000
0!
b11 P
0Q
1?
b10 @
1(
#15580000
b100 ,
0(
#15585000
1A
0>
1Q
1(
#15590000
b101 ,
0(
#15595000
1!
b1 M
0Q
0?
b11 @
0A
1(
#15600000
b110 ,
0(
#15605000
1A
1>
1Q
1(
#15610000
b111 ,
0(
#15615000
b10 M
0Q
1?
b1 :
b111100 ;
0A
1(
#15620000
b1000 ,
0(
#15625000
1A
1Q
1(
#15630000
b1001 ,
0(
#15635000
b11 M
0Q
b10 :
b111110 ;
0A
1(
#15640000
b1010 ,
0(
#15645000
1A
1Q
1(
#15650000
b1011 ,
0(
#15655000
b100 M
0Q
b11 :
0A
1(
#15660000
b1100 ,
0(
#15665000
1A
1Q
1(
#15670000
b1101 ,
0(
#15675000
b101 M
0Q
b100 :
0A
1(
#15680000
b1110 ,
0(
#15685000
1A
1Q
1(
#15690000
b1111 ,
0(
#15695000
0!
b110 M
0Q
b101 :
0A
1(
#15700000
b10000 ,
0(
#15705000
1A
0>
1Q
1(
#15710000
b10001 ,
0(
#15715000
1!
b100 P
0Q
0?
b110 :
0A
1(
#15720000
b10010 ,
0(
#15725000
1A
1>
1Q
1(
#15730000
b10011 ,
0(
#15735000
0%
b0 P
0Q
1?
b100 @
0A
1(
#15740000
b10100 ,
0(
#15745000
1A
b0 M
1(
#15750000
b10101 ,
0(
#15755000
b0 @
1$
b111110 #
b111110 /
b111110 =
1"
0A
1(
#15760000
b10110 ,
0(
#15765000
b0 :
0$
0"
1(
#15770000
b111111 -
0(
#15775000
1(
#15780000
1)
b111111 +
b111111 .
b111111 D
0(
#15785000
0!
1%
b1 P
0O
b111111 N
1(
#15790000
b0 ,
0)
0(
#15795000
1Q
0>
1(
#15800000
b1 ,
0(
#15805000
0?
b10 P
0Q
1(
#15810000
b10 ,
0(
#15815000
1Q
b1 @
1(
#15820000
b11 ,
0(
#15825000
1!
b10 @
b11 P
0Q
1(
#15830000
b100 ,
0(
#15835000
1Q
1>
1A
1(
#15840000
b101 ,
0(
#15845000
b11 @
0<
0A
1?
b1 M
0Q
1(
#15850000
b110 ,
0(
#15855000
1Q
1A
1(
#15860000
b111 ,
0(
#15865000
b1 :
b111111 ;
0A
b10 M
0Q
1(
#15870000
b1000 ,
0(
#15875000
1Q
1A
1(
#15880000
b1001 ,
0(
#15885000
b10 :
0A
b11 M
0Q
1(
#15890000
b1010 ,
0(
#15895000
1Q
1A
1(
#15900000
b1011 ,
0(
#15905000
b11 :
0A
b100 M
0Q
1(
#15910000
b1100 ,
0(
#15915000
1Q
1A
1(
#15920000
b1101 ,
0(
#15925000
b100 :
0A
b101 M
0Q
1(
#15930000
b1110 ,
0(
#15935000
1Q
1A
1(
#15940000
b1111 ,
0(
#15945000
0!
b101 :
0A
b110 M
0Q
1(
#15950000
b10000 ,
0(
#15955000
1Q
0>
1A
1(
#15960000
b10001 ,
0(
#15965000
1!
b110 :
0A
0?
b100 P
0Q
1(
#15970000
b10010 ,
0(
#15975000
1Q
1>
1A
1(
#15980000
b10011 ,
0(
#15985000
b100 @
0A
1?
0%
b0 P
0Q
1(
#15990000
b10100 ,
0(
#15995000
b0 M
1A
1(
#16000000
b10101 ,
0(
#16005000
b0 @
1$
b111111 #
b111111 /
b111111 =
1"
0A
1(
#16010000
b10110 ,
0(
#16015000
b0 :
0$
0"
1(
#16020000
b1000000 -
0(
#16025000
1(
#16030000
1)
b1000000 +
b1000000 .
b1000000 D
0(
#16035000
0!
1%
b1 P
1O
b1000000 N
1(
#16040000
b0 ,
0)
0(
#16045000
0>
1Q
1(
#16050000
b1 ,
0(
#16055000
1!
b10 P
0Q
0?
1(
#16060000
b10 ,
0(
#16065000
b1 @
1>
1Q
1(
#16070000
b11 ,
0(
#16075000
0!
b11 P
0Q
1?
b10 @
1(
#16080000
b100 ,
0(
#16085000
1A
0>
1Q
1(
#16090000
b101 ,
0(
#16095000
b1 M
0Q
0?
b11 @
1<
0A
1(
#16100000
b110 ,
0(
#16105000
1A
1Q
1(
#16110000
b111 ,
0(
#16115000
b10 M
0Q
b1 :
b111110 ;
0A
1(
#16120000
b1000 ,
0(
#16125000
1A
1Q
1(
#16130000
b1001 ,
0(
#16135000
b11 M
0Q
b10 :
b111100 ;
0A
1(
#16140000
b1010 ,
0(
#16145000
1A
1Q
1(
#16150000
b1011 ,
0(
#16155000
b100 M
0Q
b11 :
b111000 ;
0A
1(
#16160000
b1100 ,
0(
#16165000
1A
1Q
1(
#16170000
b1101 ,
0(
#16175000
b101 M
0Q
b100 :
b110000 ;
0A
1(
#16180000
b1110 ,
0(
#16185000
1A
1Q
1(
#16190000
b1111 ,
0(
#16195000
1!
b110 M
0Q
b101 :
b100000 ;
0A
1(
#16200000
b10000 ,
0(
#16205000
1A
1>
1Q
1(
#16210000
b10001 ,
0(
#16215000
b100 P
0Q
1?
b110 :
b0 ;
0A
1(
#16220000
b10010 ,
0(
#16225000
1A
1Q
1(
#16230000
b10011 ,
0(
#16235000
0%
b0 P
0Q
b100 @
b1000000 ;
0A
1(
#16240000
b10100 ,
0(
#16245000
1A
b0 M
1(
#16250000
b10101 ,
0(
#16255000
b0 @
1$
b1000000 #
b1000000 /
b1000000 =
1"
0A
1(
#16260000
b10110 ,
0(
#16265000
b0 :
0$
0"
1(
#16270000
b1000001 -
0(
#16275000
1(
#16280000
1)
b1000001 +
b1000001 .
b1000001 D
0(
#16285000
0!
1%
b1 P
0O
b1000001 N
1(
#16290000
b0 ,
0)
0(
#16295000
1Q
0>
1(
#16300000
b1 ,
0(
#16305000
0?
b10 P
0Q
1(
#16310000
b10 ,
0(
#16315000
1Q
b1 @
1(
#16320000
b11 ,
0(
#16325000
1!
b10 @
b11 P
0Q
1(
#16330000
b100 ,
0(
#16335000
1Q
1>
1A
1(
#16340000
b101 ,
0(
#16345000
0!
b11 @
0<
0A
1?
b1 M
0Q
1(
#16350000
b110 ,
0(
#16355000
1Q
0>
1A
1(
#16360000
b111 ,
0(
#16365000
b1 :
b1000001 ;
0A
0?
b10 M
0Q
1(
#16370000
b1000 ,
0(
#16375000
1Q
1A
1(
#16380000
b1001 ,
0(
#16385000
b10 :
0A
b11 M
0Q
1(
#16390000
b1010 ,
0(
#16395000
1Q
1A
1(
#16400000
b1011 ,
0(
#16405000
b11 :
0A
b100 M
0Q
1(
#16410000
b1100 ,
0(
#16415000
1Q
1A
1(
#16420000
b1101 ,
0(
#16425000
b100 :
0A
b101 M
0Q
1(
#16430000
b1110 ,
0(
#16435000
1Q
1A
1(
#16440000
b1111 ,
0(
#16445000
1!
b101 :
0A
b110 M
0Q
1(
#16450000
b10000 ,
0(
#16455000
1Q
1>
1A
1(
#16460000
b10001 ,
0(
#16465000
b110 :
0A
1?
b100 P
0Q
1(
#16470000
b10010 ,
0(
#16475000
1Q
1A
1(
#16480000
b10011 ,
0(
#16485000
b100 @
0A
0%
b0 P
0Q
1(
#16490000
b10100 ,
0(
#16495000
b0 M
1A
1(
#16500000
b10101 ,
0(
#16505000
b0 @
1$
b1000001 #
b1000001 /
b1000001 =
1"
0A
1(
#16510000
b10110 ,
0(
#16515000
b0 :
0$
0"
1(
#16520000
b1000010 -
0(
#16525000
1(
#16530000
1)
b1000010 +
b1000010 .
b1000010 D
0(
#16535000
0!
1%
b1 P
b1000010 N
1(
#16540000
b0 ,
0)
0(
#16545000
0>
1Q
1(
#16550000
b1 ,
0(
#16555000
b10 P
0Q
0?
1(
#16560000
b10 ,
0(
#16565000
b1 @
1Q
1(
#16570000
b11 ,
0(
#16575000
b11 P
0Q
b10 @
1(
#16580000
b100 ,
0(
#16585000
1A
1Q
1(
#16590000
b101 ,
0(
#16595000
1!
b1 M
0Q
b11 @
0A
1(
#16600000
b110 ,
0(
#16605000
1A
1>
1Q
1(
#16610000
b111 ,
0(
#16615000
0!
b10 M
0Q
1?
b1 :
b1000000 ;
0A
1(
#16620000
b1000 ,
0(
#16625000
1A
0>
1Q
1(
#16630000
b1001 ,
0(
#16635000
b11 M
0Q
0?
b10 :
b1000010 ;
0A
1(
#16640000
b1010 ,
0(
#16645000
1A
1Q
1(
#16650000
b1011 ,
0(
#16655000
b100 M
0Q
b11 :
0A
1(
#16660000
b1100 ,
0(
#16665000
1A
1Q
1(
#16670000
b1101 ,
0(
#16675000
b101 M
0Q
b100 :
0A
1(
#16680000
b1110 ,
0(
#16685000
1A
1Q
1(
#16690000
b1111 ,
0(
#16695000
1!
b110 M
0Q
b101 :
0A
1(
#16700000
b10000 ,
0(
#16705000
1A
1>
1Q
1(
#16710000
b10001 ,
0(
#16715000
b100 P
0Q
1?
b110 :
0A
1(
#16720000
b10010 ,
0(
#16725000
1A
1Q
1(
#16730000
b10011 ,
0(
#16735000
0%
b0 P
0Q
b100 @
0A
1(
#16740000
b10100 ,
0(
#16745000
1A
b0 M
1(
#16750000
b10101 ,
0(
#16755000
b0 @
1$
b1000010 #
b1000010 /
b1000010 =
1"
0A
1(
#16760000
b10110 ,
0(
#16765000
b0 :
0$
0"
1(
#16770000
b1000011 -
0(
#16775000
1(
#16780000
1)
b1000011 +
b1000011 .
b1000011 D
0(
#16785000
0!
1%
b1 P
1O
b1000011 N
1(
#16790000
b0 ,
0)
0(
#16795000
1Q
0>
1(
#16800000
b1 ,
0(
#16805000
1!
0?
b10 P
0Q
1(
#16810000
b10 ,
0(
#16815000
1Q
1>
b1 @
1(
#16820000
b11 ,
0(
#16825000
b10 @
1?
b11 P
0Q
1(
#16830000
b100 ,
0(
#16835000
1Q
1A
1(
#16840000
b101 ,
0(
#16845000
b11 @
1<
0A
b1 M
0Q
1(
#16850000
b110 ,
0(
#16855000
1Q
1A
1(
#16860000
b111 ,
0(
#16865000
0!
b1 :
b1000011 ;
0A
b10 M
0Q
1(
#16870000
b1000 ,
0(
#16875000
1Q
0>
1A
1(
#16880000
b1001 ,
0(
#16885000
b10 :
0A
0?
b11 M
0Q
1(
#16890000
b1010 ,
0(
#16895000
1Q
1A
1(
#16900000
b1011 ,
0(
#16905000
b11 :
0A
b100 M
0Q
1(
#16910000
b1100 ,
0(
#16915000
1Q
1A
1(
#16920000
b1101 ,
0(
#16925000
b100 :
0A
b101 M
0Q
1(
#16930000
b1110 ,
0(
#16935000
1Q
1A
1(
#16940000
b1111 ,
0(
#16945000
1!
b101 :
0A
b110 M
0Q
1(
#16950000
b10000 ,
0(
#16955000
1Q
1>
1A
1(
#16960000
b10001 ,
0(
#16965000
b110 :
0A
1?
b100 P
0Q
1(
#16970000
b10010 ,
0(
#16975000
1Q
1A
1(
#16980000
b10011 ,
0(
#16985000
b100 @
0A
0%
b0 P
0Q
1(
#16990000
b10100 ,
0(
#16995000
b0 M
1A
1(
#17000000
b10101 ,
0(
#17005000
b0 @
1$
b1000011 #
b1000011 /
b1000011 =
1"
0A
1(
#17010000
b10110 ,
0(
#17015000
b0 :
0$
0"
1(
#17020000
b1000100 -
0(
#17025000
1(
#17030000
1)
b1000100 +
b1000100 .
b1000100 D
0(
#17035000
0!
1%
b1 P
0O
b1000100 N
1(
#17040000
b0 ,
0)
0(
#17045000
0>
1Q
1(
#17050000
b1 ,
0(
#17055000
b10 P
0Q
0?
1(
#17060000
b10 ,
0(
#17065000
b1 @
1Q
1(
#17070000
b11 ,
0(
#17075000
b11 P
0Q
b10 @
1(
#17080000
b100 ,
0(
#17085000
1A
1Q
1(
#17090000
b101 ,
0(
#17095000
b1 M
0Q
b11 @
0<
0A
1(
#17100000
b110 ,
0(
#17105000
1A
1Q
1(
#17110000
b111 ,
0(
#17115000
1!
b10 M
0Q
b1 :
b1000010 ;
0A
1(
#17120000
b1000 ,
0(
#17125000
1A
1>
1Q
1(
#17130000
b1001 ,
0(
#17135000
0!
b11 M
0Q
1?
b10 :
b1000000 ;
0A
1(
#17140000
b1010 ,
0(
#17145000
1A
0>
1Q
1(
#17150000
b1011 ,
0(
#17155000
b100 M
0Q
0?
b11 :
b1000100 ;
0A
1(
#17160000
b1100 ,
0(
#17165000
1A
1Q
1(
#17170000
b1101 ,
0(
#17175000
b101 M
0Q
b100 :
0A
1(
#17180000
b1110 ,
0(
#17185000
1A
1Q
1(
#17190000
b1111 ,
0(
#17195000
1!
b110 M
0Q
b101 :
0A
1(
#17200000
b10000 ,
0(
#17205000
1A
1>
1Q
1(
#17210000
b10001 ,
0(
#17215000
b100 P
0Q
1?
b110 :
0A
1(
#17220000
b10010 ,
0(
#17225000
1A
1Q
1(
#17230000
b10011 ,
0(
#17235000
0%
b0 P
0Q
b100 @
0A
1(
#17240000
b10100 ,
0(
#17245000
1A
b0 M
1(
#17250000
b10101 ,
0(
#17255000
b0 @
1$
b1000100 #
b1000100 /
b1000100 =
1"
0A
1(
#17260000
b10110 ,
0(
#17265000
b0 :
0$
0"
1(
#17270000
b1000101 -
0(
#17275000
1(
#17280000
1)
b1000101 +
b1000101 .
b1000101 D
0(
#17285000
0!
1%
b1 P
1O
b1000101 N
1(
#17290000
b0 ,
0)
0(
#17295000
1Q
0>
1(
#17300000
b1 ,
0(
#17305000
1!
0?
b10 P
0Q
1(
#17310000
b10 ,
0(
#17315000
1Q
1>
b1 @
1(
#17320000
b11 ,
0(
#17325000
b10 @
1?
b11 P
0Q
1(
#17330000
b100 ,
0(
#17335000
1Q
1A
1(
#17340000
b101 ,
0(
#17345000
0!
b11 @
1<
0A
b1 M
0Q
1(
#17350000
b110 ,
0(
#17355000
1Q
0>
1A
1(
#17360000
b111 ,
0(
#17365000
1!
b1 :
b1000101 ;
0A
0?
b10 M
0Q
1(
#17370000
b1000 ,
0(
#17375000
1Q
1>
1A
1(
#17380000
b1001 ,
0(
#17385000
0!
b10 :
0A
1?
b11 M
0Q
1(
#17390000
b1010 ,
0(
#17395000
1Q
0>
1A
1(
#17400000
b1011 ,
0(
#17405000
b11 :
0A
0?
b100 M
0Q
1(
#17410000
b1100 ,
0(
#17415000
1Q
1A
1(
#17420000
b1101 ,
0(
#17425000
b100 :
0A
b101 M
0Q
1(
#17430000
b1110 ,
0(
#17435000
1Q
1A
1(
#17440000
b1111 ,
0(
#17445000
1!
b101 :
0A
b110 M
0Q
1(
#17450000
b10000 ,
0(
#17455000
1Q
1>
1A
1(
#17460000
b10001 ,
0(
#17465000
b110 :
0A
1?
b100 P
0Q
1(
#17470000
b10010 ,
0(
#17475000
1Q
1A
1(
#17480000
b10011 ,
0(
#17485000
b100 @
0A
0%
b0 P
0Q
1(
#17490000
b10100 ,
0(
#17495000
b0 M
1A
1(
#17500000
b10101 ,
0(
#17505000
b0 @
1$
b1000101 #
b1000101 /
b1000101 =
1"
0A
1(
#17510000
b10110 ,
0(
#17515000
b0 :
0$
0"
1(
#17520000
b1000110 -
0(
#17525000
1(
#17530000
1)
b1000110 +
b1000110 .
b1000110 D
0(
#17535000
0!
1%
b1 P
b1000110 N
1(
#17540000
b0 ,
0)
0(
#17545000
0>
1Q
1(
#17550000
b1 ,
0(
#17555000
1!
b10 P
0Q
0?
1(
#17560000
b10 ,
0(
#17565000
b1 @
1>
1Q
1(
#17570000
b11 ,
0(
#17575000
0!
b11 P
0Q
1?
b10 @
1(
#17580000
b100 ,
0(
#17585000
1A
0>
1Q
1(
#17590000
b101 ,
0(
#17595000
1!
b1 M
0Q
0?
b11 @
0A
1(
#17600000
b110 ,
0(
#17605000
1A
1>
1Q
1(
#17610000
b111 ,
0(
#17615000
b10 M
0Q
1?
b1 :
b1000100 ;
0A
1(
#17620000
b1000 ,
0(
#17625000
1A
1Q
1(
#17630000
b1001 ,
0(
#17635000
0!
b11 M
0Q
b10 :
b1000110 ;
0A
1(
#17640000
b1010 ,
0(
#17645000
1A
0>
1Q
1(
#17650000
b1011 ,
0(
#17655000
b100 M
0Q
0?
b11 :
0A
1(
#17660000
b1100 ,
0(
#17665000
1A
1Q
1(
#17670000
b1101 ,
0(
#17675000
b101 M
0Q
b100 :
0A
1(
#17680000
b1110 ,
0(
#17685000
1A
1Q
1(
#17690000
b1111 ,
0(
#17695000
1!
b110 M
0Q
b101 :
0A
1(
#17700000
b10000 ,
0(
#17705000
1A
1>
1Q
1(
#17710000
b10001 ,
0(
#17715000
b100 P
0Q
1?
b110 :
0A
1(
#17720000
b10010 ,
0(
#17725000
1A
1Q
1(
#17730000
b10011 ,
0(
#17735000
0%
b0 P
0Q
b100 @
0A
1(
#17740000
b10100 ,
0(
#17745000
1A
b0 M
1(
#17750000
b10101 ,
0(
#17755000
b0 @
1$
b1000110 #
b1000110 /
b1000110 =
1"
0A
1(
#17760000
b10110 ,
0(
#17765000
b0 :
0$
0"
1(
#17770000
b1000111 -
0(
#17775000
1(
#17780000
1)
b1000111 +
b1000111 .
b1000111 D
0(
#17785000
0!
1%
b1 P
0O
b1000111 N
1(
#17790000
b0 ,
0)
0(
#17795000
1Q
0>
1(
#17800000
b1 ,
0(
#17805000
0?
b10 P
0Q
1(
#17810000
b10 ,
0(
#17815000
1Q
b1 @
1(
#17820000
b11 ,
0(
#17825000
1!
b10 @
b11 P
0Q
1(
#17830000
b100 ,
0(
#17835000
1Q
1>
1A
1(
#17840000
b101 ,
0(
#17845000
b11 @
0<
0A
1?
b1 M
0Q
1(
#17850000
b110 ,
0(
#17855000
1Q
1A
1(
#17860000
b111 ,
0(
#17865000
b1 :
b1000111 ;
0A
b10 M
0Q
1(
#17870000
b1000 ,
0(
#17875000
1Q
1A
1(
#17880000
b1001 ,
0(
#17885000
0!
b10 :
0A
b11 M
0Q
1(
#17890000
b1010 ,
0(
#17895000
1Q
0>
1A
1(
#17900000
b1011 ,
0(
#17905000
b11 :
0A
0?
b100 M
0Q
1(
#17910000
b1100 ,
0(
#17915000
1Q
1A
1(
#17920000
b1101 ,
0(
#17925000
b100 :
0A
b101 M
0Q
1(
#17930000
b1110 ,
0(
#17935000
1Q
1A
1(
#17940000
b1111 ,
0(
#17945000
1!
b101 :
0A
b110 M
0Q
1(
#17950000
b10000 ,
0(
#17955000
1Q
1>
1A
1(
#17960000
b10001 ,
0(
#17965000
b110 :
0A
1?
b100 P
0Q
1(
#17970000
b10010 ,
0(
#17975000
1Q
1A
1(
#17980000
b10011 ,
0(
#17985000
b100 @
0A
0%
b0 P
0Q
1(
#17990000
b10100 ,
0(
#17995000
b0 M
1A
1(
#18000000
b10101 ,
0(
#18005000
b0 @
1$
b1000111 #
b1000111 /
b1000111 =
1"
0A
1(
#18010000
b10110 ,
0(
#18015000
b0 :
0$
0"
1(
#18020000
b1001000 -
0(
#18025000
1(
#18030000
1)
b1001000 +
b1001000 .
b1001000 D
0(
#18035000
0!
1%
b1 P
b1001000 N
1(
#18040000
b0 ,
0)
0(
#18045000
0>
1Q
1(
#18050000
b1 ,
0(
#18055000
b10 P
0Q
0?
1(
#18060000
b10 ,
0(
#18065000
b1 @
1Q
1(
#18070000
b11 ,
0(
#18075000
b11 P
0Q
b10 @
1(
#18080000
b100 ,
0(
#18085000
1A
1Q
1(
#18090000
b101 ,
0(
#18095000
b1 M
0Q
b11 @
0A
1(
#18100000
b110 ,
0(
#18105000
1A
1Q
1(
#18110000
b111 ,
0(
#18115000
b10 M
0Q
b1 :
b1000110 ;
0A
1(
#18120000
b1000 ,
0(
#18125000
1A
1Q
1(
#18130000
b1001 ,
0(
#18135000
1!
b11 M
0Q
b10 :
b1000100 ;
0A
1(
#18140000
b1010 ,
0(
#18145000
1A
1>
1Q
1(
#18150000
b1011 ,
0(
#18155000
0!
b100 M
0Q
1?
b11 :
b1000000 ;
0A
1(
#18160000
b1100 ,
0(
#18165000
1A
0>
1Q
1(
#18170000
b1101 ,
0(
#18175000
b101 M
0Q
0?
b100 :
b1001000 ;
0A
1(
#18180000
b1110 ,
0(
#18185000
1A
1Q
1(
#18190000
b1111 ,
0(
#18195000
1!
b110 M
0Q
b101 :
0A
1(
#18200000
b10000 ,
0(
#18205000
1A
1>
1Q
1(
#18210000
b10001 ,
0(
#18215000
b100 P
0Q
1?
b110 :
0A
1(
#18220000
b10010 ,
0(
#18225000
1A
1Q
1(
#18230000
b10011 ,
0(
#18235000
0%
b0 P
0Q
b100 @
0A
1(
#18240000
b10100 ,
0(
#18245000
1A
b0 M
1(
#18250000
b10101 ,
0(
#18255000
b0 @
1$
b1001000 #
b1001000 /
b1001000 =
1"
0A
1(
#18260000
b10110 ,
0(
#18265000
b0 :
0$
0"
1(
#18270000
b1001001 -
0(
#18275000
1(
#18280000
1)
b1001001 +
b1001001 .
b1001001 D
0(
#18285000
0!
1%
b1 P
1O
b1001001 N
1(
#18290000
b0 ,
0)
0(
#18295000
1Q
0>
1(
#18300000
b1 ,
0(
#18305000
1!
0?
b10 P
0Q
1(
#18310000
b10 ,
0(
#18315000
1Q
1>
b1 @
1(
#18320000
b11 ,
0(
#18325000
b10 @
1?
b11 P
0Q
1(
#18330000
b100 ,
0(
#18335000
1Q
1A
1(
#18340000
b101 ,
0(
#18345000
0!
b11 @
1<
0A
b1 M
0Q
1(
#18350000
b110 ,
0(
#18355000
1Q
0>
1A
1(
#18360000
b111 ,
0(
#18365000
b1 :
b1001001 ;
0A
0?
b10 M
0Q
1(
#18370000
b1000 ,
0(
#18375000
1Q
1A
1(
#18380000
b1001 ,
0(
#18385000
1!
b10 :
0A
b11 M
0Q
1(
#18390000
b1010 ,
0(
#18395000
1Q
1>
1A
1(
#18400000
b1011 ,
0(
#18405000
0!
b11 :
0A
1?
b100 M
0Q
1(
#18410000
b1100 ,
0(
#18415000
1Q
0>
1A
1(
#18420000
b1101 ,
0(
#18425000
b100 :
0A
0?
b101 M
0Q
1(
#18430000
b1110 ,
0(
#18435000
1Q
1A
1(
#18440000
b1111 ,
0(
#18445000
1!
b101 :
0A
b110 M
0Q
1(
#18450000
b10000 ,
0(
#18455000
1Q
1>
1A
1(
#18460000
b10001 ,
0(
#18465000
b110 :
0A
1?
b100 P
0Q
1(
#18470000
b10010 ,
0(
#18475000
1Q
1A
1(
#18480000
b10011 ,
0(
#18485000
b100 @
0A
0%
b0 P
0Q
1(
#18490000
b10100 ,
0(
#18495000
b0 M
1A
1(
#18500000
b10101 ,
0(
#18505000
b0 @
1$
b1001001 #
b1001001 /
b1001001 =
1"
0A
1(
#18510000
b10110 ,
0(
#18515000
b0 :
0$
0"
1(
#18520000
b1001010 -
0(
#18525000
1(
#18530000
1)
b1001010 +
b1001010 .
b1001010 D
0(
#18535000
0!
1%
b1 P
b1001010 N
1(
#18540000
b0 ,
0)
0(
#18545000
0>
1Q
1(
#18550000
b1 ,
0(
#18555000
1!
b10 P
0Q
0?
1(
#18560000
b10 ,
0(
#18565000
b1 @
1>
1Q
1(
#18570000
b11 ,
0(
#18575000
0!
b11 P
0Q
1?
b10 @
1(
#18580000
b100 ,
0(
#18585000
1A
0>
1Q
1(
#18590000
b101 ,
0(
#18595000
1!
b1 M
0Q
0?
b11 @
0A
1(
#18600000
b110 ,
0(
#18605000
1A
1>
1Q
1(
#18610000
b111 ,
0(
#18615000
0!
b10 M
0Q
1?
b1 :
b1001000 ;
0A
1(
#18620000
b1000 ,
0(
#18625000
1A
0>
1Q
1(
#18630000
b1001 ,
0(
#18635000
1!
b11 M
0Q
0?
b10 :
b1001010 ;
0A
1(
#18640000
b1010 ,
0(
#18645000
1A
1>
1Q
1(
#18650000
b1011 ,
0(
#18655000
0!
b100 M
0Q
1?
b11 :
0A
1(
#18660000
b1100 ,
0(
#18665000
1A
0>
1Q
1(
#18670000
b1101 ,
0(
#18675000
b101 M
0Q
0?
b100 :
0A
1(
#18680000
b1110 ,
0(
#18685000
1A
1Q
1(
#18690000
b1111 ,
0(
#18695000
1!
b110 M
0Q
b101 :
0A
1(
#18700000
b10000 ,
0(
#18705000
1A
1>
1Q
1(
#18710000
b10001 ,
0(
#18715000
b100 P
0Q
1?
b110 :
0A
1(
#18720000
b10010 ,
0(
#18725000
1A
1Q
1(
#18730000
b10011 ,
0(
#18735000
0%
b0 P
0Q
b100 @
0A
1(
#18740000
b10100 ,
0(
#18745000
1A
b0 M
1(
#18750000
b10101 ,
0(
#18755000
b0 @
1$
b1001010 #
b1001010 /
b1001010 =
1"
0A
1(
#18760000
b10110 ,
0(
#18765000
b0 :
0$
0"
1(
#18770000
b1001011 -
0(
#18775000
1(
#18780000
1)
b1001011 +
b1001011 .
b1001011 D
0(
#18785000
0!
1%
b1 P
0O
b1001011 N
1(
#18790000
b0 ,
0)
0(
#18795000
1Q
0>
1(
#18800000
b1 ,
0(
#18805000
0?
b10 P
0Q
1(
#18810000
b10 ,
0(
#18815000
1Q
b1 @
1(
#18820000
b11 ,
0(
#18825000
1!
b10 @
b11 P
0Q
1(
#18830000
b100 ,
0(
#18835000
1Q
1>
1A
1(
#18840000
b101 ,
0(
#18845000
b11 @
0<
0A
1?
b1 M
0Q
1(
#18850000
b110 ,
0(
#18855000
1Q
1A
1(
#18860000
b111 ,
0(
#18865000
0!
b1 :
b1001011 ;
0A
b10 M
0Q
1(
#18870000
b1000 ,
0(
#18875000
1Q
0>
1A
1(
#18880000
b1001 ,
0(
#18885000
1!
b10 :
0A
0?
b11 M
0Q
1(
#18890000
b1010 ,
0(
#18895000
1Q
1>
1A
1(
#18900000
b1011 ,
0(
#18905000
0!
b11 :
0A
1?
b100 M
0Q
1(
#18910000
b1100 ,
0(
#18915000
1Q
0>
1A
1(
#18920000
b1101 ,
0(
#18925000
b100 :
0A
0?
b101 M
0Q
1(
#18930000
b1110 ,
0(
#18935000
1Q
1A
1(
#18940000
b1111 ,
0(
#18945000
1!
b101 :
0A
b110 M
0Q
1(
#18950000
b10000 ,
0(
#18955000
1Q
1>
1A
1(
#18960000
b10001 ,
0(
#18965000
b110 :
0A
1?
b100 P
0Q
1(
#18970000
b10010 ,
0(
#18975000
1Q
1A
1(
#18980000
b10011 ,
0(
#18985000
b100 @
0A
0%
b0 P
0Q
1(
#18990000
b10100 ,
0(
#18995000
b0 M
1A
1(
#19000000
b10101 ,
0(
#19005000
b0 @
1$
b1001011 #
b1001011 /
b1001011 =
1"
0A
1(
#19010000
b10110 ,
0(
#19015000
b0 :
0$
0"
1(
#19020000
b1001100 -
0(
#19025000
1(
#19030000
1)
b1001100 +
b1001100 .
b1001100 D
0(
#19035000
0!
1%
b1 P
1O
b1001100 N
1(
#19040000
b0 ,
0)
0(
#19045000
0>
1Q
1(
#19050000
b1 ,
0(
#19055000
1!
b10 P
0Q
0?
1(
#19060000
b10 ,
0(
#19065000
b1 @
1>
1Q
1(
#19070000
b11 ,
0(
#19075000
0!
b11 P
0Q
1?
b10 @
1(
#19080000
b100 ,
0(
#19085000
1A
0>
1Q
1(
#19090000
b101 ,
0(
#19095000
b1 M
0Q
0?
b11 @
1<
0A
1(
#19100000
b110 ,
0(
#19105000
1A
1Q
1(
#19110000
b111 ,
0(
#19115000
1!
b10 M
0Q
b1 :
b1001010 ;
0A
1(
#19120000
b1000 ,
0(
#19125000
1A
1>
1Q
1(
#19130000
b1001 ,
0(
#19135000
b11 M
0Q
1?
b10 :
b1001000 ;
0A
1(
#19140000
b1010 ,
0(
#19145000
1A
1Q
1(
#19150000
b1011 ,
0(
#19155000
0!
b100 M
0Q
b11 :
b1001100 ;
0A
1(
#19160000
b1100 ,
0(
#19165000
1A
0>
1Q
1(
#19170000
b1101 ,
0(
#19175000
b101 M
0Q
0?
b100 :
0A
1(
#19180000
b1110 ,
0(
#19185000
1A
1Q
1(
#19190000
b1111 ,
0(
#19195000
1!
b110 M
0Q
b101 :
0A
1(
#19200000
b10000 ,
0(
#19205000
1A
1>
1Q
1(
#19210000
b10001 ,
0(
#19215000
b100 P
0Q
1?
b110 :
0A
1(
#19220000
b10010 ,
0(
#19225000
1A
1Q
1(
#19230000
b10011 ,
0(
#19235000
0%
b0 P
0Q
b100 @
0A
1(
#19240000
b10100 ,
0(
#19245000
1A
b0 M
1(
#19250000
b10101 ,
0(
#19255000
b0 @
1$
b1001100 #
b1001100 /
b1001100 =
1"
0A
1(
#19260000
b10110 ,
0(
#19265000
b0 :
0$
0"
1(
#19270000
b1001101 -
0(
#19275000
1(
#19280000
1)
b1001101 +
b1001101 .
b1001101 D
0(
#19285000
0!
1%
b1 P
0O
b1001101 N
1(
#19290000
b0 ,
0)
0(
#19295000
1Q
0>
1(
#19300000
b1 ,
0(
#19305000
0?
b10 P
0Q
1(
#19310000
b10 ,
0(
#19315000
1Q
b1 @
1(
#19320000
b11 ,
0(
#19325000
1!
b10 @
b11 P
0Q
1(
#19330000
b100 ,
0(
#19335000
1Q
1>
1A
1(
#19340000
b101 ,
0(
#19345000
0!
b11 @
0<
0A
1?
b1 M
0Q
1(
#19350000
b110 ,
0(
#19355000
1Q
0>
1A
1(
#19360000
b111 ,
0(
#19365000
1!
b1 :
b1001101 ;
0A
0?
b10 M
0Q
1(
#19370000
b1000 ,
0(
#19375000
1Q
1>
1A
1(
#19380000
b1001 ,
0(
#19385000
b10 :
0A
1?
b11 M
0Q
1(
#19390000
b1010 ,
0(
#19395000
1Q
1A
1(
#19400000
b1011 ,
0(
#19405000
0!
b11 :
0A
b100 M
0Q
1(
#19410000
b1100 ,
0(
#19415000
1Q
0>
1A
1(
#19420000
b1101 ,
0(
#19425000
b100 :
0A
0?
b101 M
0Q
1(
#19430000
b1110 ,
0(
#19435000
1Q
1A
1(
#19440000
b1111 ,
0(
#19445000
1!
b101 :
0A
b110 M
0Q
1(
#19450000
b10000 ,
0(
#19455000
1Q
1>
1A
1(
#19460000
b10001 ,
0(
#19465000
b110 :
0A
1?
b100 P
0Q
1(
#19470000
b10010 ,
0(
#19475000
1Q
1A
1(
#19480000
b10011 ,
0(
#19485000
b100 @
0A
0%
b0 P
0Q
1(
#19490000
b10100 ,
0(
#19495000
b0 M
1A
1(
#19500000
b10101 ,
0(
#19505000
b0 @
1$
b1001101 #
b1001101 /
b1001101 =
1"
0A
1(
#19510000
b10110 ,
0(
#19515000
b0 :
0$
0"
1(
#19520000
b1001110 -
0(
#19525000
1(
#19530000
1)
b1001110 +
b1001110 .
b1001110 D
0(
#19535000
0!
1%
b1 P
b1001110 N
1(
#19540000
b0 ,
0)
0(
#19545000
0>
1Q
1(
#19550000
b1 ,
0(
#19555000
b10 P
0Q
0?
1(
#19560000
b10 ,
0(
#19565000
b1 @
1Q
1(
#19570000
b11 ,
0(
#19575000
b11 P
0Q
b10 @
1(
#19580000
b100 ,
0(
#19585000
1A
1Q
1(
#19590000
b101 ,
0(
#19595000
1!
b1 M
0Q
b11 @
0A
1(
#19600000
b110 ,
0(
#19605000
1A
1>
1Q
1(
#19610000
b111 ,
0(
#19615000
b10 M
0Q
1?
b1 :
b1001100 ;
0A
1(
#19620000
b1000 ,
0(
#19625000
1A
1Q
1(
#19630000
b1001 ,
0(
#19635000
b11 M
0Q
b10 :
b1001110 ;
0A
1(
#19640000
b1010 ,
0(
#19645000
1A
1Q
1(
#19650000
b1011 ,
0(
#19655000
0!
b100 M
0Q
b11 :
0A
1(
#19660000
b1100 ,
0(
#19665000
1A
0>
1Q
1(
#19670000
b1101 ,
0(
#19675000
b101 M
0Q
0?
b100 :
0A
1(
#19680000
b1110 ,
0(
#19685000
1A
1Q
1(
#19690000
b1111 ,
0(
#19695000
1!
b110 M
0Q
b101 :
0A
1(
#19700000
b10000 ,
0(
#19705000
1A
1>
1Q
1(
#19710000
b10001 ,
0(
#19715000
b100 P
0Q
1?
b110 :
0A
1(
#19720000
b10010 ,
0(
#19725000
1A
1Q
1(
#19730000
b10011 ,
0(
#19735000
0%
b0 P
0Q
b100 @
0A
1(
#19740000
b10100 ,
0(
#19745000
1A
b0 M
1(
#19750000
b10101 ,
0(
#19755000
b0 @
1$
b1001110 #
b1001110 /
b1001110 =
1"
0A
1(
#19760000
b10110 ,
0(
#19765000
b0 :
0$
0"
1(
#19770000
b1001111 -
0(
#19775000
1(
#19780000
1)
b1001111 +
b1001111 .
b1001111 D
0(
#19785000
0!
1%
b1 P
1O
b1001111 N
1(
#19790000
b0 ,
0)
0(
#19795000
1Q
0>
1(
#19800000
b1 ,
0(
#19805000
1!
0?
b10 P
0Q
1(
#19810000
b10 ,
0(
#19815000
1Q
1>
b1 @
1(
#19820000
b11 ,
0(
#19825000
b10 @
1?
b11 P
0Q
1(
#19830000
b100 ,
0(
#19835000
1Q
1A
1(
#19840000
b101 ,
0(
#19845000
b11 @
1<
0A
b1 M
0Q
1(
#19850000
b110 ,
0(
#19855000
1Q
1A
1(
#19860000
b111 ,
0(
#19865000
b1 :
b1001111 ;
0A
b10 M
0Q
1(
#19870000
b1000 ,
0(
#19875000
1Q
1A
1(
#19880000
b1001 ,
0(
#19885000
b10 :
0A
b11 M
0Q
1(
#19890000
b1010 ,
0(
#19895000
1Q
1A
1(
#19900000
b1011 ,
0(
#19905000
0!
b11 :
0A
b100 M
0Q
1(
#19910000
b1100 ,
0(
#19915000
1Q
0>
1A
1(
#19920000
b1101 ,
0(
#19925000
b100 :
0A
0?
b101 M
0Q
1(
#19930000
b1110 ,
0(
#19935000
1Q
1A
1(
#19940000
b1111 ,
0(
#19945000
1!
b101 :
0A
b110 M
0Q
1(
#19950000
b10000 ,
0(
#19955000
1Q
1>
1A
1(
#19960000
b10001 ,
0(
#19965000
b110 :
0A
1?
b100 P
0Q
1(
#19970000
b10010 ,
0(
#19975000
1Q
1A
1(
#19980000
b10011 ,
0(
#19985000
b100 @
0A
0%
b0 P
0Q
1(
#19990000
b10100 ,
0(
#19995000
b0 M
1A
1(
#20000000
b10101 ,
0(
#20005000
b0 @
1$
b1001111 #
b1001111 /
b1001111 =
1"
0A
1(
#20010000
b10110 ,
0(
#20015000
b0 :
0$
0"
1(
#20020000
b1010000 -
0(
#20025000
1(
#20030000
1)
b1010000 +
b1010000 .
b1010000 D
0(
#20035000
0!
1%
b1 P
0O
b1010000 N
1(
#20040000
b0 ,
0)
0(
#20045000
0>
1Q
1(
#20050000
b1 ,
0(
#20055000
b10 P
0Q
0?
1(
#20060000
b10 ,
0(
#20065000
b1 @
1Q
1(
#20070000
b11 ,
0(
#20075000
b11 P
0Q
b10 @
1(
#20080000
b100 ,
0(
#20085000
1A
1Q
1(
#20090000
b101 ,
0(
#20095000
b1 M
0Q
b11 @
0<
0A
1(
#20100000
b110 ,
0(
#20105000
1A
1Q
1(
#20110000
b111 ,
0(
#20115000
b10 M
0Q
b1 :
b1001110 ;
0A
1(
#20120000
b1000 ,
0(
#20125000
1A
1Q
1(
#20130000
b1001 ,
0(
#20135000
b11 M
0Q
b10 :
b1001100 ;
0A
1(
#20140000
b1010 ,
0(
#20145000
1A
1Q
1(
#20150000
b1011 ,
0(
#20155000
1!
b100 M
0Q
b11 :
b1001000 ;
0A
1(
#20160000
b1100 ,
0(
#20165000
1A
1>
1Q
1(
#20170000
b1101 ,
0(
#20175000
0!
b101 M
0Q
1?
b100 :
b1000000 ;
0A
1(
#20180000
b1110 ,
0(
#20185000
1A
0>
1Q
1(
#20190000
b1111 ,
0(
#20195000
1!
b110 M
0Q
0?
b101 :
b1010000 ;
0A
1(
#20200000
b10000 ,
0(
#20205000
1A
1>
1Q
1(
#20210000
b10001 ,
0(
#20215000
b100 P
0Q
1?
b110 :
0A
1(
#20220000
b10010 ,
0(
#20225000
1A
1Q
1(
#20230000
b10011 ,
0(
#20235000
0%
b0 P
0Q
b100 @
0A
1(
#20240000
b10100 ,
0(
#20245000
1A
b0 M
1(
#20250000
b10101 ,
0(
#20255000
b0 @
1$
b1010000 #
b1010000 /
b1010000 =
1"
0A
1(
#20260000
b10110 ,
0(
#20265000
b0 :
0$
0"
1(
#20270000
b1010001 -
0(
#20275000
1(
#20280000
1)
b1010001 +
b1010001 .
b1010001 D
0(
#20285000
0!
1%
b1 P
1O
b1010001 N
1(
#20290000
b0 ,
0)
0(
#20295000
1Q
0>
1(
#20300000
b1 ,
0(
#20305000
1!
0?
b10 P
0Q
1(
#20310000
b10 ,
0(
#20315000
1Q
1>
b1 @
1(
#20320000
b11 ,
0(
#20325000
b10 @
1?
b11 P
0Q
1(
#20330000
b100 ,
0(
#20335000
1Q
1A
1(
#20340000
b101 ,
0(
#20345000
0!
b11 @
1<
0A
b1 M
0Q
1(
#20350000
b110 ,
0(
#20355000
1Q
0>
1A
1(
#20360000
b111 ,
0(
#20365000
b1 :
b1010001 ;
0A
0?
b10 M
0Q
1(
#20370000
b1000 ,
0(
#20375000
1Q
1A
1(
#20380000
b1001 ,
0(
#20385000
b10 :
0A
b11 M
0Q
1(
#20390000
b1010 ,
0(
#20395000
1Q
1A
1(
#20400000
b1011 ,
0(
#20405000
1!
b11 :
0A
b100 M
0Q
1(
#20410000
b1100 ,
0(
#20415000
1Q
1>
1A
1(
#20420000
b1101 ,
0(
#20425000
0!
b100 :
0A
1?
b101 M
0Q
1(
#20430000
b1110 ,
0(
#20435000
1Q
0>
1A
1(
#20440000
b1111 ,
0(
#20445000
1!
b101 :
0A
0?
b110 M
0Q
1(
#20450000
b10000 ,
0(
#20455000
1Q
1>
1A
1(
#20460000
b10001 ,
0(
#20465000
b110 :
0A
1?
b100 P
0Q
1(
#20470000
b10010 ,
0(
#20475000
1Q
1A
1(
#20480000
b10011 ,
0(
#20485000
b100 @
0A
0%
b0 P
0Q
1(
#20490000
b10100 ,
0(
#20495000
b0 M
1A
1(
#20500000
b10101 ,
0(
#20505000
b0 @
1$
b1010001 #
b1010001 /
b1010001 =
1"
0A
1(
#20510000
b10110 ,
0(
#20515000
b0 :
0$
0"
1(
#20520000
b1010010 -
0(
#20525000
1(
#20530000
1)
b1010010 +
b1010010 .
b1010010 D
0(
#20535000
0!
1%
b1 P
b1010010 N
1(
#20540000
b0 ,
0)
0(
#20545000
0>
1Q
1(
#20550000
b1 ,
0(
#20555000
1!
b10 P
0Q
0?
1(
#20560000
b10 ,
0(
#20565000
b1 @
1>
1Q
1(
#20570000
b11 ,
0(
#20575000
0!
b11 P
0Q
1?
b10 @
1(
#20580000
b100 ,
0(
#20585000
1A
0>
1Q
1(
#20590000
b101 ,
0(
#20595000
1!
b1 M
0Q
0?
b11 @
0A
1(
#20600000
b110 ,
0(
#20605000
1A
1>
1Q
1(
#20610000
b111 ,
0(
#20615000
0!
b10 M
0Q
1?
b1 :
b1010000 ;
0A
1(
#20620000
b1000 ,
0(
#20625000
1A
0>
1Q
1(
#20630000
b1001 ,
0(
#20635000
b11 M
0Q
0?
b10 :
b1010010 ;
0A
1(
#20640000
b1010 ,
0(
#20645000
1A
1Q
1(
#20650000
b1011 ,
0(
#20655000
1!
b100 M
0Q
b11 :
0A
1(
#20660000
b1100 ,
0(
#20665000
1A
1>
1Q
1(
#20670000
b1101 ,
0(
#20675000
0!
b101 M
0Q
1?
b100 :
0A
1(
#20680000
b1110 ,
0(
#20685000
1A
0>
1Q
1(
#20690000
b1111 ,
0(
#20695000
1!
b110 M
0Q
0?
b101 :
0A
1(
#20700000
b10000 ,
0(
#20705000
1A
1>
1Q
1(
#20710000
b10001 ,
0(
#20715000
b100 P
0Q
1?
b110 :
0A
1(
#20720000
b10010 ,
0(
#20725000
1A
1Q
1(
#20730000
b10011 ,
0(
#20735000
0%
b0 P
0Q
b100 @
0A
1(
#20740000
b10100 ,
0(
#20745000
1A
b0 M
1(
#20750000
b10101 ,
0(
#20755000
b0 @
1$
b1010010 #
b1010010 /
b1010010 =
1"
0A
1(
#20760000
b10110 ,
0(
#20765000
b0 :
0$
0"
1(
#20770000
b1010011 -
0(
#20775000
1(
#20780000
1)
b1010011 +
b1010011 .
b1010011 D
0(
#20785000
0!
1%
b1 P
0O
b1010011 N
1(
#20790000
b0 ,
0)
0(
#20795000
1Q
0>
1(
#20800000
b1 ,
0(
#20805000
0?
b10 P
0Q
1(
#20810000
b10 ,
0(
#20815000
1Q
b1 @
1(
#20820000
b11 ,
0(
#20825000
1!
b10 @
b11 P
0Q
1(
#20830000
b100 ,
0(
#20835000
1Q
1>
1A
1(
#20840000
b101 ,
0(
#20845000
b11 @
0<
0A
1?
b1 M
0Q
1(
#20850000
b110 ,
0(
#20855000
1Q
1A
1(
#20860000
b111 ,
0(
#20865000
0!
b1 :
b1010011 ;
0A
b10 M
0Q
1(
#20870000
b1000 ,
0(
#20875000
1Q
0>
1A
1(
#20880000
b1001 ,
0(
#20885000
b10 :
0A
0?
b11 M
0Q
1(
#20890000
b1010 ,
0(
#20895000
1Q
1A
1(
#20900000
b1011 ,
0(
#20905000
1!
b11 :
0A
b100 M
0Q
1(
#20910000
b1100 ,
0(
#20915000
1Q
1>
1A
1(
#20920000
b1101 ,
0(
#20925000
0!
b100 :
0A
1?
b101 M
0Q
1(
#20930000
b1110 ,
0(
#20935000
1Q
0>
1A
1(
#20940000
b1111 ,
0(
#20945000
1!
b101 :
0A
0?
b110 M
0Q
1(
#20950000
b10000 ,
0(
#20955000
1Q
1>
1A
1(
#20960000
b10001 ,
0(
#20965000
b110 :
0A
1?
b100 P
0Q
1(
#20970000
b10010 ,
0(
#20975000
1Q
1A
1(
#20980000
b10011 ,
0(
#20985000
b100 @
0A
0%
b0 P
0Q
1(
#20990000
b10100 ,
0(
#20995000
b0 M
1A
1(
#21000000
b10101 ,
0(
#21005000
b0 @
1$
b1010011 #
b1010011 /
b1010011 =
1"
0A
1(
#21010000
b10110 ,
0(
#21015000
b0 :
0$
0"
1(
#21020000
b1010100 -
0(
#21025000
1(
#21030000
1)
b1010100 +
b1010100 .
b1010100 D
0(
#21035000
0!
1%
b1 P
1O
b1010100 N
1(
#21040000
b0 ,
0)
0(
#21045000
0>
1Q
1(
#21050000
b1 ,
0(
#21055000
1!
b10 P
0Q
0?
1(
#21060000
b10 ,
0(
#21065000
b1 @
1>
1Q
1(
#21070000
b11 ,
0(
#21075000
0!
b11 P
0Q
1?
b10 @
1(
#21080000
b100 ,
0(
#21085000
1A
0>
1Q
1(
#21090000
b101 ,
0(
#21095000
b1 M
0Q
0?
b11 @
1<
0A
1(
#21100000
b110 ,
0(
#21105000
1A
1Q
1(
#21110000
b111 ,
0(
#21115000
1!
b10 M
0Q
b1 :
b1010010 ;
0A
1(
#21120000
b1000 ,
0(
#21125000
1A
1>
1Q
1(
#21130000
b1001 ,
0(
#21135000
0!
b11 M
0Q
1?
b10 :
b1010000 ;
0A
1(
#21140000
b1010 ,
0(
#21145000
1A
0>
1Q
1(
#21150000
b1011 ,
0(
#21155000
1!
b100 M
0Q
0?
b11 :
b1010100 ;
0A
1(
#21160000
b1100 ,
0(
#21165000
1A
1>
1Q
1(
#21170000
b1101 ,
0(
#21175000
0!
b101 M
0Q
1?
b100 :
0A
1(
#21180000
b1110 ,
0(
#21185000
1A
0>
1Q
1(
#21190000
b1111 ,
0(
#21195000
1!
b110 M
0Q
0?
b101 :
0A
1(
#21200000
b10000 ,
0(
#21205000
1A
1>
1Q
1(
#21210000
b10001 ,
0(
#21215000
b100 P
0Q
1?
b110 :
0A
1(
#21220000
b10010 ,
0(
#21225000
1A
1Q
1(
#21230000
b10011 ,
0(
#21235000
0%
b0 P
0Q
b100 @
0A
1(
#21240000
b10100 ,
0(
#21245000
1A
b0 M
1(
#21250000
b10101 ,
0(
#21255000
b0 @
1$
b1010100 #
b1010100 /
b1010100 =
1"
0A
1(
#21260000
b10110 ,
0(
#21265000
b0 :
0$
0"
1(
#21270000
b1010101 -
0(
#21275000
1(
#21280000
1)
b1010101 +
b1010101 .
b1010101 D
0(
#21285000
0!
1%
b1 P
0O
b1010101 N
1(
#21290000
b0 ,
0)
0(
#21295000
1Q
0>
1(
#21300000
b1 ,
0(
#21305000
0?
b10 P
0Q
1(
#21310000
b10 ,
0(
#21315000
1Q
b1 @
1(
#21320000
b11 ,
0(
#21325000
1!
b10 @
b11 P
0Q
1(
#21330000
b100 ,
0(
#21335000
1Q
1>
1A
1(
#21340000
b101 ,
0(
#21345000
0!
b11 @
0<
0A
1?
b1 M
0Q
1(
#21350000
b110 ,
0(
#21355000
1Q
0>
1A
1(
#21360000
b111 ,
0(
#21365000
1!
b1 :
b1010101 ;
0A
0?
b10 M
0Q
1(
#21370000
b1000 ,
0(
#21375000
1Q
1>
1A
1(
#21380000
b1001 ,
0(
#21385000
0!
b10 :
0A
1?
b11 M
0Q
1(
#21390000
b1010 ,
0(
#21395000
1Q
0>
1A
1(
#21400000
b1011 ,
0(
#21405000
1!
b11 :
0A
0?
b100 M
0Q
1(
#21410000
b1100 ,
0(
#21415000
1Q
1>
1A
1(
#21420000
b1101 ,
0(
#21425000
0!
b100 :
0A
1?
b101 M
0Q
1(
#21430000
b1110 ,
0(
#21435000
1Q
0>
1A
1(
#21440000
b1111 ,
0(
#21445000
1!
b101 :
0A
0?
b110 M
0Q
1(
#21450000
b10000 ,
0(
#21455000
1Q
1>
1A
1(
#21460000
b10001 ,
0(
#21465000
b110 :
0A
1?
b100 P
0Q
1(
#21470000
b10010 ,
0(
#21475000
1Q
1A
1(
#21480000
b10011 ,
0(
#21485000
b100 @
0A
0%
b0 P
0Q
1(
#21490000
b10100 ,
0(
#21495000
b0 M
1A
1(
#21500000
b10101 ,
0(
#21505000
b0 @
1$
b1010101 #
b1010101 /
b1010101 =
1"
0A
1(
#21510000
b10110 ,
0(
#21515000
b0 :
0$
0"
1(
#21520000
b1010110 -
0(
#21525000
1(
#21530000
1)
b1010110 +
b1010110 .
b1010110 D
0(
#21535000
0!
1%
b1 P
b1010110 N
1(
#21540000
b0 ,
0)
0(
#21545000
0>
1Q
1(
#21550000
b1 ,
0(
#21555000
b10 P
0Q
0?
1(
#21560000
b10 ,
0(
#21565000
b1 @
1Q
1(
#21570000
b11 ,
0(
#21575000
b11 P
0Q
b10 @
1(
#21580000
b100 ,
0(
#21585000
1A
1Q
1(
#21590000
b101 ,
0(
#21595000
1!
b1 M
0Q
b11 @
0A
1(
#21600000
b110 ,
0(
#21605000
1A
1>
1Q
1(
#21610000
b111 ,
0(
#21615000
b10 M
0Q
1?
b1 :
b1010100 ;
0A
1(
#21620000
b1000 ,
0(
#21625000
1A
1Q
1(
#21630000
b1001 ,
0(
#21635000
0!
b11 M
0Q
b10 :
b1010110 ;
0A
1(
#21640000
b1010 ,
0(
#21645000
1A
0>
1Q
1(
#21650000
b1011 ,
0(
#21655000
1!
b100 M
0Q
0?
b11 :
0A
1(
#21660000
b1100 ,
0(
#21665000
1A
1>
1Q
1(
#21670000
b1101 ,
0(
#21675000
0!
b101 M
0Q
1?
b100 :
0A
1(
#21680000
b1110 ,
0(
#21685000
1A
0>
1Q
1(
#21690000
b1111 ,
0(
#21695000
1!
b110 M
0Q
0?
b101 :
0A
1(
#21700000
b10000 ,
0(
#21705000
1A
1>
1Q
1(
#21710000
b10001 ,
0(
#21715000
b100 P
0Q
1?
b110 :
0A
1(
#21720000
b10010 ,
0(
#21725000
1A
1Q
1(
#21730000
b10011 ,
0(
#21735000
0%
b0 P
0Q
b100 @
0A
1(
#21740000
b10100 ,
0(
#21745000
1A
b0 M
1(
#21750000
b10101 ,
0(
#21755000
b0 @
1$
b1010110 #
b1010110 /
b1010110 =
1"
0A
1(
#21760000
b10110 ,
0(
#21765000
b0 :
0$
0"
1(
#21770000
b1010111 -
0(
#21775000
1(
#21780000
1)
b1010111 +
b1010111 .
b1010111 D
0(
#21785000
0!
1%
b1 P
1O
b1010111 N
1(
#21790000
b0 ,
0)
0(
#21795000
1Q
0>
1(
#21800000
b1 ,
0(
#21805000
1!
0?
b10 P
0Q
1(
#21810000
b10 ,
0(
#21815000
1Q
1>
b1 @
1(
#21820000
b11 ,
0(
#21825000
b10 @
1?
b11 P
0Q
1(
#21830000
b100 ,
0(
#21835000
1Q
1A
1(
#21840000
b101 ,
0(
#21845000
b11 @
1<
0A
b1 M
0Q
1(
#21850000
b110 ,
0(
#21855000
1Q
1A
1(
#21860000
b111 ,
0(
#21865000
b1 :
b1010111 ;
0A
b10 M
0Q
1(
#21870000
b1000 ,
0(
#21875000
1Q
1A
1(
#21880000
b1001 ,
0(
#21885000
0!
b10 :
0A
b11 M
0Q
1(
#21890000
b1010 ,
0(
#21895000
1Q
0>
1A
1(
#21900000
b1011 ,
0(
#21905000
1!
b11 :
0A
0?
b100 M
0Q
1(
#21910000
b1100 ,
0(
#21915000
1Q
1>
1A
1(
#21920000
b1101 ,
0(
#21925000
0!
b100 :
0A
1?
b101 M
0Q
1(
#21930000
b1110 ,
0(
#21935000
1Q
0>
1A
1(
#21940000
b1111 ,
0(
#21945000
1!
b101 :
0A
0?
b110 M
0Q
1(
#21950000
b10000 ,
0(
#21955000
1Q
1>
1A
1(
#21960000
b10001 ,
0(
#21965000
b110 :
0A
1?
b100 P
0Q
1(
#21970000
b10010 ,
0(
#21975000
1Q
1A
1(
#21980000
b10011 ,
0(
#21985000
b100 @
0A
0%
b0 P
0Q
1(
#21990000
b10100 ,
0(
#21995000
b0 M
1A
1(
#22000000
b10101 ,
0(
#22005000
b0 @
1$
b1010111 #
b1010111 /
b1010111 =
1"
0A
1(
#22010000
b10110 ,
0(
#22015000
b0 :
0$
0"
1(
#22020000
b1011000 -
0(
#22025000
1(
#22030000
1)
b1011000 +
b1011000 .
b1011000 D
0(
#22035000
0!
1%
b1 P
b1011000 N
1(
#22040000
b0 ,
0)
0(
#22045000
0>
1Q
1(
#22050000
b1 ,
0(
#22055000
1!
b10 P
0Q
0?
1(
#22060000
b10 ,
0(
#22065000
b1 @
1>
1Q
1(
#22070000
b11 ,
0(
#22075000
0!
b11 P
0Q
1?
b10 @
1(
#22080000
b100 ,
0(
#22085000
1A
0>
1Q
1(
#22090000
b101 ,
0(
#22095000
b1 M
0Q
0?
b11 @
0A
1(
#22100000
b110 ,
0(
#22105000
1A
1Q
1(
#22110000
b111 ,
0(
#22115000
b10 M
0Q
b1 :
b1010110 ;
0A
1(
#22120000
b1000 ,
0(
#22125000
1A
1Q
1(
#22130000
b1001 ,
0(
#22135000
1!
b11 M
0Q
b10 :
b1010100 ;
0A
1(
#22140000
b1010 ,
0(
#22145000
1A
1>
1Q
1(
#22150000
b1011 ,
0(
#22155000
b100 M
0Q
1?
b11 :
b1010000 ;
0A
1(
#22160000
b1100 ,
0(
#22165000
1A
1Q
1(
#22170000
b1101 ,
0(
#22175000
0!
b101 M
0Q
b100 :
b1011000 ;
0A
1(
#22180000
b1110 ,
0(
#22185000
1A
0>
1Q
1(
#22190000
b1111 ,
0(
#22195000
1!
b110 M
0Q
0?
b101 :
0A
1(
#22200000
b10000 ,
0(
#22205000
1A
1>
1Q
1(
#22210000
b10001 ,
0(
#22215000
b100 P
0Q
1?
b110 :
0A
1(
#22220000
b10010 ,
0(
#22225000
1A
1Q
1(
#22230000
b10011 ,
0(
#22235000
0%
b0 P
0Q
b100 @
0A
1(
#22240000
b10100 ,
0(
#22245000
1A
b0 M
1(
#22250000
b10101 ,
0(
#22255000
b0 @
1$
b1011000 #
b1011000 /
b1011000 =
1"
0A
1(
#22260000
b10110 ,
0(
#22265000
b0 :
0$
0"
1(
#22270000
b1011001 -
0(
#22275000
1(
#22280000
1)
b1011001 +
b1011001 .
b1011001 D
0(
#22285000
0!
1%
b1 P
0O
b1011001 N
1(
#22290000
b0 ,
0)
0(
#22295000
1Q
0>
1(
#22300000
b1 ,
0(
#22305000
0?
b10 P
0Q
1(
#22310000
b10 ,
0(
#22315000
1Q
b1 @
1(
#22320000
b11 ,
0(
#22325000
1!
b10 @
b11 P
0Q
1(
#22330000
b100 ,
0(
#22335000
1Q
1>
1A
1(
#22340000
b101 ,
0(
#22345000
0!
b11 @
0<
0A
1?
b1 M
0Q
1(
#22350000
b110 ,
0(
#22355000
1Q
0>
1A
1(
#22360000
b111 ,
0(
#22365000
b1 :
b1011001 ;
0A
0?
b10 M
0Q
1(
#22370000
b1000 ,
0(
#22375000
1Q
1A
1(
#22380000
b1001 ,
0(
#22385000
1!
b10 :
0A
b11 M
0Q
1(
#22390000
b1010 ,
0(
#22395000
1Q
1>
1A
1(
#22400000
b1011 ,
0(
#22405000
b11 :
0A
1?
b100 M
0Q
1(
#22410000
b1100 ,
0(
#22415000
1Q
1A
1(
#22420000
b1101 ,
0(
#22425000
0!
b100 :
0A
b101 M
0Q
1(
#22430000
b1110 ,
0(
#22435000
1Q
0>
1A
1(
#22440000
b1111 ,
0(
#22445000
1!
b101 :
0A
0?
b110 M
0Q
1(
#22450000
b10000 ,
0(
#22455000
1Q
1>
1A
1(
#22460000
b10001 ,
0(
#22465000
b110 :
0A
1?
b100 P
0Q
1(
#22470000
b10010 ,
0(
#22475000
1Q
1A
1(
#22480000
b10011 ,
0(
#22485000
b100 @
0A
0%
b0 P
0Q
1(
#22490000
b10100 ,
0(
#22495000
b0 M
1A
1(
#22500000
b10101 ,
0(
#22505000
b0 @
1$
b1011001 #
b1011001 /
b1011001 =
1"
0A
1(
#22510000
b10110 ,
0(
#22515000
b0 :
0$
0"
1(
#22520000
b1011010 -
0(
#22525000
1(
#22530000
1)
b1011010 +
b1011010 .
b1011010 D
0(
#22535000
0!
1%
b1 P
b1011010 N
1(
#22540000
b0 ,
0)
0(
#22545000
0>
1Q
1(
#22550000
b1 ,
0(
#22555000
b10 P
0Q
0?
1(
#22560000
b10 ,
0(
#22565000
b1 @
1Q
1(
#22570000
b11 ,
0(
#22575000
b11 P
0Q
b10 @
1(
#22580000
b100 ,
0(
#22585000
1A
1Q
1(
#22590000
b101 ,
0(
#22595000
1!
b1 M
0Q
b11 @
0A
1(
#22600000
b110 ,
0(
#22605000
1A
1>
1Q
1(
#22610000
b111 ,
0(
#22615000
0!
b10 M
0Q
1?
b1 :
b1011000 ;
0A
1(
#22620000
b1000 ,
0(
#22625000
1A
0>
1Q
1(
#22630000
b1001 ,
0(
#22635000
1!
b11 M
0Q
0?
b10 :
b1011010 ;
0A
1(
#22640000
b1010 ,
0(
#22645000
1A
1>
1Q
1(
#22650000
b1011 ,
0(
#22655000
b100 M
0Q
1?
b11 :
0A
1(
#22660000
b1100 ,
0(
#22665000
1A
1Q
1(
#22670000
b1101 ,
0(
#22675000
0!
b101 M
0Q
b100 :
0A
1(
#22680000
b1110 ,
0(
#22685000
1A
0>
1Q
1(
#22690000
b1111 ,
0(
#22695000
1!
b110 M
0Q
0?
b101 :
0A
1(
#22700000
b10000 ,
0(
#22705000
1A
1>
1Q
1(
#22710000
b10001 ,
0(
#22715000
b100 P
0Q
1?
b110 :
0A
1(
#22720000
b10010 ,
0(
#22725000
1A
1Q
1(
#22730000
b10011 ,
0(
#22735000
0%
b0 P
0Q
b100 @
0A
1(
#22740000
b10100 ,
0(
#22745000
1A
b0 M
1(
#22750000
b10101 ,
0(
#22755000
b0 @
1$
b1011010 #
b1011010 /
b1011010 =
1"
0A
1(
#22760000
b10110 ,
0(
#22765000
b0 :
0$
0"
1(
#22770000
b1011011 -
0(
#22775000
1(
#22780000
1)
b1011011 +
b1011011 .
b1011011 D
0(
#22785000
0!
1%
b1 P
1O
b1011011 N
1(
#22790000
b0 ,
0)
0(
#22795000
1Q
0>
1(
#22800000
b1 ,
0(
#22805000
1!
0?
b10 P
0Q
1(
#22810000
b10 ,
0(
#22815000
1Q
1>
b1 @
1(
#22820000
b11 ,
0(
#22825000
b10 @
1?
b11 P
0Q
1(
#22830000
b100 ,
0(
#22835000
1Q
1A
1(
#22840000
b101 ,
0(
#22845000
b11 @
1<
0A
b1 M
0Q
1(
#22850000
b110 ,
0(
#22855000
1Q
1A
1(
#22860000
b111 ,
0(
#22865000
0!
b1 :
b1011011 ;
0A
b10 M
0Q
1(
#22870000
b1000 ,
0(
#22875000
1Q
0>
1A
1(
#22880000
b1001 ,
0(
#22885000
1!
b10 :
0A
0?
b11 M
0Q
1(
#22890000
b1010 ,
0(
#22895000
1Q
1>
1A
1(
#22900000
b1011 ,
0(
#22905000
b11 :
0A
1?
b100 M
0Q
1(
#22910000
b1100 ,
0(
#22915000
1Q
1A
1(
#22920000
b1101 ,
0(
#22925000
0!
b100 :
0A
b101 M
0Q
1(
#22930000
b1110 ,
0(
#22935000
1Q
0>
1A
1(
#22940000
b1111 ,
0(
#22945000
1!
b101 :
0A
0?
b110 M
0Q
1(
#22950000
b10000 ,
0(
#22955000
1Q
1>
1A
1(
#22960000
b10001 ,
0(
#22965000
b110 :
0A
1?
b100 P
0Q
1(
#22970000
b10010 ,
0(
#22975000
1Q
1A
1(
#22980000
b10011 ,
0(
#22985000
b100 @
0A
0%
b0 P
0Q
1(
#22990000
b10100 ,
0(
#22995000
b0 M
1A
1(
#23000000
b10101 ,
0(
#23005000
b0 @
1$
b1011011 #
b1011011 /
b1011011 =
1"
0A
1(
#23010000
b10110 ,
0(
#23015000
b0 :
0$
0"
1(
#23020000
b1011100 -
0(
#23025000
1(
#23030000
1)
b1011100 +
b1011100 .
b1011100 D
0(
#23035000
0!
1%
b1 P
0O
b1011100 N
1(
#23040000
b0 ,
0)
0(
#23045000
0>
1Q
1(
#23050000
b1 ,
0(
#23055000
b10 P
0Q
0?
1(
#23060000
b10 ,
0(
#23065000
b1 @
1Q
1(
#23070000
b11 ,
0(
#23075000
b11 P
0Q
b10 @
1(
#23080000
b100 ,
0(
#23085000
1A
1Q
1(
#23090000
b101 ,
0(
#23095000
b1 M
0Q
b11 @
0<
0A
1(
#23100000
b110 ,
0(
#23105000
1A
1Q
1(
#23110000
b111 ,
0(
#23115000
1!
b10 M
0Q
b1 :
b1011010 ;
0A
1(
#23120000
b1000 ,
0(
#23125000
1A
1>
1Q
1(
#23130000
b1001 ,
0(
#23135000
b11 M
0Q
1?
b10 :
b1011000 ;
0A
1(
#23140000
b1010 ,
0(
#23145000
1A
1Q
1(
#23150000
b1011 ,
0(
#23155000
b100 M
0Q
b11 :
b1011100 ;
0A
1(
#23160000
b1100 ,
0(
#23165000
1A
1Q
1(
#23170000
b1101 ,
0(
#23175000
0!
b101 M
0Q
b100 :
0A
1(
#23180000
b1110 ,
0(
#23185000
1A
0>
1Q
1(
#23190000
b1111 ,
0(
#23195000
1!
b110 M
0Q
0?
b101 :
0A
1(
#23200000
b10000 ,
0(
#23205000
1A
1>
1Q
1(
#23210000
b10001 ,
0(
#23215000
b100 P
0Q
1?
b110 :
0A
1(
#23220000
b10010 ,
0(
#23225000
1A
1Q
1(
#23230000
b10011 ,
0(
#23235000
0%
b0 P
0Q
b100 @
0A
1(
#23240000
b10100 ,
0(
#23245000
1A
b0 M
1(
#23250000
b10101 ,
0(
#23255000
b0 @
1$
b1011100 #
b1011100 /
b1011100 =
1"
0A
1(
#23260000
b10110 ,
0(
#23265000
b0 :
0$
0"
1(
#23270000
b1011101 -
0(
#23275000
1(
#23280000
1)
b1011101 +
b1011101 .
b1011101 D
0(
#23285000
0!
1%
b1 P
1O
b1011101 N
1(
#23290000
b0 ,
0)
0(
#23295000
1Q
0>
1(
#23300000
b1 ,
0(
#23305000
1!
0?
b10 P
0Q
1(
#23310000
b10 ,
0(
#23315000
1Q
1>
b1 @
1(
#23320000
b11 ,
0(
#23325000
b10 @
1?
b11 P
0Q
1(
#23330000
b100 ,
0(
#23335000
1Q
1A
1(
#23340000
b101 ,
0(
#23345000
0!
b11 @
1<
0A
b1 M
0Q
1(
#23350000
b110 ,
0(
#23355000
1Q
0>
1A
1(
#23360000
b111 ,
0(
#23365000
1!
b1 :
b1011101 ;
0A
0?
b10 M
0Q
1(
#23370000
b1000 ,
0(
#23375000
1Q
1>
1A
1(
#23380000
b1001 ,
0(
#23385000
b10 :
0A
1?
b11 M
0Q
1(
#23390000
b1010 ,
0(
#23395000
1Q
1A
1(
#23400000
b1011 ,
0(
#23405000
b11 :
0A
b100 M
0Q
1(
#23410000
b1100 ,
0(
#23415000
1Q
1A
1(
#23420000
b1101 ,
0(
#23425000
0!
b100 :
0A
b101 M
0Q
1(
#23430000
b1110 ,
0(
#23435000
1Q
0>
1A
1(
#23440000
b1111 ,
0(
#23445000
1!
b101 :
0A
0?
b110 M
0Q
1(
#23450000
b10000 ,
0(
#23455000
1Q
1>
1A
1(
#23460000
b10001 ,
0(
#23465000
b110 :
0A
1?
b100 P
0Q
1(
#23470000
b10010 ,
0(
#23475000
1Q
1A
1(
#23480000
b10011 ,
0(
#23485000
b100 @
0A
0%
b0 P
0Q
1(
#23490000
b10100 ,
0(
#23495000
b0 M
1A
1(
#23500000
b10101 ,
0(
#23505000
b0 @
1$
b1011101 #
b1011101 /
b1011101 =
1"
0A
1(
#23510000
b10110 ,
0(
#23515000
b0 :
0$
0"
1(
#23520000
b1011110 -
0(
#23525000
1(
#23530000
1)
b1011110 +
b1011110 .
b1011110 D
0(
#23535000
0!
1%
b1 P
b1011110 N
1(
#23540000
b0 ,
0)
0(
#23545000
0>
1Q
1(
#23550000
b1 ,
0(
#23555000
1!
b10 P
0Q
0?
1(
#23560000
b10 ,
0(
#23565000
b1 @
1>
1Q
1(
#23570000
b11 ,
0(
#23575000
0!
b11 P
0Q
1?
b10 @
1(
#23580000
b100 ,
0(
#23585000
1A
0>
1Q
1(
#23590000
b101 ,
0(
#23595000
1!
b1 M
0Q
0?
b11 @
0A
1(
#23600000
b110 ,
0(
#23605000
1A
1>
1Q
1(
#23610000
b111 ,
0(
#23615000
b10 M
0Q
1?
b1 :
b1011100 ;
0A
1(
#23620000
b1000 ,
0(
#23625000
1A
1Q
1(
#23630000
b1001 ,
0(
#23635000
b11 M
0Q
b10 :
b1011110 ;
0A
1(
#23640000
b1010 ,
0(
#23645000
1A
1Q
1(
#23650000
b1011 ,
0(
#23655000
b100 M
0Q
b11 :
0A
1(
#23660000
b1100 ,
0(
#23665000
1A
1Q
1(
#23670000
b1101 ,
0(
#23675000
0!
b101 M
0Q
b100 :
0A
1(
#23680000
b1110 ,
0(
#23685000
1A
0>
1Q
1(
#23690000
b1111 ,
0(
#23695000
1!
b110 M
0Q
0?
b101 :
0A
1(
#23700000
b10000 ,
0(
#23705000
1A
1>
1Q
1(
#23710000
b10001 ,
0(
#23715000
b100 P
0Q
1?
b110 :
0A
1(
#23720000
b10010 ,
0(
#23725000
1A
1Q
1(
#23730000
b10011 ,
0(
#23735000
0%
b0 P
0Q
b100 @
0A
1(
#23740000
b10100 ,
0(
#23745000
1A
b0 M
1(
#23750000
b10101 ,
0(
#23755000
b0 @
1$
b1011110 #
b1011110 /
b1011110 =
1"
0A
1(
#23760000
b10110 ,
0(
#23765000
b0 :
0$
0"
1(
#23770000
b1011111 -
0(
#23775000
1(
#23780000
1)
b1011111 +
b1011111 .
b1011111 D
0(
#23785000
0!
1%
b1 P
0O
b1011111 N
1(
#23790000
b0 ,
0)
0(
#23795000
1Q
0>
1(
#23800000
b1 ,
0(
#23805000
0?
b10 P
0Q
1(
#23810000
b10 ,
0(
#23815000
1Q
b1 @
1(
#23820000
b11 ,
0(
#23825000
1!
b10 @
b11 P
0Q
1(
#23830000
b100 ,
0(
#23835000
1Q
1>
1A
1(
#23840000
b101 ,
0(
#23845000
b11 @
0<
0A
1?
b1 M
0Q
1(
#23850000
b110 ,
0(
#23855000
1Q
1A
1(
#23860000
b111 ,
0(
#23865000
b1 :
b1011111 ;
0A
b10 M
0Q
1(
#23870000
b1000 ,
0(
#23875000
1Q
1A
1(
#23880000
b1001 ,
0(
#23885000
b10 :
0A
b11 M
0Q
1(
#23890000
b1010 ,
0(
#23895000
1Q
1A
1(
#23900000
b1011 ,
0(
#23905000
b11 :
0A
b100 M
0Q
1(
#23910000
b1100 ,
0(
#23915000
1Q
1A
1(
#23920000
b1101 ,
0(
#23925000
0!
b100 :
0A
b101 M
0Q
1(
#23930000
b1110 ,
0(
#23935000
1Q
0>
1A
1(
#23940000
b1111 ,
0(
#23945000
1!
b101 :
0A
0?
b110 M
0Q
1(
#23950000
b10000 ,
0(
#23955000
1Q
1>
1A
1(
#23960000
b10001 ,
0(
#23965000
b110 :
0A
1?
b100 P
0Q
1(
#23970000
b10010 ,
0(
#23975000
1Q
1A
1(
#23980000
b10011 ,
0(
#23985000
b100 @
0A
0%
b0 P
0Q
1(
#23990000
b10100 ,
0(
#23995000
b0 M
1A
1(
#24000000
b10101 ,
0(
#24005000
b0 @
1$
b1011111 #
b1011111 /
b1011111 =
1"
0A
1(
#24010000
b10110 ,
0(
#24015000
b0 :
0$
0"
1(
#24020000
b1100000 -
0(
#24025000
1(
#24030000
1)
b1100000 +
b1100000 .
b1100000 D
0(
#24035000
0!
1%
b1 P
b1100000 N
1(
#24040000
b0 ,
0)
0(
#24045000
0>
1Q
1(
#24050000
b1 ,
0(
#24055000
b10 P
0Q
0?
1(
#24060000
b10 ,
0(
#24065000
b1 @
1Q
1(
#24070000
b11 ,
0(
#24075000
b11 P
0Q
b10 @
1(
#24080000
b100 ,
0(
#24085000
1A
1Q
1(
#24090000
b101 ,
0(
#24095000
b1 M
0Q
b11 @
0A
1(
#24100000
b110 ,
0(
#24105000
1A
1Q
1(
#24110000
b111 ,
0(
#24115000
b10 M
0Q
b1 :
b1011110 ;
0A
1(
#24120000
b1000 ,
0(
#24125000
1A
1Q
1(
#24130000
b1001 ,
0(
#24135000
b11 M
0Q
b10 :
b1011100 ;
0A
1(
#24140000
b1010 ,
0(
#24145000
1A
1Q
1(
#24150000
b1011 ,
0(
#24155000
b100 M
0Q
b11 :
b1011000 ;
0A
1(
#24160000
b1100 ,
0(
#24165000
1A
1Q
1(
#24170000
b1101 ,
0(
#24175000
1!
b101 M
0Q
b100 :
b1010000 ;
0A
1(
#24180000
b1110 ,
0(
#24185000
1A
1>
1Q
1(
#24190000
b1111 ,
0(
#24195000
b110 M
0Q
1?
b101 :
b1000000 ;
0A
1(
#24200000
b10000 ,
0(
#24205000
1A
1Q
1(
#24210000
b10001 ,
0(
#24215000
b100 P
0Q
b110 :
b1100000 ;
0A
1(
#24220000
b10010 ,
0(
#24225000
1A
1Q
1(
#24230000
b10011 ,
0(
#24235000
0%
b0 P
0Q
b100 @
0A
1(
#24240000
b10100 ,
0(
#24245000
1A
b0 M
1(
#24250000
b10101 ,
0(
#24255000
b0 @
1$
b1100000 #
b1100000 /
b1100000 =
1"
0A
1(
#24260000
b10110 ,
0(
#24265000
b0 :
0$
0"
1(
#24270000
b1100001 -
0(
#24275000
1(
#24280000
1)
b1100001 +
b1100001 .
b1100001 D
0(
#24285000
0!
1%
b1 P
1O
b1100001 N
1(
#24290000
b0 ,
0)
0(
#24295000
1Q
0>
1(
#24300000
b1 ,
0(
#24305000
1!
0?
b10 P
0Q
1(
#24310000
b10 ,
0(
#24315000
1Q
1>
b1 @
1(
#24320000
b11 ,
0(
#24325000
b10 @
1?
b11 P
0Q
1(
#24330000
b100 ,
0(
#24335000
1Q
1A
1(
#24340000
b101 ,
0(
#24345000
0!
b11 @
1<
0A
b1 M
0Q
1(
#24350000
b110 ,
0(
#24355000
1Q
0>
1A
1(
#24360000
b111 ,
0(
#24365000
b1 :
b1100001 ;
0A
0?
b10 M
0Q
1(
#24370000
b1000 ,
0(
#24375000
1Q
1A
1(
#24380000
b1001 ,
0(
#24385000
b10 :
0A
b11 M
0Q
1(
#24390000
b1010 ,
0(
#24395000
1Q
1A
1(
#24400000
b1011 ,
0(
#24405000
b11 :
0A
b100 M
0Q
1(
#24410000
b1100 ,
0(
#24415000
1Q
1A
1(
#24420000
b1101 ,
0(
#24425000
1!
b100 :
0A
b101 M
0Q
1(
#24430000
b1110 ,
0(
#24435000
1Q
1>
1A
1(
#24440000
b1111 ,
0(
#24445000
b101 :
0A
1?
b110 M
0Q
1(
#24450000
b10000 ,
0(
#24455000
1Q
1A
1(
#24460000
b10001 ,
0(
#24465000
b110 :
0A
b100 P
0Q
1(
#24470000
b10010 ,
0(
#24475000
1Q
1A
1(
#24480000
b10011 ,
0(
#24485000
b100 @
0A
0%
b0 P
0Q
1(
#24490000
b10100 ,
0(
#24495000
b0 M
1A
1(
#24500000
b10101 ,
0(
#24505000
b0 @
1$
b1100001 #
b1100001 /
b1100001 =
1"
0A
1(
#24510000
b10110 ,
0(
#24515000
b0 :
0$
0"
1(
#24520000
b1100010 -
0(
#24525000
1(
#24530000
1)
b1100010 +
b1100010 .
b1100010 D
0(
#24535000
0!
1%
b1 P
b1100010 N
1(
#24540000
b0 ,
0)
0(
#24545000
0>
1Q
1(
#24550000
b1 ,
0(
#24555000
1!
b10 P
0Q
0?
1(
#24560000
b10 ,
0(
#24565000
b1 @
1>
1Q
1(
#24570000
b11 ,
0(
#24575000
0!
b11 P
0Q
1?
b10 @
1(
#24580000
b100 ,
0(
#24585000
1A
0>
1Q
1(
#24590000
b101 ,
0(
#24595000
1!
b1 M
0Q
0?
b11 @
0A
1(
#24600000
b110 ,
0(
#24605000
1A
1>
1Q
1(
#24610000
b111 ,
0(
#24615000
0!
b10 M
0Q
1?
b1 :
b1100000 ;
0A
1(
#24620000
b1000 ,
0(
#24625000
1A
0>
1Q
1(
#24630000
b1001 ,
0(
#24635000
b11 M
0Q
0?
b10 :
b1100010 ;
0A
1(
#24640000
b1010 ,
0(
#24645000
1A
1Q
1(
#24650000
b1011 ,
0(
#24655000
b100 M
0Q
b11 :
0A
1(
#24660000
b1100 ,
0(
#24665000
1A
1Q
1(
#24670000
b1101 ,
0(
#24675000
1!
b101 M
0Q
b100 :
0A
1(
#24680000
b1110 ,
0(
#24685000
1A
1>
1Q
1(
#24690000
b1111 ,
0(
#24695000
b110 M
0Q
1?
b101 :
0A
1(
#24700000
b10000 ,
0(
#24705000
1A
1Q
1(
#24710000
b10001 ,
0(
#24715000
b100 P
0Q
b110 :
0A
1(
#24720000
b10010 ,
0(
#24725000
1A
1Q
1(
#24730000
b10011 ,
0(
#24735000
0%
b0 P
0Q
b100 @
0A
1(
#24740000
b10100 ,
0(
#24745000
1A
b0 M
1(
#24750000
b10101 ,
0(
#24755000
b0 @
1$
b1100010 #
b1100010 /
b1100010 =
1"
0A
1(
#24760000
b10110 ,
0(
#24765000
b0 :
0$
0"
1(
#24770000
b1100011 -
0(
#24775000
1(
#24780000
1)
b1100011 +
b1100011 .
b1100011 D
0(
#24785000
0!
1%
b1 P
0O
b1100011 N
1(
#24790000
b0 ,
0)
0(
#24795000
1Q
0>
1(
#24800000
b1 ,
0(
#24805000
0?
b10 P
0Q
1(
#24810000
b10 ,
0(
#24815000
1Q
b1 @
1(
#24820000
b11 ,
0(
#24825000
1!
b10 @
b11 P
0Q
1(
#24830000
b100 ,
0(
#24835000
1Q
1>
1A
1(
#24840000
b101 ,
0(
#24845000
b11 @
0<
0A
1?
b1 M
0Q
1(
#24850000
b110 ,
0(
#24855000
1Q
1A
1(
#24860000
b111 ,
0(
#24865000
0!
b1 :
b1100011 ;
0A
b10 M
0Q
1(
#24870000
b1000 ,
0(
#24875000
1Q
0>
1A
1(
#24880000
b1001 ,
0(
#24885000
b10 :
0A
0?
b11 M
0Q
1(
#24890000
b1010 ,
0(
#24895000
1Q
1A
1(
#24900000
b1011 ,
0(
#24905000
b11 :
0A
b100 M
0Q
1(
#24910000
b1100 ,
0(
#24915000
1Q
1A
1(
#24920000
b1101 ,
0(
#24925000
1!
b100 :
0A
b101 M
0Q
1(
#24930000
b1110 ,
0(
#24935000
1Q
1>
1A
1(
#24940000
b1111 ,
0(
#24945000
b101 :
0A
1?
b110 M
0Q
1(
#24950000
b10000 ,
0(
#24955000
1Q
1A
1(
#24960000
b10001 ,
0(
#24965000
b110 :
0A
b100 P
0Q
1(
#24970000
b10010 ,
0(
#24975000
1Q
1A
1(
#24980000
b10011 ,
0(
#24985000
b100 @
0A
0%
b0 P
0Q
1(
#24990000
b10100 ,
0(
#24995000
b0 M
1A
1(
#25000000
b10101 ,
0(
#25005000
b0 @
1$
b1100011 #
b1100011 /
b1100011 =
1"
0A
1(
#25010000
b10110 ,
0(
#25015000
b0 :
0$
0"
1(
#25020000
b1100100 -
0(
#25025000
1(
#25030000
1)
b1100100 +
b1100100 .
b1100100 D
0(
#25035000
0!
1%
b1 P
1O
b1100100 N
1(
#25040000
b0 ,
0)
0(
#25045000
0>
1Q
1(
#25050000
b1 ,
0(
#25055000
1!
b10 P
0Q
0?
1(
#25060000
b10 ,
0(
#25065000
b1 @
1>
1Q
1(
#25070000
b11 ,
0(
#25075000
0!
b11 P
0Q
1?
b10 @
1(
#25080000
b100 ,
0(
#25085000
1A
0>
1Q
1(
#25090000
b101 ,
0(
#25095000
b1 M
0Q
0?
b11 @
1<
0A
1(
#25100000
b110 ,
0(
#25105000
1A
1Q
1(
#25110000
b111 ,
0(
#25115000
1!
b10 M
0Q
b1 :
b1100010 ;
0A
1(
#25120000
b1000 ,
0(
#25125000
1A
1>
1Q
1(
#25130000
b1001 ,
0(
#25135000
0!
b11 M
0Q
1?
b10 :
b1100000 ;
0A
1(
#25140000
b1010 ,
0(
#25145000
1A
0>
1Q
1(
#25150000
b1011 ,
0(
#25155000
b100 M
0Q
0?
b11 :
b1100100 ;
0A
1(
#25160000
b1100 ,
0(
#25165000
1A
1Q
1(
#25170000
b1101 ,
0(
#25175000
1!
b101 M
0Q
b100 :
0A
1(
#25180000
b1110 ,
0(
#25185000
1A
1>
1Q
1(
#25190000
b1111 ,
0(
#25195000
b110 M
0Q
1?
b101 :
0A
1(
#25200000
b10000 ,
0(
#25205000
1A
1Q
1(
#25210000
b10001 ,
0(
#25215000
b100 P
0Q
b110 :
0A
1(
#25220000
b10010 ,
0(
#25225000
1A
1Q
1(
#25230000
b10011 ,
0(
#25235000
0%
b0 P
0Q
b100 @
0A
1(
#25240000
b10100 ,
0(
#25245000
1A
b0 M
1(
#25250000
b10101 ,
0(
#25255000
b0 @
1$
b1100100 #
b1100100 /
b1100100 =
1"
0A
1(
#25260000
b10110 ,
0(
#25265000
b0 :
0$
0"
1(
#25270000
b1100101 -
0(
#25275000
1(
#25280000
1)
b1100101 +
b1100101 .
b1100101 D
0(
#25285000
0!
1%
b1 P
0O
b1100101 N
1(
#25290000
b0 ,
0)
0(
#25295000
1Q
0>
1(
#25300000
b1 ,
0(
#25305000
0?
b10 P
0Q
1(
#25310000
b10 ,
0(
#25315000
1Q
b1 @
1(
#25320000
b11 ,
0(
#25325000
1!
b10 @
b11 P
0Q
1(
#25330000
b100 ,
0(
#25335000
1Q
1>
1A
1(
#25340000
b101 ,
0(
#25345000
0!
b11 @
0<
0A
1?
b1 M
0Q
1(
#25350000
b110 ,
0(
#25355000
1Q
0>
1A
1(
#25360000
b111 ,
0(
#25365000
1!
b1 :
b1100101 ;
0A
0?
b10 M
0Q
1(
#25370000
b1000 ,
0(
#25375000
1Q
1>
1A
1(
#25380000
b1001 ,
0(
#25385000
0!
b10 :
0A
1?
b11 M
0Q
1(
#25390000
b1010 ,
0(
#25395000
1Q
0>
1A
1(
#25400000
b1011 ,
0(
#25405000
b11 :
0A
0?
b100 M
0Q
1(
#25410000
b1100 ,
0(
#25415000
1Q
1A
1(
#25420000
b1101 ,
0(
#25425000
1!
b100 :
0A
b101 M
0Q
1(
#25430000
b1110 ,
0(
#25435000
1Q
1>
1A
1(
#25440000
b1111 ,
0(
#25445000
b101 :
0A
1?
b110 M
0Q
1(
#25450000
b10000 ,
0(
#25455000
1Q
1A
1(
#25460000
b10001 ,
0(
#25465000
b110 :
0A
b100 P
0Q
1(
#25470000
b10010 ,
0(
#25475000
1Q
1A
1(
#25480000
b10011 ,
0(
#25485000
b100 @
0A
0%
b0 P
0Q
1(
#25490000
b10100 ,
0(
#25495000
b0 M
1A
1(
#25500000
b10101 ,
0(
#25505000
b0 @
1$
b1100101 #
b1100101 /
b1100101 =
1"
0A
1(
#25510000
b10110 ,
0(
#25515000
b0 :
0$
0"
1(
#25520000
b1100110 -
0(
#25525000
1(
#25530000
1)
b1100110 +
b1100110 .
b1100110 D
0(
#25535000
0!
1%
b1 P
b1100110 N
1(
#25540000
b0 ,
0)
0(
#25545000
0>
1Q
1(
#25550000
b1 ,
0(
#25555000
b10 P
0Q
0?
1(
#25560000
b10 ,
0(
#25565000
b1 @
1Q
1(
#25570000
b11 ,
0(
#25575000
b11 P
0Q
b10 @
1(
#25580000
b100 ,
0(
#25585000
1A
1Q
1(
#25590000
b101 ,
0(
#25595000
1!
b1 M
0Q
b11 @
0A
1(
#25600000
b110 ,
0(
#25605000
1A
1>
1Q
1(
#25610000
b111 ,
0(
#25615000
b10 M
0Q
1?
b1 :
b1100100 ;
0A
1(
#25620000
b1000 ,
0(
#25625000
1A
1Q
1(
#25630000
b1001 ,
0(
#25635000
0!
b11 M
0Q
b10 :
b1100110 ;
0A
1(
#25640000
b1010 ,
0(
#25645000
1A
0>
1Q
1(
#25650000
b1011 ,
0(
#25655000
b100 M
0Q
0?
b11 :
0A
1(
#25660000
b1100 ,
0(
#25665000
1A
1Q
1(
#25670000
b1101 ,
0(
#25675000
1!
b101 M
0Q
b100 :
0A
1(
#25680000
b1110 ,
0(
#25685000
1A
1>
1Q
1(
#25690000
b1111 ,
0(
#25695000
b110 M
0Q
1?
b101 :
0A
1(
#25700000
b10000 ,
0(
#25705000
1A
1Q
1(
#25710000
b10001 ,
0(
#25715000
b100 P
0Q
b110 :
0A
1(
#25720000
b10010 ,
0(
#25725000
1A
1Q
1(
#25730000
b10011 ,
0(
#25735000
0%
b0 P
0Q
b100 @
0A
1(
#25740000
b10100 ,
0(
#25745000
1A
b0 M
1(
#25750000
b10101 ,
0(
#25755000
b0 @
1$
b1100110 #
b1100110 /
b1100110 =
1"
0A
1(
#25760000
b10110 ,
0(
#25765000
b0 :
0$
0"
1(
#25770000
b1100111 -
0(
#25775000
1(
#25780000
1)
b1100111 +
b1100111 .
b1100111 D
0(
#25785000
0!
1%
b1 P
1O
b1100111 N
1(
#25790000
b0 ,
0)
0(
#25795000
1Q
0>
1(
#25800000
b1 ,
0(
#25805000
1!
0?
b10 P
0Q
1(
#25810000
b10 ,
0(
#25815000
1Q
1>
b1 @
1(
#25820000
b11 ,
0(
#25825000
b10 @
1?
b11 P
0Q
1(
#25830000
b100 ,
0(
#25835000
1Q
1A
1(
#25840000
b101 ,
0(
#25845000
b11 @
1<
0A
b1 M
0Q
1(
#25850000
b110 ,
0(
#25855000
1Q
1A
1(
#25860000
b111 ,
0(
#25865000
b1 :
b1100111 ;
0A
b10 M
0Q
1(
#25870000
b1000 ,
0(
#25875000
1Q
1A
1(
#25880000
b1001 ,
0(
#25885000
0!
b10 :
0A
b11 M
0Q
1(
#25890000
b1010 ,
0(
#25895000
1Q
0>
1A
1(
#25900000
b1011 ,
0(
#25905000
b11 :
0A
0?
b100 M
0Q
1(
#25910000
b1100 ,
0(
#25915000
1Q
1A
1(
#25920000
b1101 ,
0(
#25925000
1!
b100 :
0A
b101 M
0Q
1(
#25930000
b1110 ,
0(
#25935000
1Q
1>
1A
1(
#25940000
b1111 ,
0(
#25945000
b101 :
0A
1?
b110 M
0Q
1(
#25950000
b10000 ,
0(
#25955000
1Q
1A
1(
#25960000
b10001 ,
0(
#25965000
b110 :
0A
b100 P
0Q
1(
#25970000
b10010 ,
0(
#25975000
1Q
1A
1(
#25980000
b10011 ,
0(
#25985000
b100 @
0A
0%
b0 P
0Q
1(
#25990000
b10100 ,
0(
#25995000
b0 M
1A
1(
#26000000
b10101 ,
0(
#26005000
b0 @
1$
b1100111 #
b1100111 /
b1100111 =
1"
0A
1(
#26010000
b10110 ,
0(
#26015000
b0 :
0$
0"
1(
#26020000
b1101000 -
0(
#26025000
1(
#26030000
1)
b1101000 +
b1101000 .
b1101000 D
0(
#26035000
0!
1%
b1 P
b1101000 N
1(
#26040000
b0 ,
0)
0(
#26045000
0>
1Q
1(
#26050000
b1 ,
0(
#26055000
1!
b10 P
0Q
0?
1(
#26060000
b10 ,
0(
#26065000
b1 @
1>
1Q
1(
#26070000
b11 ,
0(
#26075000
0!
b11 P
0Q
1?
b10 @
1(
#26080000
b100 ,
0(
#26085000
1A
0>
1Q
1(
#26090000
b101 ,
0(
#26095000
b1 M
0Q
0?
b11 @
0A
1(
#26100000
b110 ,
0(
#26105000
1A
1Q
1(
#26110000
b111 ,
0(
#26115000
b10 M
0Q
b1 :
b1100110 ;
0A
1(
#26120000
b1000 ,
0(
#26125000
1A
1Q
1(
#26130000
b1001 ,
0(
#26135000
1!
b11 M
0Q
b10 :
b1100100 ;
0A
1(
#26140000
b1010 ,
0(
#26145000
1A
1>
1Q
1(
#26150000
b1011 ,
0(
#26155000
0!
b100 M
0Q
1?
b11 :
b1100000 ;
0A
1(
#26160000
b1100 ,
0(
#26165000
1A
0>
1Q
1(
#26170000
b1101 ,
0(
#26175000
1!
b101 M
0Q
0?
b100 :
b1101000 ;
0A
1(
#26180000
b1110 ,
0(
#26185000
1A
1>
1Q
1(
#26190000
b1111 ,
0(
#26195000
b110 M
0Q
1?
b101 :
0A
1(
#26200000
b10000 ,
0(
#26205000
1A
1Q
1(
#26210000
b10001 ,
0(
#26215000
b100 P
0Q
b110 :
0A
1(
#26220000
b10010 ,
0(
#26225000
1A
1Q
1(
#26230000
b10011 ,
0(
#26235000
0%
b0 P
0Q
b100 @
0A
1(
#26240000
b10100 ,
0(
#26245000
1A
b0 M
1(
#26250000
b10101 ,
0(
#26255000
b0 @
1$
b1101000 #
b1101000 /
b1101000 =
1"
0A
1(
#26260000
b10110 ,
0(
#26265000
b0 :
0$
0"
1(
#26270000
b1101001 -
0(
#26275000
1(
#26280000
1)
b1101001 +
b1101001 .
b1101001 D
0(
#26285000
0!
1%
b1 P
0O
b1101001 N
1(
#26290000
b0 ,
0)
0(
#26295000
1Q
0>
1(
#26300000
b1 ,
0(
#26305000
0?
b10 P
0Q
1(
#26310000
b10 ,
0(
#26315000
1Q
b1 @
1(
#26320000
b11 ,
0(
#26325000
1!
b10 @
b11 P
0Q
1(
#26330000
b100 ,
0(
#26335000
1Q
1>
1A
1(
#26340000
b101 ,
0(
#26345000
0!
b11 @
0<
0A
1?
b1 M
0Q
1(
#26350000
b110 ,
0(
#26355000
1Q
0>
1A
1(
#26360000
b111 ,
0(
#26365000
b1 :
b1101001 ;
0A
0?
b10 M
0Q
1(
#26370000
b1000 ,
0(
#26375000
1Q
1A
1(
#26380000
b1001 ,
0(
#26385000
1!
b10 :
0A
b11 M
0Q
1(
#26390000
b1010 ,
0(
#26395000
1Q
1>
1A
1(
#26400000
b1011 ,
0(
#26405000
0!
b11 :
0A
1?
b100 M
0Q
1(
#26410000
b1100 ,
0(
#26415000
1Q
0>
1A
1(
#26420000
b1101 ,
0(
#26425000
1!
b100 :
0A
0?
b101 M
0Q
1(
#26430000
b1110 ,
0(
#26435000
1Q
1>
1A
1(
#26440000
b1111 ,
0(
#26445000
b101 :
0A
1?
b110 M
0Q
1(
#26450000
b10000 ,
0(
#26455000
1Q
1A
1(
#26460000
b10001 ,
0(
#26465000
b110 :
0A
b100 P
0Q
1(
#26470000
b10010 ,
0(
#26475000
1Q
1A
1(
#26480000
b10011 ,
0(
#26485000
b100 @
0A
0%
b0 P
0Q
1(
#26490000
b10100 ,
0(
#26495000
b0 M
1A
1(
#26500000
b10101 ,
0(
#26505000
b0 @
1$
b1101001 #
b1101001 /
b1101001 =
1"
0A
1(
#26510000
b10110 ,
0(
#26515000
b0 :
0$
0"
1(
#26520000
b1101010 -
0(
#26525000
1(
#26530000
1)
b1101010 +
b1101010 .
b1101010 D
0(
#26535000
0!
1%
b1 P
b1101010 N
1(
#26540000
b0 ,
0)
0(
#26545000
0>
1Q
1(
#26550000
b1 ,
0(
#26555000
b10 P
0Q
0?
1(
#26560000
b10 ,
0(
#26565000
b1 @
1Q
1(
#26570000
b11 ,
0(
#26575000
b11 P
0Q
b10 @
1(
#26580000
b100 ,
0(
#26585000
1A
1Q
1(
#26590000
b101 ,
0(
#26595000
1!
b1 M
0Q
b11 @
0A
1(
#26600000
b110 ,
0(
#26605000
1A
1>
1Q
1(
#26610000
b111 ,
0(
#26615000
0!
b10 M
0Q
1?
b1 :
b1101000 ;
0A
1(
#26620000
b1000 ,
0(
#26625000
1A
0>
1Q
1(
#26630000
b1001 ,
0(
#26635000
1!
b11 M
0Q
0?
b10 :
b1101010 ;
0A
1(
#26640000
b1010 ,
0(
#26645000
1A
1>
1Q
1(
#26650000
b1011 ,
0(
#26655000
0!
b100 M
0Q
1?
b11 :
0A
1(
#26660000
b1100 ,
0(
#26665000
1A
0>
1Q
1(
#26670000
b1101 ,
0(
#26675000
1!
b101 M
0Q
0?
b100 :
0A
1(
#26680000
b1110 ,
0(
#26685000
1A
1>
1Q
1(
#26690000
b1111 ,
0(
#26695000
b110 M
0Q
1?
b101 :
0A
1(
#26700000
b10000 ,
0(
#26705000
1A
1Q
1(
#26710000
b10001 ,
0(
#26715000
b100 P
0Q
b110 :
0A
1(
#26720000
b10010 ,
0(
#26725000
1A
1Q
1(
#26730000
b10011 ,
0(
#26735000
0%
b0 P
0Q
b100 @
0A
1(
#26740000
b10100 ,
0(
#26745000
1A
b0 M
1(
#26750000
b10101 ,
0(
#26755000
b0 @
1$
b1101010 #
b1101010 /
b1101010 =
1"
0A
1(
#26760000
b10110 ,
0(
#26765000
b0 :
0$
0"
1(
#26770000
b1101011 -
0(
#26775000
1(
#26780000
1)
b1101011 +
b1101011 .
b1101011 D
0(
#26785000
0!
1%
b1 P
1O
b1101011 N
1(
#26790000
b0 ,
0)
0(
#26795000
1Q
0>
1(
#26800000
b1 ,
0(
#26805000
1!
0?
b10 P
0Q
1(
#26810000
b10 ,
0(
#26815000
1Q
1>
b1 @
1(
#26820000
b11 ,
0(
#26825000
b10 @
1?
b11 P
0Q
1(
#26830000
b100 ,
0(
#26835000
1Q
1A
1(
#26840000
b101 ,
0(
#26845000
b11 @
1<
0A
b1 M
0Q
1(
#26850000
b110 ,
0(
#26855000
1Q
1A
1(
#26860000
b111 ,
0(
#26865000
0!
b1 :
b1101011 ;
0A
b10 M
0Q
1(
#26870000
b1000 ,
0(
#26875000
1Q
0>
1A
1(
#26880000
b1001 ,
0(
#26885000
1!
b10 :
0A
0?
b11 M
0Q
1(
#26890000
b1010 ,
0(
#26895000
1Q
1>
1A
1(
#26900000
b1011 ,
0(
#26905000
0!
b11 :
0A
1?
b100 M
0Q
1(
#26910000
b1100 ,
0(
#26915000
1Q
0>
1A
1(
#26920000
b1101 ,
0(
#26925000
1!
b100 :
0A
0?
b101 M
0Q
1(
#26930000
b1110 ,
0(
#26935000
1Q
1>
1A
1(
#26940000
b1111 ,
0(
#26945000
b101 :
0A
1?
b110 M
0Q
1(
#26950000
b10000 ,
0(
#26955000
1Q
1A
1(
#26960000
b10001 ,
0(
#26965000
b110 :
0A
b100 P
0Q
1(
#26970000
b10010 ,
0(
#26975000
1Q
1A
1(
#26980000
b10011 ,
0(
#26985000
b100 @
0A
0%
b0 P
0Q
1(
#26990000
b10100 ,
0(
#26995000
b0 M
1A
1(
#27000000
b10101 ,
0(
#27005000
b0 @
1$
b1101011 #
b1101011 /
b1101011 =
1"
0A
1(
#27010000
b10110 ,
0(
#27015000
b0 :
0$
0"
1(
#27020000
b1101100 -
0(
#27025000
1(
#27030000
1)
b1101100 +
b1101100 .
b1101100 D
0(
#27035000
0!
1%
b1 P
0O
b1101100 N
1(
#27040000
b0 ,
0)
0(
#27045000
0>
1Q
1(
#27050000
b1 ,
0(
#27055000
b10 P
0Q
0?
1(
#27060000
b10 ,
0(
#27065000
b1 @
1Q
1(
#27070000
b11 ,
0(
#27075000
b11 P
0Q
b10 @
1(
#27080000
b100 ,
0(
#27085000
1A
1Q
1(
#27090000
b101 ,
0(
#27095000
b1 M
0Q
b11 @
0<
0A
1(
#27100000
b110 ,
0(
#27105000
1A
1Q
1(
#27110000
b111 ,
0(
#27115000
1!
b10 M
0Q
b1 :
b1101010 ;
0A
1(
#27120000
b1000 ,
0(
#27125000
1A
1>
1Q
1(
#27130000
b1001 ,
0(
#27135000
b11 M
0Q
1?
b10 :
b1101000 ;
0A
1(
#27140000
b1010 ,
0(
#27145000
1A
1Q
1(
#27150000
b1011 ,
0(
#27155000
0!
b100 M
0Q
b11 :
b1101100 ;
0A
1(
#27160000
b1100 ,
0(
#27165000
1A
0>
1Q
1(
#27170000
b1101 ,
0(
#27175000
1!
b101 M
0Q
0?
b100 :
0A
1(
#27180000
b1110 ,
0(
#27185000
1A
1>
1Q
1(
#27190000
b1111 ,
0(
#27195000
b110 M
0Q
1?
b101 :
0A
1(
#27200000
b10000 ,
0(
#27205000
1A
1Q
1(
#27210000
b10001 ,
0(
#27215000
b100 P
0Q
b110 :
0A
1(
#27220000
b10010 ,
0(
#27225000
1A
1Q
1(
#27230000
b10011 ,
0(
#27235000
0%
b0 P
0Q
b100 @
0A
1(
#27240000
b10100 ,
0(
#27245000
1A
b0 M
1(
#27250000
b10101 ,
0(
#27255000
b0 @
1$
b1101100 #
b1101100 /
b1101100 =
1"
0A
1(
#27260000
b10110 ,
0(
#27265000
b0 :
0$
0"
1(
#27270000
b1101101 -
0(
#27275000
1(
#27280000
1)
b1101101 +
b1101101 .
b1101101 D
0(
#27285000
0!
1%
b1 P
1O
b1101101 N
1(
#27290000
b0 ,
0)
0(
#27295000
1Q
0>
1(
#27300000
b1 ,
0(
#27305000
1!
0?
b10 P
0Q
1(
#27310000
b10 ,
0(
#27315000
1Q
1>
b1 @
1(
#27320000
b11 ,
0(
#27325000
b10 @
1?
b11 P
0Q
1(
#27330000
b100 ,
0(
#27335000
1Q
1A
1(
#27340000
b101 ,
0(
#27345000
0!
b11 @
1<
0A
b1 M
0Q
1(
#27350000
b110 ,
0(
#27355000
1Q
0>
1A
1(
#27360000
b111 ,
0(
#27365000
1!
b1 :
b1101101 ;
0A
0?
b10 M
0Q
1(
#27370000
b1000 ,
0(
#27375000
1Q
1>
1A
1(
#27380000
b1001 ,
0(
#27385000
b10 :
0A
1?
b11 M
0Q
1(
#27390000
b1010 ,
0(
#27395000
1Q
1A
1(
#27400000
b1011 ,
0(
#27405000
0!
b11 :
0A
b100 M
0Q
1(
#27410000
b1100 ,
0(
#27415000
1Q
0>
1A
1(
#27420000
b1101 ,
0(
#27425000
1!
b100 :
0A
0?
b101 M
0Q
1(
#27430000
b1110 ,
0(
#27435000
1Q
1>
1A
1(
#27440000
b1111 ,
0(
#27445000
b101 :
0A
1?
b110 M
0Q
1(
#27450000
b10000 ,
0(
#27455000
1Q
1A
1(
#27460000
b10001 ,
0(
#27465000
b110 :
0A
b100 P
0Q
1(
#27470000
b10010 ,
0(
#27475000
1Q
1A
1(
#27480000
b10011 ,
0(
#27485000
b100 @
0A
0%
b0 P
0Q
1(
#27490000
b10100 ,
0(
#27495000
b0 M
1A
1(
#27500000
b10101 ,
0(
#27505000
b0 @
1$
b1101101 #
b1101101 /
b1101101 =
1"
0A
1(
#27510000
b10110 ,
0(
#27515000
b0 :
0$
0"
1(
#27520000
b1101110 -
0(
#27525000
1(
#27530000
1)
b1101110 +
b1101110 .
b1101110 D
0(
#27535000
0!
1%
b1 P
b1101110 N
1(
#27540000
b0 ,
0)
0(
#27545000
0>
1Q
1(
#27550000
b1 ,
0(
#27555000
1!
b10 P
0Q
0?
1(
#27560000
b10 ,
0(
#27565000
b1 @
1>
1Q
1(
#27570000
b11 ,
0(
#27575000
0!
b11 P
0Q
1?
b10 @
1(
#27580000
b100 ,
0(
#27585000
1A
0>
1Q
1(
#27590000
b101 ,
0(
#27595000
1!
b1 M
0Q
0?
b11 @
0A
1(
#27600000
b110 ,
0(
#27605000
1A
1>
1Q
1(
#27610000
b111 ,
0(
#27615000
b10 M
0Q
1?
b1 :
b1101100 ;
0A
1(
#27620000
b1000 ,
0(
#27625000
1A
1Q
1(
#27630000
b1001 ,
0(
#27635000
b11 M
0Q
b10 :
b1101110 ;
0A
1(
#27640000
b1010 ,
0(
#27645000
1A
1Q
1(
#27650000
b1011 ,
0(
#27655000
0!
b100 M
0Q
b11 :
0A
1(
#27660000
b1100 ,
0(
#27665000
1A
0>
1Q
1(
#27670000
b1101 ,
0(
#27675000
1!
b101 M
0Q
0?
b100 :
0A
1(
#27680000
b1110 ,
0(
#27685000
1A
1>
1Q
1(
#27690000
b1111 ,
0(
#27695000
b110 M
0Q
1?
b101 :
0A
1(
#27700000
b10000 ,
0(
#27705000
1A
1Q
1(
#27710000
b10001 ,
0(
#27715000
b100 P
0Q
b110 :
0A
1(
#27720000
b10010 ,
0(
#27725000
1A
1Q
1(
#27730000
b10011 ,
0(
#27735000
0%
b0 P
0Q
b100 @
0A
1(
#27740000
b10100 ,
0(
#27745000
1A
b0 M
1(
#27750000
b10101 ,
0(
#27755000
b0 @
1$
b1101110 #
b1101110 /
b1101110 =
1"
0A
1(
#27760000
b10110 ,
0(
#27765000
b0 :
0$
0"
1(
#27770000
b1101111 -
0(
#27775000
1(
#27780000
1)
b1101111 +
b1101111 .
b1101111 D
0(
#27785000
0!
1%
b1 P
0O
b1101111 N
1(
#27790000
b0 ,
0)
0(
#27795000
1Q
0>
1(
#27800000
b1 ,
0(
#27805000
0?
b10 P
0Q
1(
#27810000
b10 ,
0(
#27815000
1Q
b1 @
1(
#27820000
b11 ,
0(
#27825000
1!
b10 @
b11 P
0Q
1(
#27830000
b100 ,
0(
#27835000
1Q
1>
1A
1(
#27840000
b101 ,
0(
#27845000
b11 @
0<
0A
1?
b1 M
0Q
1(
#27850000
b110 ,
0(
#27855000
1Q
1A
1(
#27860000
b111 ,
0(
#27865000
b1 :
b1101111 ;
0A
b10 M
0Q
1(
#27870000
b1000 ,
0(
#27875000
1Q
1A
1(
#27880000
b1001 ,
0(
#27885000
b10 :
0A
b11 M
0Q
1(
#27890000
b1010 ,
0(
#27895000
1Q
1A
1(
#27900000
b1011 ,
0(
#27905000
0!
b11 :
0A
b100 M
0Q
1(
#27910000
b1100 ,
0(
#27915000
1Q
0>
1A
1(
#27920000
b1101 ,
0(
#27925000
1!
b100 :
0A
0?
b101 M
0Q
1(
#27930000
b1110 ,
0(
#27935000
1Q
1>
1A
1(
#27940000
b1111 ,
0(
#27945000
b101 :
0A
1?
b110 M
0Q
1(
#27950000
b10000 ,
0(
#27955000
1Q
1A
1(
#27960000
b10001 ,
0(
#27965000
b110 :
0A
b100 P
0Q
1(
#27970000
b10010 ,
0(
#27975000
1Q
1A
1(
#27980000
b10011 ,
0(
#27985000
b100 @
0A
0%
b0 P
0Q
1(
#27990000
b10100 ,
0(
#27995000
b0 M
1A
1(
#28000000
b10101 ,
0(
#28005000
b0 @
1$
b1101111 #
b1101111 /
b1101111 =
1"
0A
1(
#28010000
b10110 ,
0(
#28015000
b0 :
0$
0"
1(
#28020000
b1110000 -
0(
#28025000
1(
#28030000
1)
b1110000 +
b1110000 .
b1110000 D
0(
#28035000
0!
1%
b1 P
1O
b1110000 N
1(
#28040000
b0 ,
0)
0(
#28045000
0>
1Q
1(
#28050000
b1 ,
0(
#28055000
1!
b10 P
0Q
0?
1(
#28060000
b10 ,
0(
#28065000
b1 @
1>
1Q
1(
#28070000
b11 ,
0(
#28075000
0!
b11 P
0Q
1?
b10 @
1(
#28080000
b100 ,
0(
#28085000
1A
0>
1Q
1(
#28090000
b101 ,
0(
#28095000
b1 M
0Q
0?
b11 @
1<
0A
1(
#28100000
b110 ,
0(
#28105000
1A
1Q
1(
#28110000
b111 ,
0(
#28115000
b10 M
0Q
b1 :
b1101110 ;
0A
1(
#28120000
b1000 ,
0(
#28125000
1A
1Q
1(
#28130000
b1001 ,
0(
#28135000
b11 M
0Q
b10 :
b1101100 ;
0A
1(
#28140000
b1010 ,
0(
#28145000
1A
1Q
1(
#28150000
b1011 ,
0(
#28155000
1!
b100 M
0Q
b11 :
b1101000 ;
0A
1(
#28160000
b1100 ,
0(
#28165000
1A
1>
1Q
1(
#28170000
b1101 ,
0(
#28175000
b101 M
0Q
1?
b100 :
b1100000 ;
0A
1(
#28180000
b1110 ,
0(
#28185000
1A
1Q
1(
#28190000
b1111 ,
0(
#28195000
b110 M
0Q
b101 :
b1110000 ;
0A
1(
#28200000
b10000 ,
0(
#28205000
1A
1Q
1(
#28210000
b10001 ,
0(
#28215000
b100 P
0Q
b110 :
0A
1(
#28220000
b10010 ,
0(
#28225000
1A
1Q
1(
#28230000
b10011 ,
0(
#28235000
0%
b0 P
0Q
b100 @
0A
1(
#28240000
b10100 ,
0(
#28245000
1A
b0 M
1(
#28250000
b10101 ,
0(
#28255000
b0 @
1$
b1110000 #
b1110000 /
b1110000 =
1"
0A
1(
#28260000
b10110 ,
0(
#28265000
b0 :
0$
0"
1(
#28270000
b1110001 -
0(
#28275000
1(
#28280000
1)
b1110001 +
b1110001 .
b1110001 D
0(
#28285000
0!
1%
b1 P
0O
b1110001 N
1(
#28290000
b0 ,
0)
0(
#28295000
1Q
0>
1(
#28300000
b1 ,
0(
#28305000
0?
b10 P
0Q
1(
#28310000
b10 ,
0(
#28315000
1Q
b1 @
1(
#28320000
b11 ,
0(
#28325000
1!
b10 @
b11 P
0Q
1(
#28330000
b100 ,
0(
#28335000
1Q
1>
1A
1(
#28340000
b101 ,
0(
#28345000
0!
b11 @
0<
0A
1?
b1 M
0Q
1(
#28350000
b110 ,
0(
#28355000
1Q
0>
1A
1(
#28360000
b111 ,
0(
#28365000
b1 :
b1110001 ;
0A
0?
b10 M
0Q
1(
#28370000
b1000 ,
0(
#28375000
1Q
1A
1(
#28380000
b1001 ,
0(
#28385000
b10 :
0A
b11 M
0Q
1(
#28390000
b1010 ,
0(
#28395000
1Q
1A
1(
#28400000
b1011 ,
0(
#28405000
1!
b11 :
0A
b100 M
0Q
1(
#28410000
b1100 ,
0(
#28415000
1Q
1>
1A
1(
#28420000
b1101 ,
0(
#28425000
b100 :
0A
1?
b101 M
0Q
1(
#28430000
b1110 ,
0(
#28435000
1Q
1A
1(
#28440000
b1111 ,
0(
#28445000
b101 :
0A
b110 M
0Q
1(
#28450000
b10000 ,
0(
#28455000
1Q
1A
1(
#28460000
b10001 ,
0(
#28465000
b110 :
0A
b100 P
0Q
1(
#28470000
b10010 ,
0(
#28475000
1Q
1A
1(
#28480000
b10011 ,
0(
#28485000
b100 @
0A
0%
b0 P
0Q
1(
#28490000
b10100 ,
0(
#28495000
b0 M
1A
1(
#28500000
b10101 ,
0(
#28505000
b0 @
1$
b1110001 #
b1110001 /
b1110001 =
1"
0A
1(
#28510000
b10110 ,
0(
#28515000
b0 :
0$
0"
1(
#28520000
b1110010 -
0(
#28525000
1(
#28530000
1)
b1110010 +
b1110010 .
b1110010 D
0(
#28535000
0!
1%
b1 P
b1110010 N
1(
#28540000
b0 ,
0)
0(
#28545000
0>
1Q
1(
#28550000
b1 ,
0(
#28555000
b10 P
0Q
0?
1(
#28560000
b10 ,
0(
#28565000
b1 @
1Q
1(
#28570000
b11 ,
0(
#28575000
b11 P
0Q
b10 @
1(
#28580000
b100 ,
0(
#28585000
1A
1Q
1(
#28590000
b101 ,
0(
#28595000
1!
b1 M
0Q
b11 @
0A
1(
#28600000
b110 ,
0(
#28605000
1A
1>
1Q
1(
#28610000
b111 ,
0(
#28615000
0!
b10 M
0Q
1?
b1 :
b1110000 ;
0A
1(
#28620000
b1000 ,
0(
#28625000
1A
0>
1Q
1(
#28630000
b1001 ,
0(
#28635000
b11 M
0Q
0?
b10 :
b1110010 ;
0A
1(
#28640000
b1010 ,
0(
#28645000
1A
1Q
1(
#28650000
b1011 ,
0(
#28655000
1!
b100 M
0Q
b11 :
0A
1(
#28660000
b1100 ,
0(
#28665000
1A
1>
1Q
1(
#28670000
b1101 ,
0(
#28675000
b101 M
0Q
1?
b100 :
0A
1(
#28680000
b1110 ,
0(
#28685000
1A
1Q
1(
#28690000
b1111 ,
0(
#28695000
b110 M
0Q
b101 :
0A
1(
#28700000
b10000 ,
0(
#28705000
1A
1Q
1(
#28710000
b10001 ,
0(
#28715000
b100 P
0Q
b110 :
0A
1(
#28720000
b10010 ,
0(
#28725000
1A
1Q
1(
#28730000
b10011 ,
0(
#28735000
0%
b0 P
0Q
b100 @
0A
1(
#28740000
b10100 ,
0(
#28745000
1A
b0 M
1(
#28750000
b10101 ,
0(
#28755000
b0 @
1$
b1110010 #
b1110010 /
b1110010 =
1"
0A
1(
#28760000
b10110 ,
0(
#28765000
b0 :
0$
0"
1(
#28770000
b1110011 -
0(
#28775000
1(
#28780000
1)
b1110011 +
b1110011 .
b1110011 D
0(
#28785000
0!
1%
b1 P
1O
b1110011 N
1(
#28790000
b0 ,
0)
0(
#28795000
1Q
0>
1(
#28800000
b1 ,
0(
#28805000
1!
0?
b10 P
0Q
1(
#28810000
b10 ,
0(
#28815000
1Q
1>
b1 @
1(
#28820000
b11 ,
0(
#28825000
b10 @
1?
b11 P
0Q
1(
#28830000
b100 ,
0(
#28835000
1Q
1A
1(
#28840000
b101 ,
0(
#28845000
b11 @
1<
0A
b1 M
0Q
1(
#28850000
b110 ,
0(
#28855000
1Q
1A
1(
#28860000
b111 ,
0(
#28865000
0!
b1 :
b1110011 ;
0A
b10 M
0Q
1(
#28870000
b1000 ,
0(
#28875000
1Q
0>
1A
1(
#28880000
b1001 ,
0(
#28885000
b10 :
0A
0?
b11 M
0Q
1(
#28890000
b1010 ,
0(
#28895000
1Q
1A
1(
#28900000
b1011 ,
0(
#28905000
1!
b11 :
0A
b100 M
0Q
1(
#28910000
b1100 ,
0(
#28915000
1Q
1>
1A
1(
#28920000
b1101 ,
0(
#28925000
b100 :
0A
1?
b101 M
0Q
1(
#28930000
b1110 ,
0(
#28935000
1Q
1A
1(
#28940000
b1111 ,
0(
#28945000
b101 :
0A
b110 M
0Q
1(
#28950000
b10000 ,
0(
#28955000
1Q
1A
1(
#28960000
b10001 ,
0(
#28965000
b110 :
0A
b100 P
0Q
1(
#28970000
b10010 ,
0(
#28975000
1Q
1A
1(
#28980000
b10011 ,
0(
#28985000
b100 @
0A
0%
b0 P
0Q
1(
#28990000
b10100 ,
0(
#28995000
b0 M
1A
1(
#29000000
b10101 ,
0(
#29005000
b0 @
1$
b1110011 #
b1110011 /
b1110011 =
1"
0A
1(
#29010000
b10110 ,
0(
#29015000
b0 :
0$
0"
1(
#29020000
b1110100 -
0(
#29025000
1(
#29030000
1)
b1110100 +
b1110100 .
b1110100 D
0(
#29035000
0!
1%
b1 P
0O
b1110100 N
1(
#29040000
b0 ,
0)
0(
#29045000
0>
1Q
1(
#29050000
b1 ,
0(
#29055000
b10 P
0Q
0?
1(
#29060000
b10 ,
0(
#29065000
b1 @
1Q
1(
#29070000
b11 ,
0(
#29075000
b11 P
0Q
b10 @
1(
#29080000
b100 ,
0(
#29085000
1A
1Q
1(
#29090000
b101 ,
0(
#29095000
b1 M
0Q
b11 @
0<
0A
1(
#29100000
b110 ,
0(
#29105000
1A
1Q
1(
#29110000
b111 ,
0(
#29115000
1!
b10 M
0Q
b1 :
b1110010 ;
0A
1(
#29120000
b1000 ,
0(
#29125000
1A
1>
1Q
1(
#29130000
b1001 ,
0(
#29135000
0!
b11 M
0Q
1?
b10 :
b1110000 ;
0A
1(
#29140000
b1010 ,
0(
#29145000
1A
0>
1Q
1(
#29150000
b1011 ,
0(
#29155000
1!
b100 M
0Q
0?
b11 :
b1110100 ;
0A
1(
#29160000
b1100 ,
0(
#29165000
1A
1>
1Q
1(
#29170000
b1101 ,
0(
#29175000
b101 M
0Q
1?
b100 :
0A
1(
#29180000
b1110 ,
0(
#29185000
1A
1Q
1(
#29190000
b1111 ,
0(
#29195000
b110 M
0Q
b101 :
0A
1(
#29200000
b10000 ,
0(
#29205000
1A
1Q
1(
#29210000
b10001 ,
0(
#29215000
b100 P
0Q
b110 :
0A
1(
#29220000
b10010 ,
0(
#29225000
1A
1Q
1(
#29230000
b10011 ,
0(
#29235000
0%
b0 P
0Q
b100 @
0A
1(
#29240000
b10100 ,
0(
#29245000
1A
b0 M
1(
#29250000
b10101 ,
0(
#29255000
b0 @
1$
b1110100 #
b1110100 /
b1110100 =
1"
0A
1(
#29260000
b10110 ,
0(
#29265000
b0 :
0$
0"
1(
#29270000
b1110101 -
0(
#29275000
1(
#29280000
1)
b1110101 +
b1110101 .
b1110101 D
0(
#29285000
0!
1%
b1 P
1O
b1110101 N
1(
#29290000
b0 ,
0)
0(
#29295000
1Q
0>
1(
#29300000
b1 ,
0(
#29305000
1!
0?
b10 P
0Q
1(
#29310000
b10 ,
0(
#29315000
1Q
1>
b1 @
1(
#29320000
b11 ,
0(
#29325000
b10 @
1?
b11 P
0Q
1(
#29330000
b100 ,
0(
#29335000
1Q
1A
1(
#29340000
b101 ,
0(
#29345000
0!
b11 @
1<
0A
b1 M
0Q
1(
#29350000
b110 ,
0(
#29355000
1Q
0>
1A
1(
#29360000
b111 ,
0(
#29365000
1!
b1 :
b1110101 ;
0A
0?
b10 M
0Q
1(
#29370000
b1000 ,
0(
#29375000
1Q
1>
1A
1(
#29380000
b1001 ,
0(
#29385000
0!
b10 :
0A
1?
b11 M
0Q
1(
#29390000
b1010 ,
0(
#29395000
1Q
0>
1A
1(
#29400000
b1011 ,
0(
#29405000
1!
b11 :
0A
0?
b100 M
0Q
1(
#29410000
b1100 ,
0(
#29415000
1Q
1>
1A
1(
#29420000
b1101 ,
0(
#29425000
b100 :
0A
1?
b101 M
0Q
1(
#29430000
b1110 ,
0(
#29435000
1Q
1A
1(
#29440000
b1111 ,
0(
#29445000
b101 :
0A
b110 M
0Q
1(
#29450000
b10000 ,
0(
#29455000
1Q
1A
1(
#29460000
b10001 ,
0(
#29465000
b110 :
0A
b100 P
0Q
1(
#29470000
b10010 ,
0(
#29475000
1Q
1A
1(
#29480000
b10011 ,
0(
#29485000
b100 @
0A
0%
b0 P
0Q
1(
#29490000
b10100 ,
0(
#29495000
b0 M
1A
1(
#29500000
b10101 ,
0(
#29505000
b0 @
1$
b1110101 #
b1110101 /
b1110101 =
1"
0A
1(
#29510000
b10110 ,
0(
#29515000
b0 :
0$
0"
1(
#29520000
b1110110 -
0(
#29525000
1(
#29530000
1)
b1110110 +
b1110110 .
b1110110 D
0(
#29535000
0!
1%
b1 P
b1110110 N
1(
#29540000
b0 ,
0)
0(
#29545000
0>
1Q
1(
#29550000
b1 ,
0(
#29555000
1!
b10 P
0Q
0?
1(
#29560000
b10 ,
0(
#29565000
b1 @
1>
1Q
1(
#29570000
b11 ,
0(
#29575000
0!
b11 P
0Q
1?
b10 @
1(
#29580000
b100 ,
0(
#29585000
1A
0>
1Q
1(
#29590000
b101 ,
0(
#29595000
1!
b1 M
0Q
0?
b11 @
0A
1(
#29600000
b110 ,
0(
#29605000
1A
1>
1Q
1(
#29610000
b111 ,
0(
#29615000
b10 M
0Q
1?
b1 :
b1110100 ;
0A
1(
#29620000
b1000 ,
0(
#29625000
1A
1Q
1(
#29630000
b1001 ,
0(
#29635000
0!
b11 M
0Q
b10 :
b1110110 ;
0A
1(
#29640000
b1010 ,
0(
#29645000
1A
0>
1Q
1(
#29650000
b1011 ,
0(
#29655000
1!
b100 M
0Q
0?
b11 :
0A
1(
#29660000
b1100 ,
0(
#29665000
1A
1>
1Q
1(
#29670000
b1101 ,
0(
#29675000
b101 M
0Q
1?
b100 :
0A
1(
#29680000
b1110 ,
0(
#29685000
1A
1Q
1(
#29690000
b1111 ,
0(
#29695000
b110 M
0Q
b101 :
0A
1(
#29700000
b10000 ,
0(
#29705000
1A
1Q
1(
#29710000
b10001 ,
0(
#29715000
b100 P
0Q
b110 :
0A
1(
#29720000
b10010 ,
0(
#29725000
1A
1Q
1(
#29730000
b10011 ,
0(
#29735000
0%
b0 P
0Q
b100 @
0A
1(
#29740000
b10100 ,
0(
#29745000
1A
b0 M
1(
#29750000
b10101 ,
0(
#29755000
b0 @
1$
b1110110 #
b1110110 /
b1110110 =
1"
0A
1(
#29760000
b10110 ,
0(
#29765000
b0 :
0$
0"
1(
#29770000
b1110111 -
0(
#29775000
1(
#29780000
1)
b1110111 +
b1110111 .
b1110111 D
0(
#29785000
0!
1%
b1 P
0O
b1110111 N
1(
#29790000
b0 ,
0)
0(
#29795000
1Q
0>
1(
#29800000
b1 ,
0(
#29805000
0?
b10 P
0Q
1(
#29810000
b10 ,
0(
#29815000
1Q
b1 @
1(
#29820000
b11 ,
0(
#29825000
1!
b10 @
b11 P
0Q
1(
#29830000
b100 ,
0(
#29835000
1Q
1>
1A
1(
#29840000
b101 ,
0(
#29845000
b11 @
0<
0A
1?
b1 M
0Q
1(
#29850000
b110 ,
0(
#29855000
1Q
1A
1(
#29860000
b111 ,
0(
#29865000
b1 :
b1110111 ;
0A
b10 M
0Q
1(
#29870000
b1000 ,
0(
#29875000
1Q
1A
1(
#29880000
b1001 ,
0(
#29885000
0!
b10 :
0A
b11 M
0Q
1(
#29890000
b1010 ,
0(
#29895000
1Q
0>
1A
1(
#29900000
b1011 ,
0(
#29905000
1!
b11 :
0A
0?
b100 M
0Q
1(
#29910000
b1100 ,
0(
#29915000
1Q
1>
1A
1(
#29920000
b1101 ,
0(
#29925000
b100 :
0A
1?
b101 M
0Q
1(
#29930000
b1110 ,
0(
#29935000
1Q
1A
1(
#29940000
b1111 ,
0(
#29945000
b101 :
0A
b110 M
0Q
1(
#29950000
b10000 ,
0(
#29955000
1Q
1A
1(
#29960000
b10001 ,
0(
#29965000
b110 :
0A
b100 P
0Q
1(
#29970000
b10010 ,
0(
#29975000
1Q
1A
1(
#29980000
b10011 ,
0(
#29985000
b100 @
0A
0%
b0 P
0Q
1(
#29990000
b10100 ,
0(
#29995000
b0 M
1A
1(
#30000000
b10101 ,
0(
#30005000
b0 @
1$
b1110111 #
b1110111 /
b1110111 =
1"
0A
1(
#30010000
b10110 ,
0(
#30015000
b0 :
0$
0"
1(
#30020000
b1111000 -
0(
#30025000
1(
#30030000
1)
b1111000 +
b1111000 .
b1111000 D
0(
#30035000
0!
1%
b1 P
b1111000 N
1(
#30040000
b0 ,
0)
0(
#30045000
0>
1Q
1(
#30050000
b1 ,
0(
#30055000
b10 P
0Q
0?
1(
#30060000
b10 ,
0(
#30065000
b1 @
1Q
1(
#30070000
b11 ,
0(
#30075000
b11 P
0Q
b10 @
1(
#30080000
b100 ,
0(
#30085000
1A
1Q
1(
#30090000
b101 ,
0(
#30095000
b1 M
0Q
b11 @
0A
1(
#30100000
b110 ,
0(
#30105000
1A
1Q
1(
#30110000
b111 ,
0(
#30115000
b10 M
0Q
b1 :
b1110110 ;
0A
1(
#30120000
b1000 ,
0(
#30125000
1A
1Q
1(
#30130000
b1001 ,
0(
#30135000
1!
b11 M
0Q
b10 :
b1110100 ;
0A
1(
#30140000
b1010 ,
0(
#30145000
1A
1>
1Q
1(
#30150000
b1011 ,
0(
#30155000
b100 M
0Q
1?
b11 :
b1110000 ;
0A
1(
#30160000
b1100 ,
0(
#30165000
1A
1Q
1(
#30170000
b1101 ,
0(
#30175000
b101 M
0Q
b100 :
b1111000 ;
0A
1(
#30180000
b1110 ,
0(
#30185000
1A
1Q
1(
#30190000
b1111 ,
0(
#30195000
b110 M
0Q
b101 :
0A
1(
#30200000
b10000 ,
0(
#30205000
1A
1Q
1(
#30210000
b10001 ,
0(
#30215000
b100 P
0Q
b110 :
0A
1(
#30220000
b10010 ,
0(
#30225000
1A
1Q
1(
#30230000
b10011 ,
0(
#30235000
0%
b0 P
0Q
b100 @
0A
1(
#30240000
b10100 ,
0(
#30245000
1A
b0 M
1(
#30250000
b10101 ,
0(
#30255000
b0 @
1$
b1111000 #
b1111000 /
b1111000 =
1"
0A
1(
#30260000
b10110 ,
0(
#30265000
b0 :
0$
0"
1(
#30270000
b1111001 -
0(
#30275000
1(
#30280000
1)
b1111001 +
b1111001 .
b1111001 D
0(
#30285000
0!
1%
b1 P
1O
b1111001 N
1(
#30290000
b0 ,
0)
0(
#30295000
1Q
0>
1(
#30300000
b1 ,
0(
#30305000
1!
0?
b10 P
0Q
1(
#30310000
b10 ,
0(
#30315000
1Q
1>
b1 @
1(
#30320000
b11 ,
0(
#30325000
b10 @
1?
b11 P
0Q
1(
#30330000
b100 ,
0(
#30335000
1Q
1A
1(
#30340000
b101 ,
0(
#30345000
0!
b11 @
1<
0A
b1 M
0Q
1(
#30350000
b110 ,
0(
#30355000
1Q
0>
1A
1(
#30360000
b111 ,
0(
#30365000
b1 :
b1111001 ;
0A
0?
b10 M
0Q
1(
#30370000
b1000 ,
0(
#30375000
1Q
1A
1(
#30380000
b1001 ,
0(
#30385000
1!
b10 :
0A
b11 M
0Q
1(
#30390000
b1010 ,
0(
#30395000
1Q
1>
1A
1(
#30400000
b1011 ,
0(
#30405000
b11 :
0A
1?
b100 M
0Q
1(
#30410000
b1100 ,
0(
#30415000
1Q
1A
1(
#30420000
b1101 ,
0(
#30425000
b100 :
0A
b101 M
0Q
1(
#30430000
b1110 ,
0(
#30435000
1Q
1A
1(
#30440000
b1111 ,
0(
#30445000
b101 :
0A
b110 M
0Q
1(
#30450000
b10000 ,
0(
#30455000
1Q
1A
1(
#30460000
b10001 ,
0(
#30465000
b110 :
0A
b100 P
0Q
1(
#30470000
b10010 ,
0(
#30475000
1Q
1A
1(
#30480000
b10011 ,
0(
#30485000
b100 @
0A
0%
b0 P
0Q
1(
#30490000
b10100 ,
0(
#30495000
b0 M
1A
1(
#30500000
b10101 ,
0(
#30505000
b0 @
1$
b1111001 #
b1111001 /
b1111001 =
1"
0A
1(
#30510000
b10110 ,
0(
#30515000
b0 :
0$
0"
1(
#30520000
b1111010 -
0(
#30525000
1(
#30530000
1)
b1111010 +
b1111010 .
b1111010 D
0(
#30535000
0!
1%
b1 P
b1111010 N
1(
#30540000
b0 ,
0)
0(
#30545000
0>
1Q
1(
#30550000
b1 ,
0(
#30555000
1!
b10 P
0Q
0?
1(
#30560000
b10 ,
0(
#30565000
b1 @
1>
1Q
1(
#30570000
b11 ,
0(
#30575000
0!
b11 P
0Q
1?
b10 @
1(
#30580000
b100 ,
0(
#30585000
1A
0>
1Q
1(
#30590000
b101 ,
0(
#30595000
1!
b1 M
0Q
0?
b11 @
0A
1(
#30600000
b110 ,
0(
#30605000
1A
1>
1Q
1(
#30610000
b111 ,
0(
#30615000
0!
b10 M
0Q
1?
b1 :
b1111000 ;
0A
1(
#30620000
b1000 ,
0(
#30625000
1A
0>
1Q
1(
#30630000
b1001 ,
0(
#30635000
1!
b11 M
0Q
0?
b10 :
b1111010 ;
0A
1(
#30640000
b1010 ,
0(
#30645000
1A
1>
1Q
1(
#30650000
b1011 ,
0(
#30655000
b100 M
0Q
1?
b11 :
0A
1(
#30660000
b1100 ,
0(
#30665000
1A
1Q
1(
#30670000
b1101 ,
0(
#30675000
b101 M
0Q
b100 :
0A
1(
#30680000
b1110 ,
0(
#30685000
1A
1Q
1(
#30690000
b1111 ,
0(
#30695000
b110 M
0Q
b101 :
0A
1(
#30700000
b10000 ,
0(
#30705000
1A
1Q
1(
#30710000
b10001 ,
0(
#30715000
b100 P
0Q
b110 :
0A
1(
#30720000
b10010 ,
0(
#30725000
1A
1Q
1(
#30730000
b10011 ,
0(
#30735000
0%
b0 P
0Q
b100 @
0A
1(
#30740000
b10100 ,
0(
#30745000
1A
b0 M
1(
#30750000
b10101 ,
0(
#30755000
b0 @
1$
b1111010 #
b1111010 /
b1111010 =
1"
0A
1(
#30760000
b10110 ,
0(
#30765000
b0 :
0$
0"
1(
#30770000
b1111011 -
0(
#30775000
1(
#30780000
1)
b1111011 +
b1111011 .
b1111011 D
0(
#30785000
0!
1%
b1 P
0O
b1111011 N
1(
#30790000
b0 ,
0)
0(
#30795000
1Q
0>
1(
#30800000
b1 ,
0(
#30805000
0?
b10 P
0Q
1(
#30810000
b10 ,
0(
#30815000
1Q
b1 @
1(
#30820000
b11 ,
0(
#30825000
1!
b10 @
b11 P
0Q
1(
#30830000
b100 ,
0(
#30835000
1Q
1>
1A
1(
#30840000
b101 ,
0(
#30845000
b11 @
0<
0A
1?
b1 M
0Q
1(
#30850000
b110 ,
0(
#30855000
1Q
1A
1(
#30860000
b111 ,
0(
#30865000
0!
b1 :
b1111011 ;
0A
b10 M
0Q
1(
#30870000
b1000 ,
0(
#30875000
1Q
0>
1A
1(
#30880000
b1001 ,
0(
#30885000
1!
b10 :
0A
0?
b11 M
0Q
1(
#30890000
b1010 ,
0(
#30895000
1Q
1>
1A
1(
#30900000
b1011 ,
0(
#30905000
b11 :
0A
1?
b100 M
0Q
1(
#30910000
b1100 ,
0(
#30915000
1Q
1A
1(
#30920000
b1101 ,
0(
#30925000
b100 :
0A
b101 M
0Q
1(
#30930000
b1110 ,
0(
#30935000
1Q
1A
1(
#30940000
b1111 ,
0(
#30945000
b101 :
0A
b110 M
0Q
1(
#30950000
b10000 ,
0(
#30955000
1Q
1A
1(
#30960000
b10001 ,
0(
#30965000
b110 :
0A
b100 P
0Q
1(
#30970000
b10010 ,
0(
#30975000
1Q
1A
1(
#30980000
b10011 ,
0(
#30985000
b100 @
0A
0%
b0 P
0Q
1(
#30990000
b10100 ,
0(
#30995000
b0 M
1A
1(
#31000000
b10101 ,
0(
#31005000
b0 @
1$
b1111011 #
b1111011 /
b1111011 =
1"
0A
1(
#31010000
b10110 ,
0(
#31015000
b0 :
0$
0"
1(
#31020000
b1111100 -
0(
#31025000
1(
#31030000
1)
b1111100 +
b1111100 .
b1111100 D
0(
#31035000
0!
1%
b1 P
1O
b1111100 N
1(
#31040000
b0 ,
0)
0(
#31045000
0>
1Q
1(
#31050000
b1 ,
0(
#31055000
1!
b10 P
0Q
0?
1(
#31060000
b10 ,
0(
#31065000
b1 @
1>
1Q
1(
#31070000
b11 ,
0(
#31075000
0!
b11 P
0Q
1?
b10 @
1(
#31080000
b100 ,
0(
#31085000
1A
0>
1Q
1(
#31090000
b101 ,
0(
#31095000
b1 M
0Q
0?
b11 @
1<
0A
1(
#31100000
b110 ,
0(
#31105000
1A
1Q
1(
#31110000
b111 ,
0(
#31115000
1!
b10 M
0Q
b1 :
b1111010 ;
0A
1(
#31120000
b1000 ,
0(
#31125000
1A
1>
1Q
1(
#31130000
b1001 ,
0(
#31135000
b11 M
0Q
1?
b10 :
b1111000 ;
0A
1(
#31140000
b1010 ,
0(
#31145000
1A
1Q
1(
#31150000
b1011 ,
0(
#31155000
b100 M
0Q
b11 :
b1111100 ;
0A
1(
#31160000
b1100 ,
0(
#31165000
1A
1Q
1(
#31170000
b1101 ,
0(
#31175000
b101 M
0Q
b100 :
0A
1(
#31180000
b1110 ,
0(
#31185000
1A
1Q
1(
#31190000
b1111 ,
0(
#31195000
b110 M
0Q
b101 :
0A
1(
#31200000
b10000 ,
0(
#31205000
1A
1Q
1(
#31210000
b10001 ,
0(
#31215000
b100 P
0Q
b110 :
0A
1(
#31220000
b10010 ,
0(
#31225000
1A
1Q
1(
#31230000
b10011 ,
0(
#31235000
0%
b0 P
0Q
b100 @
0A
1(
#31240000
b10100 ,
0(
#31245000
1A
b0 M
1(
#31250000
b10101 ,
0(
#31255000
b0 @
1$
b1111100 #
b1111100 /
b1111100 =
1"
0A
1(
#31260000
b10110 ,
0(
#31265000
b0 :
0$
0"
1(
#31270000
b1111101 -
0(
#31275000
1(
#31280000
1)
b1111101 +
b1111101 .
b1111101 D
0(
#31285000
0!
1%
b1 P
0O
b1111101 N
1(
#31290000
b0 ,
0)
0(
#31295000
1Q
0>
1(
#31300000
b1 ,
0(
#31305000
0?
b10 P
0Q
1(
#31310000
b10 ,
0(
#31315000
1Q
b1 @
1(
#31320000
b11 ,
0(
#31325000
1!
b10 @
b11 P
0Q
1(
#31330000
b100 ,
0(
#31335000
1Q
1>
1A
1(
#31340000
b101 ,
0(
#31345000
0!
b11 @
0<
0A
1?
b1 M
0Q
1(
#31350000
b110 ,
0(
#31355000
1Q
0>
1A
1(
#31360000
b111 ,
0(
#31365000
1!
b1 :
b1111101 ;
0A
0?
b10 M
0Q
1(
#31370000
b1000 ,
0(
#31375000
1Q
1>
1A
1(
#31380000
b1001 ,
0(
#31385000
b10 :
0A
1?
b11 M
0Q
1(
#31390000
b1010 ,
0(
#31395000
1Q
1A
1(
#31400000
b1011 ,
0(
#31405000
b11 :
0A
b100 M
0Q
1(
#31410000
b1100 ,
0(
#31415000
1Q
1A
1(
#31420000
b1101 ,
0(
#31425000
b100 :
0A
b101 M
0Q
1(
#31430000
b1110 ,
0(
#31435000
1Q
1A
1(
#31440000
b1111 ,
0(
#31445000
b101 :
0A
b110 M
0Q
1(
#31450000
b10000 ,
0(
#31455000
1Q
1A
1(
#31460000
b10001 ,
0(
#31465000
b110 :
0A
b100 P
0Q
1(
#31470000
b10010 ,
0(
#31475000
1Q
1A
1(
#31480000
b10011 ,
0(
#31485000
b100 @
0A
0%
b0 P
0Q
1(
#31490000
b10100 ,
0(
#31495000
b0 M
1A
1(
#31500000
b10101 ,
0(
#31505000
b0 @
1$
b1111101 #
b1111101 /
b1111101 =
1"
0A
1(
#31510000
b10110 ,
0(
#31515000
b0 :
0$
0"
1(
#31520000
b1111110 -
0(
#31525000
1(
#31530000
1)
b1111110 +
b1111110 .
b1111110 D
0(
#31535000
0!
1%
b1 P
b1111110 N
1(
#31540000
b0 ,
0)
0(
#31545000
0>
1Q
1(
#31550000
b1 ,
0(
#31555000
b10 P
0Q
0?
1(
#31560000
b10 ,
0(
#31565000
b1 @
1Q
1(
#31570000
b11 ,
0(
#31575000
b11 P
0Q
b10 @
1(
#31580000
b100 ,
0(
#31585000
1A
1Q
1(
#31590000
b101 ,
0(
#31595000
1!
b1 M
0Q
b11 @
0A
1(
#31600000
b110 ,
0(
#31605000
1A
1>
1Q
1(
#31610000
b111 ,
0(
#31615000
b10 M
0Q
1?
b1 :
b1111100 ;
0A
1(
#31620000
b1000 ,
0(
#31625000
1A
1Q
1(
#31630000
b1001 ,
0(
#31635000
b11 M
0Q
b10 :
b1111110 ;
0A
1(
#31640000
b1010 ,
0(
#31645000
1A
1Q
1(
#31650000
b1011 ,
0(
#31655000
b100 M
0Q
b11 :
0A
1(
#31660000
b1100 ,
0(
#31665000
1A
1Q
1(
#31670000
b1101 ,
0(
#31675000
b101 M
0Q
b100 :
0A
1(
#31680000
b1110 ,
0(
#31685000
1A
1Q
1(
#31690000
b1111 ,
0(
#31695000
b110 M
0Q
b101 :
0A
1(
#31700000
b10000 ,
0(
#31705000
1A
1Q
1(
#31710000
b10001 ,
0(
#31715000
b100 P
0Q
b110 :
0A
1(
#31720000
b10010 ,
0(
#31725000
1A
1Q
1(
#31730000
b10011 ,
0(
#31735000
0%
b0 P
0Q
b100 @
0A
1(
#31740000
b10100 ,
0(
#31745000
1A
b0 M
1(
#31750000
b10101 ,
0(
#31755000
b0 @
1$
b1111110 #
b1111110 /
b1111110 =
1"
0A
1(
#31760000
b10110 ,
0(
#31765000
b0 :
0$
0"
1(
#31770000
b1111111 -
0(
#31775000
1(
#31780000
1)
b1111111 +
b1111111 .
b1111111 D
0(
#31785000
0!
1%
b1 P
1O
b1111111 N
1(
#31790000
b0 ,
0)
0(
#31795000
1Q
0>
1(
#31800000
b1 ,
0(
#31805000
1!
0?
b10 P
0Q
1(
#31810000
b10 ,
0(
#31815000
1Q
1>
b1 @
1(
#31820000
b11 ,
0(
#31825000
b10 @
1?
b11 P
0Q
1(
#31830000
b100 ,
0(
#31835000
1Q
1A
1(
#31840000
b101 ,
0(
#31845000
b11 @
1<
0A
b1 M
0Q
1(
#31850000
b110 ,
0(
#31855000
1Q
1A
1(
#31860000
b111 ,
0(
#31865000
b1 :
b1111111 ;
0A
b10 M
0Q
1(
#31870000
b1000 ,
0(
#31875000
1Q
1A
1(
#31880000
b1001 ,
0(
#31885000
b10 :
0A
b11 M
0Q
1(
#31890000
b1010 ,
0(
#31895000
1Q
1A
1(
#31900000
b1011 ,
0(
#31905000
b11 :
0A
b100 M
0Q
1(
#31910000
b1100 ,
0(
#31915000
1Q
1A
1(
#31920000
b1101 ,
0(
#31925000
b100 :
0A
b101 M
0Q
1(
#31930000
b1110 ,
0(
#31935000
1Q
1A
1(
#31940000
b1111 ,
0(
#31945000
b101 :
0A
b110 M
0Q
1(
#31950000
b10000 ,
0(
#31955000
1Q
1A
1(
#31960000
b10001 ,
0(
#31965000
b110 :
0A
b100 P
0Q
1(
#31970000
b10010 ,
0(
#31975000
1Q
1A
1(
#31980000
b10011 ,
0(
#31985000
b100 @
0A
0%
b0 P
0Q
1(
#31990000
b10100 ,
0(
#31995000
b0 M
1A
1(
#32000000
b10101 ,
0(
#32005000
b0 @
1$
b1111111 #
b1111111 /
b1111111 =
1"
0A
1(
#32010000
b10110 ,
0(
#32015000
b0 :
0$
0"
1(
#32020000
b10000000 -
0(
