$date
	Mon Aug 24 09:43:54 2026
$end
$version
	Icarus Verilog
$end
$timescale
	1ps
$end
$scope module tb_uart_frame_format $end
$var wire 1 ! tx $end
$var wire 1 " busy $end
$var parameter 32 # BIT_TICKS $end
$var parameter 7 $ TEST_DATA $end
$var reg 1 % clk $end
$var reg 1 & new_data $end
$var reg 1 ' rstN $end
$var reg 7 ( send_data [6:0] $end
$var integer 32 ) bit_index [31:0] $end
$scope module dut $end
$var wire 1 % clk $end
$var wire 1 & new_data $end
$var wire 1 ' rstN $end
$var wire 7 * send_data [6:0] $end
$var wire 1 ! tx $end
$var wire 1 " busy $end
$var parameter 32 + BIT_TICKS $end
$var parameter 3 , DATA $end
$var parameter 3 - IDLE $end
$var parameter 9 . LAST_TICK $end
$var parameter 3 / PARITY $end
$var parameter 3 0 START $end
$var parameter 3 1 STOP $end
$var parameter 32 2 TICK_WIDTH $end
$var reg 3 3 bit_index [2:0] $end
$var reg 7 4 data_latch [6:0] $end
$var reg 1 5 parity_latch $end
$var reg 3 6 state [2:0] $end
$var reg 9 7 tick_count [8:0] $end
$scope function counter_width $end
$var integer 32 8 value [31:0] $end
$var integer 32 9 width [31:0] $end
$upscope $end
$upscope $end
$scope task check_symbol $end
$var reg 1 : expected_tx $end
$var integer 32 ; cycle [31:0] $end
$upscope $end
$upscope $end
$enddefinitions $end
$comment Show the parameter values. $end
$dumpall
b1001 2
b100 1
b1 0
b10 /
b110110001 .
b0 -
b11 ,
b110110010 +
b1011001 $
b110110010 #
$end
#0
$dumpvars
bx ;
x:
bx 9
bx 8
bx 7
bx 6
x5
bx 4
bx 3
b0 *
bx )
b0 (
1'
0&
0%
x"
x!
$end
#1000
1!
05
b0 4
b0 3
b0 7
0"
b0 6
0'
#5000
1%
#10000
0%
#15000
1%
#20000
1'
0%
#25000
1%
#30000
1&
b1011001 (
b1011001 *
0%
#35000
0!
1"
b1 6
b1011001 4
1%
#40000
b0 ;
0:
0&
0%
#45000
b1 7
1%
#50000
b1 ;
0%
#55000
b10 7
1%
#60000
b10 ;
0%
#65000
b11 7
1%
#70000
b11 ;
0%
#75000
b100 7
1%
#80000
b100 ;
0%
#85000
b101 7
1%
#90000
b101 ;
0%
#95000
b110 7
1%
#100000
b110 ;
0%
#105000
b111 7
1%
#110000
b111 ;
0%
#115000
b1000 7
1%
#120000
b1000 ;
0%
#125000
b1001 7
1%
#130000
b1001 ;
0%
#135000
b1010 7
1%
#140000
b1010 ;
0%
#145000
b1011 7
1%
#150000
b1011 ;
0%
#155000
b1100 7
1%
#160000
b1100 ;
0%
#165000
b1101 7
1%
#170000
b1101 ;
0%
#175000
b1110 7
1%
#180000
b1110 ;
0%
#185000
b1111 7
1%
#190000
b1111 ;
0%
#195000
b10000 7
1%
#200000
b10000 ;
0%
#205000
b10001 7
1%
#210000
b10001 ;
0%
#215000
b10010 7
1%
#220000
b10010 ;
0%
#225000
b10011 7
1%
#230000
b10011 ;
0%
#235000
b10100 7
1%
#240000
b10100 ;
0%
#245000
b10101 7
1%
#250000
b10101 ;
0%
#255000
b10110 7
1%
#260000
b10110 ;
0%
#265000
b10111 7
1%
#270000
b10111 ;
0%
#275000
b11000 7
1%
#280000
b11000 ;
0%
#285000
b11001 7
1%
#290000
b11001 ;
0%
#295000
b11010 7
1%
#300000
b11010 ;
0%
#305000
b11011 7
1%
#310000
b11011 ;
0%
#315000
b11100 7
1%
#320000
b11100 ;
0%
#325000
b11101 7
1%
#330000
b11101 ;
0%
#335000
b11110 7
1%
#340000
b11110 ;
0%
#345000
b11111 7
1%
#350000
b11111 ;
0%
#355000
b100000 7
1%
#360000
b100000 ;
0%
#365000
b100001 7
1%
#370000
b100001 ;
0%
#375000
b100010 7
1%
#380000
b100010 ;
0%
#385000
b100011 7
1%
#390000
b100011 ;
0%
#395000
b100100 7
1%
#400000
b100100 ;
0%
#405000
b100101 7
1%
#410000
b100101 ;
0%
#415000
b100110 7
1%
#420000
b100110 ;
0%
#425000
b100111 7
1%
#430000
b100111 ;
0%
#435000
b101000 7
1%
#440000
b101000 ;
0%
#445000
b101001 7
1%
#450000
b101001 ;
0%
#455000
b101010 7
1%
#460000
b101010 ;
0%
#465000
b101011 7
1%
#470000
b101011 ;
0%
#475000
b101100 7
1%
#480000
b101100 ;
0%
#485000
b101101 7
1%
#490000
b101101 ;
0%
#495000
b101110 7
1%
#500000
b101110 ;
0%
#505000
b101111 7
1%
#510000
b101111 ;
0%
#515000
b110000 7
1%
#520000
b110000 ;
0%
#525000
b110001 7
1%
#530000
b110001 ;
0%
#535000
b110010 7
1%
#540000
b110010 ;
0%
#545000
b110011 7
1%
#550000
b110011 ;
0%
#555000
b110100 7
1%
#560000
b110100 ;
0%
#565000
b110101 7
1%
#570000
b110101 ;
0%
#575000
b110110 7
1%
#580000
b110110 ;
0%
#585000
b110111 7
1%
#590000
b110111 ;
0%
#595000
b111000 7
1%
#600000
b111000 ;
0%
#605000
b111001 7
1%
#610000
b111001 ;
0%
#615000
b111010 7
1%
#620000
b111010 ;
0%
#625000
b111011 7
1%
#630000
b111011 ;
0%
#635000
b111100 7
1%
#640000
b111100 ;
0%
#645000
b111101 7
1%
#650000
b111101 ;
0%
#655000
b111110 7
1%
#660000
b111110 ;
0%
#665000
b111111 7
1%
#670000
b111111 ;
0%
#675000
b1000000 7
1%
#680000
b1000000 ;
0%
#685000
b1000001 7
1%
#690000
b1000001 ;
0%
#695000
b1000010 7
1%
#700000
b1000010 ;
0%
#705000
b1000011 7
1%
#710000
b1000011 ;
0%
#715000
b1000100 7
1%
#720000
b1000100 ;
0%
#725000
b1000101 7
1%
#730000
b1000101 ;
0%
#735000
b1000110 7
1%
#740000
b1000110 ;
0%
#745000
b1000111 7
1%
#750000
b1000111 ;
0%
#755000
b1001000 7
1%
#760000
b1001000 ;
0%
#765000
b1001001 7
1%
#770000
b1001001 ;
0%
#775000
b1001010 7
1%
#780000
b1001010 ;
0%
#785000
b1001011 7
1%
#790000
b1001011 ;
0%
#795000
b1001100 7
1%
#800000
b1001100 ;
0%
#805000
b1001101 7
1%
#810000
b1001101 ;
0%
#815000
b1001110 7
1%
#820000
b1001110 ;
0%
#825000
b1001111 7
1%
#830000
b1001111 ;
0%
#835000
b1010000 7
1%
#840000
b1010000 ;
0%
#845000
b1010001 7
1%
#850000
b1010001 ;
0%
#855000
b1010010 7
1%
#860000
b1010010 ;
0%
#865000
b1010011 7
1%
#870000
b1010011 ;
0%
#875000
b1010100 7
1%
#880000
b1010100 ;
0%
#885000
b1010101 7
1%
#890000
b1010101 ;
0%
#895000
b1010110 7
1%
#900000
b1010110 ;
0%
#905000
b1010111 7
1%
#910000
b1010111 ;
0%
#915000
b1011000 7
1%
#920000
b1011000 ;
0%
#925000
b1011001 7
1%
#930000
b1011001 ;
0%
#935000
b1011010 7
1%
#940000
b1011010 ;
0%
#945000
b1011011 7
1%
#950000
b1011011 ;
0%
#955000
b1011100 7
1%
#960000
b1011100 ;
0%
#965000
b1011101 7
1%
#970000
b1011101 ;
0%
#975000
b1011110 7
1%
#980000
b1011110 ;
0%
#985000
b1011111 7
1%
#990000
b1011111 ;
0%
#995000
b1100000 7
1%
#1000000
b1100000 ;
0%
#1005000
b1100001 7
1%
#1010000
b1100001 ;
0%
#1015000
b1100010 7
1%
#1020000
b1100010 ;
0%
#1025000
b1100011 7
1%
#1030000
b1100011 ;
0%
#1035000
b1100100 7
1%
#1040000
b1100100 ;
0%
#1045000
b1100101 7
1%
#1050000
b1100101 ;
0%
#1055000
b1100110 7
1%
#1060000
b1100110 ;
0%
#1065000
b1100111 7
1%
#1070000
b1100111 ;
0%
#1075000
b1101000 7
1%
#1080000
b1101000 ;
0%
#1085000
b1101001 7
1%
#1090000
b1101001 ;
0%
#1095000
b1101010 7
1%
#1100000
b1101010 ;
0%
#1105000
b1101011 7
1%
#1110000
b1101011 ;
0%
#1115000
b1101100 7
1%
#1120000
b1101100 ;
0%
#1125000
b1101101 7
1%
#1130000
b1101101 ;
0%
#1135000
b1101110 7
1%
#1140000
b1101110 ;
0%
#1145000
b1101111 7
1%
#1150000
b1101111 ;
0%
#1155000
b1110000 7
1%
#1160000
b1110000 ;
0%
#1165000
b1110001 7
1%
#1170000
b1110001 ;
0%
#1175000
b1110010 7
1%
#1180000
b1110010 ;
0%
#1185000
b1110011 7
1%
#1190000
b1110011 ;
0%
#1195000
b1110100 7
1%
#1200000
b1110100 ;
0%
#1205000
b1110101 7
1%
#1210000
b1110101 ;
0%
#1215000
b1110110 7
1%
#1220000
b1110110 ;
0%
#1225000
b1110111 7
1%
#1230000
b1110111 ;
0%
#1235000
b1111000 7
1%
#1240000
b1111000 ;
0%
#1245000
b1111001 7
1%
#1250000
b1111001 ;
0%
#1255000
b1111010 7
1%
#1260000
b1111010 ;
0%
#1265000
b1111011 7
1%
#1270000
b1111011 ;
0%
#1275000
b1111100 7
1%
#1280000
b1111100 ;
0%
#1285000
b1111101 7
1%
#1290000
b1111101 ;
0%
#1295000
b1111110 7
1%
#1300000
b1111110 ;
0%
#1305000
b1111111 7
1%
#1310000
b1111111 ;
0%
#1315000
b10000000 7
1%
#1320000
b10000000 ;
0%
#1325000
b10000001 7
1%
#1330000
b10000001 ;
0%
#1335000
b10000010 7
1%
#1340000
b10000010 ;
0%
#1345000
b10000011 7
1%
#1350000
b10000011 ;
0%
#1355000
b10000100 7
1%
#1360000
b10000100 ;
0%
#1365000
b10000101 7
1%
#1370000
b10000101 ;
0%
#1375000
b10000110 7
1%
#1380000
b10000110 ;
0%
#1385000
b10000111 7
1%
#1390000
b10000111 ;
0%
#1395000
b10001000 7
1%
#1400000
b10001000 ;
0%
#1405000
b10001001 7
1%
#1410000
b10001001 ;
0%
#1415000
b10001010 7
1%
#1420000
b10001010 ;
0%
#1425000
b10001011 7
1%
#1430000
b10001011 ;
0%
#1435000
b10001100 7
1%
#1440000
b10001100 ;
0%
#1445000
b10001101 7
1%
#1450000
b10001101 ;
0%
#1455000
b10001110 7
1%
#1460000
b10001110 ;
0%
#1465000
b10001111 7
1%
#1470000
b10001111 ;
0%
#1475000
b10010000 7
1%
#1480000
b10010000 ;
0%
#1485000
b10010001 7
1%
#1490000
b10010001 ;
0%
#1495000
b10010010 7
1%
#1500000
b10010010 ;
0%
#1505000
b10010011 7
1%
#1510000
b10010011 ;
0%
#1515000
b10010100 7
1%
#1520000
b10010100 ;
0%
#1525000
b10010101 7
1%
#1530000
b10010101 ;
0%
#1535000
b10010110 7
1%
#1540000
b10010110 ;
0%
#1545000
b10010111 7
1%
#1550000
b10010111 ;
0%
#1555000
b10011000 7
1%
#1560000
b10011000 ;
0%
#1565000
b10011001 7
1%
#1570000
b10011001 ;
0%
#1575000
b10011010 7
1%
#1580000
b10011010 ;
0%
#1585000
b10011011 7
1%
#1590000
b10011011 ;
0%
#1595000
b10011100 7
1%
#1600000
b10011100 ;
0%
#1605000
b10011101 7
1%
#1610000
b10011101 ;
0%
#1615000
b10011110 7
1%
#1620000
b10011110 ;
0%
#1625000
b10011111 7
1%
#1630000
b10011111 ;
0%
#1635000
b10100000 7
1%
#1640000
b10100000 ;
0%
#1645000
b10100001 7
1%
#1650000
b10100001 ;
0%
#1655000
b10100010 7
1%
#1660000
b10100010 ;
0%
#1665000
b10100011 7
1%
#1670000
b10100011 ;
0%
#1675000
b10100100 7
1%
#1680000
b10100100 ;
0%
#1685000
b10100101 7
1%
#1690000
b10100101 ;
0%
#1695000
b10100110 7
1%
#1700000
b10100110 ;
0%
#1705000
b10100111 7
1%
#1710000
b10100111 ;
0%
#1715000
b10101000 7
1%
#1720000
b10101000 ;
0%
#1725000
b10101001 7
1%
#1730000
b10101001 ;
0%
#1735000
b10101010 7
1%
#1740000
b10101010 ;
0%
#1745000
b10101011 7
1%
#1750000
b10101011 ;
0%
#1755000
b10101100 7
1%
#1760000
b10101100 ;
0%
#1765000
b10101101 7
1%
#1770000
b10101101 ;
0%
#1775000
b10101110 7
1%
#1780000
b10101110 ;
0%
#1785000
b10101111 7
1%
#1790000
b10101111 ;
0%
#1795000
b10110000 7
1%
#1800000
b10110000 ;
0%
#1805000
b10110001 7
1%
#1810000
b10110001 ;
0%
#1815000
b10110010 7
1%
#1820000
b10110010 ;
0%
#1825000
b10110011 7
1%
#1830000
b10110011 ;
0%
#1835000
b10110100 7
1%
#1840000
b10110100 ;
0%
#1845000
b10110101 7
1%
#1850000
b10110101 ;
0%
#1855000
b10110110 7
1%
#1860000
b10110110 ;
0%
#1865000
b10110111 7
1%
#1870000
b10110111 ;
0%
#1875000
b10111000 7
1%
#1880000
b10111000 ;
0%
#1885000
b10111001 7
1%
#1890000
b10111001 ;
0%
#1895000
b10111010 7
1%
#1900000
b10111010 ;
0%
#1905000
b10111011 7
1%
#1910000
b10111011 ;
0%
#1915000
b10111100 7
1%
#1920000
b10111100 ;
0%
#1925000
b10111101 7
1%
#1930000
b10111101 ;
0%
#1935000
b10111110 7
1%
#1940000
b10111110 ;
0%
#1945000
b10111111 7
1%
#1950000
b10111111 ;
0%
#1955000
b11000000 7
1%
#1960000
b11000000 ;
0%
#1965000
b11000001 7
1%
#1970000
b11000001 ;
0%
#1975000
b11000010 7
1%
#1980000
b11000010 ;
0%
#1985000
b11000011 7
1%
#1990000
b11000011 ;
0%
#1995000
b11000100 7
1%
#2000000
b11000100 ;
0%
#2005000
b11000101 7
1%
#2010000
b11000101 ;
0%
#2015000
b11000110 7
1%
#2020000
b11000110 ;
0%
#2025000
b11000111 7
1%
#2030000
b11000111 ;
0%
#2035000
b11001000 7
1%
#2040000
b11001000 ;
0%
#2045000
b11001001 7
1%
#2050000
b11001001 ;
0%
#2055000
b11001010 7
1%
#2060000
b11001010 ;
0%
#2065000
b11001011 7
1%
#2070000
b11001011 ;
0%
#2075000
b11001100 7
1%
#2080000
b11001100 ;
0%
#2085000
b11001101 7
1%
#2090000
b11001101 ;
0%
#2095000
b11001110 7
1%
#2100000
b11001110 ;
0%
#2105000
b11001111 7
1%
#2110000
b11001111 ;
0%
#2115000
b11010000 7
1%
#2120000
b11010000 ;
0%
#2125000
b11010001 7
1%
#2130000
b11010001 ;
0%
#2135000
b11010010 7
1%
#2140000
b11010010 ;
0%
#2145000
b11010011 7
1%
#2150000
b11010011 ;
0%
#2155000
b11010100 7
1%
#2160000
b11010100 ;
0%
#2165000
b11010101 7
1%
#2170000
b11010101 ;
0%
#2175000
b11010110 7
1%
#2180000
b11010110 ;
0%
#2185000
b11010111 7
1%
#2190000
b11010111 ;
0%
#2195000
b11011000 7
1%
#2200000
b11011000 ;
0%
#2205000
b11011001 7
1%
#2210000
b11011001 ;
0%
#2215000
b11011010 7
1%
#2220000
b11011010 ;
0%
#2225000
b11011011 7
1%
#2230000
b11011011 ;
0%
#2235000
b11011100 7
1%
#2240000
b11011100 ;
0%
#2245000
b11011101 7
1%
#2250000
b11011101 ;
0%
#2255000
b11011110 7
1%
#2260000
b11011110 ;
0%
#2265000
b11011111 7
1%
#2270000
b11011111 ;
0%
#2275000
b11100000 7
1%
#2280000
b11100000 ;
0%
#2285000
b11100001 7
1%
#2290000
b11100001 ;
0%
#2295000
b11100010 7
1%
#2300000
b11100010 ;
0%
#2305000
b11100011 7
1%
#2310000
b11100011 ;
0%
#2315000
b11100100 7
1%
#2320000
b11100100 ;
0%
#2325000
b11100101 7
1%
#2330000
b11100101 ;
0%
#2335000
b11100110 7
1%
#2340000
b11100110 ;
0%
#2345000
b11100111 7
1%
#2350000
b11100111 ;
0%
#2355000
b11101000 7
1%
#2360000
b11101000 ;
0%
#2365000
b11101001 7
1%
#2370000
b11101001 ;
0%
#2375000
b11101010 7
1%
#2380000
b11101010 ;
0%
#2385000
b11101011 7
1%
#2390000
b11101011 ;
0%
#2395000
b11101100 7
1%
#2400000
b11101100 ;
0%
#2405000
b11101101 7
1%
#2410000
b11101101 ;
0%
#2415000
b11101110 7
1%
#2420000
b11101110 ;
0%
#2425000
b11101111 7
1%
#2430000
b11101111 ;
0%
#2435000
b11110000 7
1%
#2440000
b11110000 ;
0%
#2445000
b11110001 7
1%
#2450000
b11110001 ;
0%
#2455000
b11110010 7
1%
#2460000
b11110010 ;
0%
#2465000
b11110011 7
1%
#2470000
b11110011 ;
0%
#2475000
b11110100 7
1%
#2480000
b11110100 ;
0%
#2485000
b11110101 7
1%
#2490000
b11110101 ;
0%
#2495000
b11110110 7
1%
#2500000
b11110110 ;
0%
#2505000
b11110111 7
1%
#2510000
b11110111 ;
0%
#2515000
b11111000 7
1%
#2520000
b11111000 ;
0%
#2525000
b11111001 7
1%
#2530000
b11111001 ;
0%
#2535000
b11111010 7
1%
#2540000
b11111010 ;
0%
#2545000
b11111011 7
1%
#2550000
b11111011 ;
0%
#2555000
b11111100 7
1%
#2560000
b11111100 ;
0%
#2565000
b11111101 7
1%
#2570000
b11111101 ;
0%
#2575000
b11111110 7
1%
#2580000
b11111110 ;
0%
#2585000
b11111111 7
1%
#2590000
b11111111 ;
0%
#2595000
b100000000 7
1%
#2600000
b100000000 ;
0%
#2605000
b100000001 7
1%
#2610000
b100000001 ;
0%
#2615000
b100000010 7
1%
#2620000
b100000010 ;
0%
#2625000
b100000011 7
1%
#2630000
b100000011 ;
0%
#2635000
b100000100 7
1%
#2640000
b100000100 ;
0%
#2645000
b100000101 7
1%
#2650000
b100000101 ;
0%
#2655000
b100000110 7
1%
#2660000
b100000110 ;
0%
#2665000
b100000111 7
1%
#2670000
b100000111 ;
0%
#2675000
b100001000 7
1%
#2680000
b100001000 ;
0%
#2685000
b100001001 7
1%
#2690000
b100001001 ;
0%
#2695000
b100001010 7
1%
#2700000
b100001010 ;
0%
#2705000
b100001011 7
1%
#2710000
b100001011 ;
0%
#2715000
b100001100 7
1%
#2720000
b100001100 ;
0%
#2725000
b100001101 7
1%
#2730000
b100001101 ;
0%
#2735000
b100001110 7
1%
#2740000
b100001110 ;
0%
#2745000
b100001111 7
1%
#2750000
b100001111 ;
0%
#2755000
b100010000 7
1%
#2760000
b100010000 ;
0%
#2765000
b100010001 7
1%
#2770000
b100010001 ;
0%
#2775000
b100010010 7
1%
#2780000
b100010010 ;
0%
#2785000
b100010011 7
1%
#2790000
b100010011 ;
0%
#2795000
b100010100 7
1%
#2800000
b100010100 ;
0%
#2805000
b100010101 7
1%
#2810000
b100010101 ;
0%
#2815000
b100010110 7
1%
#2820000
b100010110 ;
0%
#2825000
b100010111 7
1%
#2830000
b100010111 ;
0%
#2835000
b100011000 7
1%
#2840000
b100011000 ;
0%
#2845000
b100011001 7
1%
#2850000
b100011001 ;
0%
#2855000
b100011010 7
1%
#2860000
b100011010 ;
0%
#2865000
b100011011 7
1%
#2870000
b100011011 ;
0%
#2875000
b100011100 7
1%
#2880000
b100011100 ;
0%
#2885000
b100011101 7
1%
#2890000
b100011101 ;
0%
#2895000
b100011110 7
1%
#2900000
b100011110 ;
0%
#2905000
b100011111 7
1%
#2910000
b100011111 ;
0%
#2915000
b100100000 7
1%
#2920000
b100100000 ;
0%
#2925000
b100100001 7
1%
#2930000
b100100001 ;
0%
#2935000
b100100010 7
1%
#2940000
b100100010 ;
0%
#2945000
b100100011 7
1%
#2950000
b100100011 ;
0%
#2955000
b100100100 7
1%
#2960000
b100100100 ;
0%
#2965000
b100100101 7
1%
#2970000
b100100101 ;
0%
#2975000
b100100110 7
1%
#2980000
b100100110 ;
0%
#2985000
b100100111 7
1%
#2990000
b100100111 ;
0%
#2995000
b100101000 7
1%
#3000000
b100101000 ;
0%
#3005000
b100101001 7
1%
#3010000
b100101001 ;
0%
#3015000
b100101010 7
1%
#3020000
b100101010 ;
0%
#3025000
b100101011 7
1%
#3030000
b100101011 ;
0%
#3035000
b100101100 7
1%
#3040000
b100101100 ;
0%
#3045000
b100101101 7
1%
#3050000
b100101101 ;
0%
#3055000
b100101110 7
1%
#3060000
b100101110 ;
0%
#3065000
b100101111 7
1%
#3070000
b100101111 ;
0%
#3075000
b100110000 7
1%
#3080000
b100110000 ;
0%
#3085000
b100110001 7
1%
#3090000
b100110001 ;
0%
#3095000
b100110010 7
1%
#3100000
b100110010 ;
0%
#3105000
b100110011 7
1%
#3110000
b100110011 ;
0%
#3115000
b100110100 7
1%
#3120000
b100110100 ;
0%
#3125000
b100110101 7
1%
#3130000
b100110101 ;
0%
#3135000
b100110110 7
1%
#3140000
b100110110 ;
0%
#3145000
b100110111 7
1%
#3150000
b100110111 ;
0%
#3155000
b100111000 7
1%
#3160000
b100111000 ;
0%
#3165000
b100111001 7
1%
#3170000
b100111001 ;
0%
#3175000
b100111010 7
1%
#3180000
b100111010 ;
0%
#3185000
b100111011 7
1%
#3190000
b100111011 ;
0%
#3195000
b100111100 7
1%
#3200000
b100111100 ;
0%
#3205000
b100111101 7
1%
#3210000
b100111101 ;
0%
#3215000
b100111110 7
1%
#3220000
b100111110 ;
0%
#3225000
b100111111 7
1%
#3230000
b100111111 ;
0%
#3235000
b101000000 7
1%
#3240000
b101000000 ;
0%
#3245000
b101000001 7
1%
#3250000
b101000001 ;
0%
#3255000
b101000010 7
1%
#3260000
b101000010 ;
0%
#3265000
b101000011 7
1%
#3270000
b101000011 ;
0%
#3275000
b101000100 7
1%
#3280000
b101000100 ;
0%
#3285000
b101000101 7
1%
#3290000
b101000101 ;
0%
#3295000
b101000110 7
1%
#3300000
b101000110 ;
0%
#3305000
b101000111 7
1%
#3310000
b101000111 ;
0%
#3315000
b101001000 7
1%
#3320000
b101001000 ;
0%
#3325000
b101001001 7
1%
#3330000
b101001001 ;
0%
#3335000
b101001010 7
1%
#3340000
b101001010 ;
0%
#3345000
b101001011 7
1%
#3350000
b101001011 ;
0%
#3355000
b101001100 7
1%
#3360000
b101001100 ;
0%
#3365000
b101001101 7
1%
#3370000
b101001101 ;
0%
#3375000
b101001110 7
1%
#3380000
b101001110 ;
0%
#3385000
b101001111 7
1%
#3390000
b101001111 ;
0%
#3395000
b101010000 7
1%
#3400000
b101010000 ;
0%
#3405000
b101010001 7
1%
#3410000
b101010001 ;
0%
#3415000
b101010010 7
1%
#3420000
b101010010 ;
0%
#3425000
b101010011 7
1%
#3430000
b101010011 ;
0%
#3435000
b101010100 7
1%
#3440000
b101010100 ;
0%
#3445000
b101010101 7
1%
#3450000
b101010101 ;
0%
#3455000
b101010110 7
1%
#3460000
b101010110 ;
0%
#3465000
b101010111 7
1%
#3470000
b101010111 ;
0%
#3475000
b101011000 7
1%
#3480000
b101011000 ;
0%
#3485000
b101011001 7
1%
#3490000
b101011001 ;
0%
#3495000
b101011010 7
1%
#3500000
b101011010 ;
0%
#3505000
b101011011 7
1%
#3510000
b101011011 ;
0%
#3515000
b101011100 7
1%
#3520000
b101011100 ;
0%
#3525000
b101011101 7
1%
#3530000
b101011101 ;
0%
#3535000
b101011110 7
1%
#3540000
b101011110 ;
0%
#3545000
b101011111 7
1%
#3550000
b101011111 ;
0%
#3555000
b101100000 7
1%
#3560000
b101100000 ;
0%
#3565000
b101100001 7
1%
#3570000
b101100001 ;
0%
#3575000
b101100010 7
1%
#3580000
b101100010 ;
0%
#3585000
b101100011 7
1%
#3590000
b101100011 ;
0%
#3595000
b101100100 7
1%
#3600000
b101100100 ;
0%
#3605000
b101100101 7
1%
#3610000
b101100101 ;
0%
#3615000
b101100110 7
1%
#3620000
b101100110 ;
0%
#3625000
b101100111 7
1%
#3630000
b101100111 ;
0%
#3635000
b101101000 7
1%
#3640000
b101101000 ;
0%
#3645000
b101101001 7
1%
#3650000
b101101001 ;
0%
#3655000
b101101010 7
1%
#3660000
b101101010 ;
0%
#3665000
b101101011 7
1%
#3670000
b101101011 ;
0%
#3675000
b101101100 7
1%
#3680000
b101101100 ;
0%
#3685000
b101101101 7
1%
#3690000
b101101101 ;
0%
#3695000
b101101110 7
1%
#3700000
b101101110 ;
0%
#3705000
b101101111 7
1%
#3710000
b101101111 ;
0%
#3715000
b101110000 7
1%
#3720000
b101110000 ;
0%
#3725000
b101110001 7
1%
#3730000
b101110001 ;
0%
#3735000
b101110010 7
1%
#3740000
b101110010 ;
0%
#3745000
b101110011 7
1%
#3750000
b101110011 ;
0%
#3755000
b101110100 7
1%
#3760000
b101110100 ;
0%
#3765000
b101110101 7
1%
#3770000
b101110101 ;
0%
#3775000
b101110110 7
1%
#3780000
b101110110 ;
0%
#3785000
b101110111 7
1%
#3790000
b101110111 ;
0%
#3795000
b101111000 7
1%
#3800000
b101111000 ;
0%
#3805000
b101111001 7
1%
#3810000
b101111001 ;
0%
#3815000
b101111010 7
1%
#3820000
b101111010 ;
0%
#3825000
b101111011 7
1%
#3830000
b101111011 ;
0%
#3835000
b101111100 7
1%
#3840000
b101111100 ;
0%
#3845000
b101111101 7
1%
#3850000
b101111101 ;
0%
#3855000
b101111110 7
1%
#3860000
b101111110 ;
0%
#3865000
b101111111 7
1%
#3870000
b101111111 ;
0%
#3875000
b110000000 7
1%
#3880000
b110000000 ;
0%
#3885000
b110000001 7
1%
#3890000
b110000001 ;
0%
#3895000
b110000010 7
1%
#3900000
b110000010 ;
0%
#3905000
b110000011 7
1%
#3910000
b110000011 ;
0%
#3915000
b110000100 7
1%
#3920000
b110000100 ;
0%
#3925000
b110000101 7
1%
#3930000
b110000101 ;
0%
#3935000
b110000110 7
1%
#3940000
b110000110 ;
0%
#3945000
b110000111 7
1%
#3950000
b110000111 ;
0%
#3955000
b110001000 7
1%
#3960000
b110001000 ;
0%
#3965000
b110001001 7
1%
#3970000
b110001001 ;
0%
#3975000
b110001010 7
1%
#3980000
b110001010 ;
0%
#3985000
b110001011 7
1%
#3990000
b110001011 ;
0%
#3995000
b110001100 7
1%
#4000000
b110001100 ;
0%
#4005000
b110001101 7
1%
#4010000
b110001101 ;
0%
#4015000
b110001110 7
1%
#4020000
b110001110 ;
0%
#4025000
b110001111 7
1%
#4030000
b110001111 ;
0%
#4035000
b110010000 7
1%
#4040000
b110010000 ;
0%
#4045000
b110010001 7
1%
#4050000
b110010001 ;
0%
#4055000
b110010010 7
1%
#4060000
b110010010 ;
0%
#4065000
b110010011 7
1%
#4070000
b110010011 ;
0%
#4075000
b110010100 7
1%
#4080000
b110010100 ;
0%
#4085000
b110010101 7
1%
#4090000
b110010101 ;
0%
#4095000
b110010110 7
1%
#4100000
b110010110 ;
0%
#4105000
b110010111 7
1%
#4110000
b110010111 ;
0%
#4115000
b110011000 7
1%
#4120000
b110011000 ;
0%
#4125000
b110011001 7
1%
#4130000
b110011001 ;
0%
#4135000
b110011010 7
1%
#4140000
b110011010 ;
0%
#4145000
b110011011 7
1%
#4150000
b110011011 ;
0%
#4155000
b110011100 7
1%
#4160000
b110011100 ;
0%
#4165000
b110011101 7
1%
#4170000
b110011101 ;
0%
#4175000
b110011110 7
1%
#4180000
b110011110 ;
0%
#4185000
b110011111 7
1%
#4190000
b110011111 ;
0%
#4195000
b110100000 7
1%
#4200000
b110100000 ;
0%
#4205000
b110100001 7
1%
#4210000
b110100001 ;
0%
#4215000
b110100010 7
1%
#4220000
b110100010 ;
0%
#4225000
b110100011 7
1%
#4230000
b110100011 ;
0%
#4235000
b110100100 7
1%
#4240000
b110100100 ;
0%
#4245000
b110100101 7
1%
#4250000
b110100101 ;
0%
#4255000
b110100110 7
1%
#4260000
b110100110 ;
0%
#4265000
b110100111 7
1%
#4270000
b110100111 ;
0%
#4275000
b110101000 7
1%
#4280000
b110101000 ;
0%
#4285000
b110101001 7
1%
#4290000
b110101001 ;
0%
#4295000
b110101010 7
1%
#4300000
b110101010 ;
0%
#4305000
b110101011 7
1%
#4310000
b110101011 ;
0%
#4315000
b110101100 7
1%
#4320000
b110101100 ;
0%
#4325000
b110101101 7
1%
#4330000
b110101101 ;
0%
#4335000
b110101110 7
1%
#4340000
b110101110 ;
0%
#4345000
b110101111 7
1%
#4350000
b110101111 ;
0%
#4355000
b110110000 7
1%
#4360000
b110110000 ;
0%
#4365000
b110110001 7
1%
#4370000
b110110001 ;
0%
#4375000
b10 6
b0 7
1%
#4380000
b0 ;
0%
#4385000
b1 7
1%
#4390000
b1 ;
0%
#4395000
b10 7
1%
#4400000
b10 ;
0%
#4405000
b11 7
1%
#4410000
b11 ;
0%
#4415000
b100 7
1%
#4420000
b100 ;
0%
#4425000
b101 7
1%
#4430000
b101 ;
0%
#4435000
b110 7
1%
#4440000
b110 ;
0%
#4445000
b111 7
1%
#4450000
b111 ;
0%
#4455000
b1000 7
1%
#4460000
b1000 ;
0%
#4465000
b1001 7
1%
#4470000
b1001 ;
0%
#4475000
b1010 7
1%
#4480000
b1010 ;
0%
#4485000
b1011 7
1%
#4490000
b1011 ;
0%
#4495000
b1100 7
1%
#4500000
b1100 ;
0%
#4505000
b1101 7
1%
#4510000
b1101 ;
0%
#4515000
b1110 7
1%
#4520000
b1110 ;
0%
#4525000
b1111 7
1%
#4530000
b1111 ;
0%
#4535000
b10000 7
1%
#4540000
b10000 ;
0%
#4545000
b10001 7
1%
#4550000
b10001 ;
0%
#4555000
b10010 7
1%
#4560000
b10010 ;
0%
#4565000
b10011 7
1%
#4570000
b10011 ;
0%
#4575000
b10100 7
1%
#4580000
b10100 ;
0%
#4585000
b10101 7
1%
#4590000
b10101 ;
0%
#4595000
b10110 7
1%
#4600000
b10110 ;
0%
#4605000
b10111 7
1%
#4610000
b10111 ;
0%
#4615000
b11000 7
1%
#4620000
b11000 ;
0%
#4625000
b11001 7
1%
#4630000
b11001 ;
0%
#4635000
b11010 7
1%
#4640000
b11010 ;
0%
#4645000
b11011 7
1%
#4650000
b11011 ;
0%
#4655000
b11100 7
1%
#4660000
b11100 ;
0%
#4665000
b11101 7
1%
#4670000
b11101 ;
0%
#4675000
b11110 7
1%
#4680000
b11110 ;
0%
#4685000
b11111 7
1%
#4690000
b11111 ;
0%
#4695000
b100000 7
1%
#4700000
b100000 ;
0%
#4705000
b100001 7
1%
#4710000
b100001 ;
0%
#4715000
b100010 7
1%
#4720000
b100010 ;
0%
#4725000
b100011 7
1%
#4730000
b100011 ;
0%
#4735000
b100100 7
1%
#4740000
b100100 ;
0%
#4745000
b100101 7
1%
#4750000
b100101 ;
0%
#4755000
b100110 7
1%
#4760000
b100110 ;
0%
#4765000
b100111 7
1%
#4770000
b100111 ;
0%
#4775000
b101000 7
1%
#4780000
b101000 ;
0%
#4785000
b101001 7
1%
#4790000
b101001 ;
0%
#4795000
b101010 7
1%
#4800000
b101010 ;
0%
#4805000
b101011 7
1%
#4810000
b101011 ;
0%
#4815000
b101100 7
1%
#4820000
b101100 ;
0%
#4825000
b101101 7
1%
#4830000
b101101 ;
0%
#4835000
b101110 7
1%
#4840000
b101110 ;
0%
#4845000
b101111 7
1%
#4850000
b101111 ;
0%
#4855000
b110000 7
1%
#4860000
b110000 ;
0%
#4865000
b110001 7
1%
#4870000
b110001 ;
0%
#4875000
b110010 7
1%
#4880000
b110010 ;
0%
#4885000
b110011 7
1%
#4890000
b110011 ;
0%
#4895000
b110100 7
1%
#4900000
b110100 ;
0%
#4905000
b110101 7
1%
#4910000
b110101 ;
0%
#4915000
b110110 7
1%
#4920000
b110110 ;
0%
#4925000
b110111 7
1%
#4930000
b110111 ;
0%
#4935000
b111000 7
1%
#4940000
b111000 ;
0%
#4945000
b111001 7
1%
#4950000
b111001 ;
0%
#4955000
b111010 7
1%
#4960000
b111010 ;
0%
#4965000
b111011 7
1%
#4970000
b111011 ;
0%
#4975000
b111100 7
1%
#4980000
b111100 ;
0%
#4985000
b111101 7
1%
#4990000
b111101 ;
0%
#4995000
b111110 7
1%
#5000000
b111110 ;
0%
#5005000
b111111 7
1%
#5010000
b111111 ;
0%
#5015000
b1000000 7
1%
#5020000
b1000000 ;
0%
#5025000
b1000001 7
1%
#5030000
b1000001 ;
0%
#5035000
b1000010 7
1%
#5040000
b1000010 ;
0%
#5045000
b1000011 7
1%
#5050000
b1000011 ;
0%
#5055000
b1000100 7
1%
#5060000
b1000100 ;
0%
#5065000
b1000101 7
1%
#5070000
b1000101 ;
0%
#5075000
b1000110 7
1%
#5080000
b1000110 ;
0%
#5085000
b1000111 7
1%
#5090000
b1000111 ;
0%
#5095000
b1001000 7
1%
#5100000
b1001000 ;
0%
#5105000
b1001001 7
1%
#5110000
b1001001 ;
0%
#5115000
b1001010 7
1%
#5120000
b1001010 ;
0%
#5125000
b1001011 7
1%
#5130000
b1001011 ;
0%
#5135000
b1001100 7
1%
#5140000
b1001100 ;
0%
#5145000
b1001101 7
1%
#5150000
b1001101 ;
0%
#5155000
b1001110 7
1%
#5160000
b1001110 ;
0%
#5165000
b1001111 7
1%
#5170000
b1001111 ;
0%
#5175000
b1010000 7
1%
#5180000
b1010000 ;
0%
#5185000
b1010001 7
1%
#5190000
b1010001 ;
0%
#5195000
b1010010 7
1%
#5200000
b1010010 ;
0%
#5205000
b1010011 7
1%
#5210000
b1010011 ;
0%
#5215000
b1010100 7
1%
#5220000
b1010100 ;
0%
#5225000
b1010101 7
1%
#5230000
b1010101 ;
0%
#5235000
b1010110 7
1%
#5240000
b1010110 ;
0%
#5245000
b1010111 7
1%
#5250000
b1010111 ;
0%
#5255000
b1011000 7
1%
#5260000
b1011000 ;
0%
#5265000
b1011001 7
1%
#5270000
b1011001 ;
0%
#5275000
b1011010 7
1%
#5280000
b1011010 ;
0%
#5285000
b1011011 7
1%
#5290000
b1011011 ;
0%
#5295000
b1011100 7
1%
#5300000
b1011100 ;
0%
#5305000
b1011101 7
1%
#5310000
b1011101 ;
0%
#5315000
b1011110 7
1%
#5320000
b1011110 ;
0%
#5325000
b1011111 7
1%
#5330000
b1011111 ;
0%
#5335000
b1100000 7
1%
#5340000
b1100000 ;
0%
#5345000
b1100001 7
1%
#5350000
b1100001 ;
0%
#5355000
b1100010 7
1%
#5360000
b1100010 ;
0%
#5365000
b1100011 7
1%
#5370000
b1100011 ;
0%
#5375000
b1100100 7
1%
#5380000
b1100100 ;
0%
#5385000
b1100101 7
1%
#5390000
b1100101 ;
0%
#5395000
b1100110 7
1%
#5400000
b1100110 ;
0%
#5405000
b1100111 7
1%
#5410000
b1100111 ;
0%
#5415000
b1101000 7
1%
#5420000
b1101000 ;
0%
#5425000
b1101001 7
1%
#5430000
b1101001 ;
0%
#5435000
b1101010 7
1%
#5440000
b1101010 ;
0%
#5445000
b1101011 7
1%
#5450000
b1101011 ;
0%
#5455000
b1101100 7
1%
#5460000
b1101100 ;
0%
#5465000
b1101101 7
1%
#5470000
b1101101 ;
0%
#5475000
b1101110 7
1%
#5480000
b1101110 ;
0%
#5485000
b1101111 7
1%
#5490000
b1101111 ;
0%
#5495000
b1110000 7
1%
#5500000
b1110000 ;
0%
#5505000
b1110001 7
1%
#5510000
b1110001 ;
0%
#5515000
b1110010 7
1%
#5520000
b1110010 ;
0%
#5525000
b1110011 7
1%
#5530000
b1110011 ;
0%
#5535000
b1110100 7
1%
#5540000
b1110100 ;
0%
#5545000
b1110101 7
1%
#5550000
b1110101 ;
0%
#5555000
b1110110 7
1%
#5560000
b1110110 ;
0%
#5565000
b1110111 7
1%
#5570000
b1110111 ;
0%
#5575000
b1111000 7
1%
#5580000
b1111000 ;
0%
#5585000
b1111001 7
1%
#5590000
b1111001 ;
0%
#5595000
b1111010 7
1%
#5600000
b1111010 ;
0%
#5605000
b1111011 7
1%
#5610000
b1111011 ;
0%
#5615000
b1111100 7
1%
#5620000
b1111100 ;
0%
#5625000
b1111101 7
1%
#5630000
b1111101 ;
0%
#5635000
b1111110 7
1%
#5640000
b1111110 ;
0%
#5645000
b1111111 7
1%
#5650000
b1111111 ;
0%
#5655000
b10000000 7
1%
#5660000
b10000000 ;
0%
#5665000
b10000001 7
1%
#5670000
b10000001 ;
0%
#5675000
b10000010 7
1%
#5680000
b10000010 ;
0%
#5685000
b10000011 7
1%
#5690000
b10000011 ;
0%
#5695000
b10000100 7
1%
#5700000
b10000100 ;
0%
#5705000
b10000101 7
1%
#5710000
b10000101 ;
0%
#5715000
b10000110 7
1%
#5720000
b10000110 ;
0%
#5725000
b10000111 7
1%
#5730000
b10000111 ;
0%
#5735000
b10001000 7
1%
#5740000
b10001000 ;
0%
#5745000
b10001001 7
1%
#5750000
b10001001 ;
0%
#5755000
b10001010 7
1%
#5760000
b10001010 ;
0%
#5765000
b10001011 7
1%
#5770000
b10001011 ;
0%
#5775000
b10001100 7
1%
#5780000
b10001100 ;
0%
#5785000
b10001101 7
1%
#5790000
b10001101 ;
0%
#5795000
b10001110 7
1%
#5800000
b10001110 ;
0%
#5805000
b10001111 7
1%
#5810000
b10001111 ;
0%
#5815000
b10010000 7
1%
#5820000
b10010000 ;
0%
#5825000
b10010001 7
1%
#5830000
b10010001 ;
0%
#5835000
b10010010 7
1%
#5840000
b10010010 ;
0%
#5845000
b10010011 7
1%
#5850000
b10010011 ;
0%
#5855000
b10010100 7
1%
#5860000
b10010100 ;
0%
#5865000
b10010101 7
1%
#5870000
b10010101 ;
0%
#5875000
b10010110 7
1%
#5880000
b10010110 ;
0%
#5885000
b10010111 7
1%
#5890000
b10010111 ;
0%
#5895000
b10011000 7
1%
#5900000
b10011000 ;
0%
#5905000
b10011001 7
1%
#5910000
b10011001 ;
0%
#5915000
b10011010 7
1%
#5920000
b10011010 ;
0%
#5925000
b10011011 7
1%
#5930000
b10011011 ;
0%
#5935000
b10011100 7
1%
#5940000
b10011100 ;
0%
#5945000
b10011101 7
1%
#5950000
b10011101 ;
0%
#5955000
b10011110 7
1%
#5960000
b10011110 ;
0%
#5965000
b10011111 7
1%
#5970000
b10011111 ;
0%
#5975000
b10100000 7
1%
#5980000
b10100000 ;
0%
#5985000
b10100001 7
1%
#5990000
b10100001 ;
0%
#5995000
b10100010 7
1%
#6000000
b10100010 ;
0%
#6005000
b10100011 7
1%
#6010000
b10100011 ;
0%
#6015000
b10100100 7
1%
#6020000
b10100100 ;
0%
#6025000
b10100101 7
1%
#6030000
b10100101 ;
0%
#6035000
b10100110 7
1%
#6040000
b10100110 ;
0%
#6045000
b10100111 7
1%
#6050000
b10100111 ;
0%
#6055000
b10101000 7
1%
#6060000
b10101000 ;
0%
#6065000
b10101001 7
1%
#6070000
b10101001 ;
0%
#6075000
b10101010 7
1%
#6080000
b10101010 ;
0%
#6085000
b10101011 7
1%
#6090000
b10101011 ;
0%
#6095000
b10101100 7
1%
#6100000
b10101100 ;
0%
#6105000
b10101101 7
1%
#6110000
b10101101 ;
0%
#6115000
b10101110 7
1%
#6120000
b10101110 ;
0%
#6125000
b10101111 7
1%
#6130000
b10101111 ;
0%
#6135000
b10110000 7
1%
#6140000
b10110000 ;
0%
#6145000
b10110001 7
1%
#6150000
b10110001 ;
0%
#6155000
b10110010 7
1%
#6160000
b10110010 ;
0%
#6165000
b10110011 7
1%
#6170000
b10110011 ;
0%
#6175000
b10110100 7
1%
#6180000
b10110100 ;
0%
#6185000
b10110101 7
1%
#6190000
b10110101 ;
0%
#6195000
b10110110 7
1%
#6200000
b10110110 ;
0%
#6205000
b10110111 7
1%
#6210000
b10110111 ;
0%
#6215000
b10111000 7
1%
#6220000
b10111000 ;
0%
#6225000
b10111001 7
1%
#6230000
b10111001 ;
0%
#6235000
b10111010 7
1%
#6240000
b10111010 ;
0%
#6245000
b10111011 7
1%
#6250000
b10111011 ;
0%
#6255000
b10111100 7
1%
#6260000
b10111100 ;
0%
#6265000
b10111101 7
1%
#6270000
b10111101 ;
0%
#6275000
b10111110 7
1%
#6280000
b10111110 ;
0%
#6285000
b10111111 7
1%
#6290000
b10111111 ;
0%
#6295000
b11000000 7
1%
#6300000
b11000000 ;
0%
#6305000
b11000001 7
1%
#6310000
b11000001 ;
0%
#6315000
b11000010 7
1%
#6320000
b11000010 ;
0%
#6325000
b11000011 7
1%
#6330000
b11000011 ;
0%
#6335000
b11000100 7
1%
#6340000
b11000100 ;
0%
#6345000
b11000101 7
1%
#6350000
b11000101 ;
0%
#6355000
b11000110 7
1%
#6360000
b11000110 ;
0%
#6365000
b11000111 7
1%
#6370000
b11000111 ;
0%
#6375000
b11001000 7
1%
#6380000
b11001000 ;
0%
#6385000
b11001001 7
1%
#6390000
b11001001 ;
0%
#6395000
b11001010 7
1%
#6400000
b11001010 ;
0%
#6405000
b11001011 7
1%
#6410000
b11001011 ;
0%
#6415000
b11001100 7
1%
#6420000
b11001100 ;
0%
#6425000
b11001101 7
1%
#6430000
b11001101 ;
0%
#6435000
b11001110 7
1%
#6440000
b11001110 ;
0%
#6445000
b11001111 7
1%
#6450000
b11001111 ;
0%
#6455000
b11010000 7
1%
#6460000
b11010000 ;
0%
#6465000
b11010001 7
1%
#6470000
b11010001 ;
0%
#6475000
b11010010 7
1%
#6480000
b11010010 ;
0%
#6485000
b11010011 7
1%
#6490000
b11010011 ;
0%
#6495000
b11010100 7
1%
#6500000
b11010100 ;
0%
#6505000
b11010101 7
1%
#6510000
b11010101 ;
0%
#6515000
b11010110 7
1%
#6520000
b11010110 ;
0%
#6525000
b11010111 7
1%
#6530000
b11010111 ;
0%
#6535000
b11011000 7
1%
#6540000
b11011000 ;
0%
#6545000
b11011001 7
1%
#6550000
b11011001 ;
0%
#6555000
b11011010 7
1%
#6560000
b11011010 ;
0%
#6565000
b11011011 7
1%
#6570000
b11011011 ;
0%
#6575000
b11011100 7
1%
#6580000
b11011100 ;
0%
#6585000
b11011101 7
1%
#6590000
b11011101 ;
0%
#6595000
b11011110 7
1%
#6600000
b11011110 ;
0%
#6605000
b11011111 7
1%
#6610000
b11011111 ;
0%
#6615000
b11100000 7
1%
#6620000
b11100000 ;
0%
#6625000
b11100001 7
1%
#6630000
b11100001 ;
0%
#6635000
b11100010 7
1%
#6640000
b11100010 ;
0%
#6645000
b11100011 7
1%
#6650000
b11100011 ;
0%
#6655000
b11100100 7
1%
#6660000
b11100100 ;
0%
#6665000
b11100101 7
1%
#6670000
b11100101 ;
0%
#6675000
b11100110 7
1%
#6680000
b11100110 ;
0%
#6685000
b11100111 7
1%
#6690000
b11100111 ;
0%
#6695000
b11101000 7
1%
#6700000
b11101000 ;
0%
#6705000
b11101001 7
1%
#6710000
b11101001 ;
0%
#6715000
b11101010 7
1%
#6720000
b11101010 ;
0%
#6725000
b11101011 7
1%
#6730000
b11101011 ;
0%
#6735000
b11101100 7
1%
#6740000
b11101100 ;
0%
#6745000
b11101101 7
1%
#6750000
b11101101 ;
0%
#6755000
b11101110 7
1%
#6760000
b11101110 ;
0%
#6765000
b11101111 7
1%
#6770000
b11101111 ;
0%
#6775000
b11110000 7
1%
#6780000
b11110000 ;
0%
#6785000
b11110001 7
1%
#6790000
b11110001 ;
0%
#6795000
b11110010 7
1%
#6800000
b11110010 ;
0%
#6805000
b11110011 7
1%
#6810000
b11110011 ;
0%
#6815000
b11110100 7
1%
#6820000
b11110100 ;
0%
#6825000
b11110101 7
1%
#6830000
b11110101 ;
0%
#6835000
b11110110 7
1%
#6840000
b11110110 ;
0%
#6845000
b11110111 7
1%
#6850000
b11110111 ;
0%
#6855000
b11111000 7
1%
#6860000
b11111000 ;
0%
#6865000
b11111001 7
1%
#6870000
b11111001 ;
0%
#6875000
b11111010 7
1%
#6880000
b11111010 ;
0%
#6885000
b11111011 7
1%
#6890000
b11111011 ;
0%
#6895000
b11111100 7
1%
#6900000
b11111100 ;
0%
#6905000
b11111101 7
1%
#6910000
b11111101 ;
0%
#6915000
b11111110 7
1%
#6920000
b11111110 ;
0%
#6925000
b11111111 7
1%
#6930000
b11111111 ;
0%
#6935000
b100000000 7
1%
#6940000
b100000000 ;
0%
#6945000
b100000001 7
1%
#6950000
b100000001 ;
0%
#6955000
b100000010 7
1%
#6960000
b100000010 ;
0%
#6965000
b100000011 7
1%
#6970000
b100000011 ;
0%
#6975000
b100000100 7
1%
#6980000
b100000100 ;
0%
#6985000
b100000101 7
1%
#6990000
b100000101 ;
0%
#6995000
b100000110 7
1%
#7000000
b100000110 ;
0%
#7005000
b100000111 7
1%
#7010000
b100000111 ;
0%
#7015000
b100001000 7
1%
#7020000
b100001000 ;
0%
#7025000
b100001001 7
1%
#7030000
b100001001 ;
0%
#7035000
b100001010 7
1%
#7040000
b100001010 ;
0%
#7045000
b100001011 7
1%
#7050000
b100001011 ;
0%
#7055000
b100001100 7
1%
#7060000
b100001100 ;
0%
#7065000
b100001101 7
1%
#7070000
b100001101 ;
0%
#7075000
b100001110 7
1%
#7080000
b100001110 ;
0%
#7085000
b100001111 7
1%
#7090000
b100001111 ;
0%
#7095000
b100010000 7
1%
#7100000
b100010000 ;
0%
#7105000
b100010001 7
1%
#7110000
b100010001 ;
0%
#7115000
b100010010 7
1%
#7120000
b100010010 ;
0%
#7125000
b100010011 7
1%
#7130000
b100010011 ;
0%
#7135000
b100010100 7
1%
#7140000
b100010100 ;
0%
#7145000
b100010101 7
1%
#7150000
b100010101 ;
0%
#7155000
b100010110 7
1%
#7160000
b100010110 ;
0%
#7165000
b100010111 7
1%
#7170000
b100010111 ;
0%
#7175000
b100011000 7
1%
#7180000
b100011000 ;
0%
#7185000
b100011001 7
1%
#7190000
b100011001 ;
0%
#7195000
b100011010 7
1%
#7200000
b100011010 ;
0%
#7205000
b100011011 7
1%
#7210000
b100011011 ;
0%
#7215000
b100011100 7
1%
#7220000
b100011100 ;
0%
#7225000
b100011101 7
1%
#7230000
b100011101 ;
0%
#7235000
b100011110 7
1%
#7240000
b100011110 ;
0%
#7245000
b100011111 7
1%
#7250000
b100011111 ;
0%
#7255000
b100100000 7
1%
#7260000
b100100000 ;
0%
#7265000
b100100001 7
1%
#7270000
b100100001 ;
0%
#7275000
b100100010 7
1%
#7280000
b100100010 ;
0%
#7285000
b100100011 7
1%
#7290000
b100100011 ;
0%
#7295000
b100100100 7
1%
#7300000
b100100100 ;
0%
#7305000
b100100101 7
1%
#7310000
b100100101 ;
0%
#7315000
b100100110 7
1%
#7320000
b100100110 ;
0%
#7325000
b100100111 7
1%
#7330000
b100100111 ;
0%
#7335000
b100101000 7
1%
#7340000
b100101000 ;
0%
#7345000
b100101001 7
1%
#7350000
b100101001 ;
0%
#7355000
b100101010 7
1%
#7360000
b100101010 ;
0%
#7365000
b100101011 7
1%
#7370000
b100101011 ;
0%
#7375000
b100101100 7
1%
#7380000
b100101100 ;
0%
#7385000
b100101101 7
1%
#7390000
b100101101 ;
0%
#7395000
b100101110 7
1%
#7400000
b100101110 ;
0%
#7405000
b100101111 7
1%
#7410000
b100101111 ;
0%
#7415000
b100110000 7
1%
#7420000
b100110000 ;
0%
#7425000
b100110001 7
1%
#7430000
b100110001 ;
0%
#7435000
b100110010 7
1%
#7440000
b100110010 ;
0%
#7445000
b100110011 7
1%
#7450000
b100110011 ;
0%
#7455000
b100110100 7
1%
#7460000
b100110100 ;
0%
#7465000
b100110101 7
1%
#7470000
b100110101 ;
0%
#7475000
b100110110 7
1%
#7480000
b100110110 ;
0%
#7485000
b100110111 7
1%
#7490000
b100110111 ;
0%
#7495000
b100111000 7
1%
#7500000
b100111000 ;
0%
#7505000
b100111001 7
1%
#7510000
b100111001 ;
0%
#7515000
b100111010 7
1%
#7520000
b100111010 ;
0%
#7525000
b100111011 7
1%
#7530000
b100111011 ;
0%
#7535000
b100111100 7
1%
#7540000
b100111100 ;
0%
#7545000
b100111101 7
1%
#7550000
b100111101 ;
0%
#7555000
b100111110 7
1%
#7560000
b100111110 ;
0%
#7565000
b100111111 7
1%
#7570000
b100111111 ;
0%
#7575000
b101000000 7
1%
#7580000
b101000000 ;
0%
#7585000
b101000001 7
1%
#7590000
b101000001 ;
0%
#7595000
b101000010 7
1%
#7600000
b101000010 ;
0%
#7605000
b101000011 7
1%
#7610000
b101000011 ;
0%
#7615000
b101000100 7
1%
#7620000
b101000100 ;
0%
#7625000
b101000101 7
1%
#7630000
b101000101 ;
0%
#7635000
b101000110 7
1%
#7640000
b101000110 ;
0%
#7645000
b101000111 7
1%
#7650000
b101000111 ;
0%
#7655000
b101001000 7
1%
#7660000
b101001000 ;
0%
#7665000
b101001001 7
1%
#7670000
b101001001 ;
0%
#7675000
b101001010 7
1%
#7680000
b101001010 ;
0%
#7685000
b101001011 7
1%
#7690000
b101001011 ;
0%
#7695000
b101001100 7
1%
#7700000
b101001100 ;
0%
#7705000
b101001101 7
1%
#7710000
b101001101 ;
0%
#7715000
b101001110 7
1%
#7720000
b101001110 ;
0%
#7725000
b101001111 7
1%
#7730000
b101001111 ;
0%
#7735000
b101010000 7
1%
#7740000
b101010000 ;
0%
#7745000
b101010001 7
1%
#7750000
b101010001 ;
0%
#7755000
b101010010 7
1%
#7760000
b101010010 ;
0%
#7765000
b101010011 7
1%
#7770000
b101010011 ;
0%
#7775000
b101010100 7
1%
#7780000
b101010100 ;
0%
#7785000
b101010101 7
1%
#7790000
b101010101 ;
0%
#7795000
b101010110 7
1%
#7800000
b101010110 ;
0%
#7805000
b101010111 7
1%
#7810000
b101010111 ;
0%
#7815000
b101011000 7
1%
#7820000
b101011000 ;
0%
#7825000
b101011001 7
1%
#7830000
b101011001 ;
0%
#7835000
b101011010 7
1%
#7840000
b101011010 ;
0%
#7845000
b101011011 7
1%
#7850000
b101011011 ;
0%
#7855000
b101011100 7
1%
#7860000
b101011100 ;
0%
#7865000
b101011101 7
1%
#7870000
b101011101 ;
0%
#7875000
b101011110 7
1%
#7880000
b101011110 ;
0%
#7885000
b101011111 7
1%
#7890000
b101011111 ;
0%
#7895000
b101100000 7
1%
#7900000
b101100000 ;
0%
#7905000
b101100001 7
1%
#7910000
b101100001 ;
0%
#7915000
b101100010 7
1%
#7920000
b101100010 ;
0%
#7925000
b101100011 7
1%
#7930000
b101100011 ;
0%
#7935000
b101100100 7
1%
#7940000
b101100100 ;
0%
#7945000
b101100101 7
1%
#7950000
b101100101 ;
0%
#7955000
b101100110 7
1%
#7960000
b101100110 ;
0%
#7965000
b101100111 7
1%
#7970000
b101100111 ;
0%
#7975000
b101101000 7
1%
#7980000
b101101000 ;
0%
#7985000
b101101001 7
1%
#7990000
b101101001 ;
0%
#7995000
b101101010 7
1%
#8000000
b101101010 ;
0%
#8005000
b101101011 7
1%
#8010000
b101101011 ;
0%
#8015000
b101101100 7
1%
#8020000
b101101100 ;
0%
#8025000
b101101101 7
1%
#8030000
b101101101 ;
0%
#8035000
b101101110 7
1%
#8040000
b101101110 ;
0%
#8045000
b101101111 7
1%
#8050000
b101101111 ;
0%
#8055000
b101110000 7
1%
#8060000
b101110000 ;
0%
#8065000
b101110001 7
1%
#8070000
b101110001 ;
0%
#8075000
b101110010 7
1%
#8080000
b101110010 ;
0%
#8085000
b101110011 7
1%
#8090000
b101110011 ;
0%
#8095000
b101110100 7
1%
#8100000
b101110100 ;
0%
#8105000
b101110101 7
1%
#8110000
b101110101 ;
0%
#8115000
b101110110 7
1%
#8120000
b101110110 ;
0%
#8125000
b101110111 7
1%
#8130000
b101110111 ;
0%
#8135000
b101111000 7
1%
#8140000
b101111000 ;
0%
#8145000
b101111001 7
1%
#8150000
b101111001 ;
0%
#8155000
b101111010 7
1%
#8160000
b101111010 ;
0%
#8165000
b101111011 7
1%
#8170000
b101111011 ;
0%
#8175000
b101111100 7
1%
#8180000
b101111100 ;
0%
#8185000
b101111101 7
1%
#8190000
b101111101 ;
0%
#8195000
b101111110 7
1%
#8200000
b101111110 ;
0%
#8205000
b101111111 7
1%
#8210000
b101111111 ;
0%
#8215000
b110000000 7
1%
#8220000
b110000000 ;
0%
#8225000
b110000001 7
1%
#8230000
b110000001 ;
0%
#8235000
b110000010 7
1%
#8240000
b110000010 ;
0%
#8245000
b110000011 7
1%
#8250000
b110000011 ;
0%
#8255000
b110000100 7
1%
#8260000
b110000100 ;
0%
#8265000
b110000101 7
1%
#8270000
b110000101 ;
0%
#8275000
b110000110 7
1%
#8280000
b110000110 ;
0%
#8285000
b110000111 7
1%
#8290000
b110000111 ;
0%
#8295000
b110001000 7
1%
#8300000
b110001000 ;
0%
#8305000
b110001001 7
1%
#8310000
b110001001 ;
0%
#8315000
b110001010 7
1%
#8320000
b110001010 ;
0%
#8325000
b110001011 7
1%
#8330000
b110001011 ;
0%
#8335000
b110001100 7
1%
#8340000
b110001100 ;
0%
#8345000
b110001101 7
1%
#8350000
b110001101 ;
0%
#8355000
b110001110 7
1%
#8360000
b110001110 ;
0%
#8365000
b110001111 7
1%
#8370000
b110001111 ;
0%
#8375000
b110010000 7
1%
#8380000
b110010000 ;
0%
#8385000
b110010001 7
1%
#8390000
b110010001 ;
0%
#8395000
b110010010 7
1%
#8400000
b110010010 ;
0%
#8405000
b110010011 7
1%
#8410000
b110010011 ;
0%
#8415000
b110010100 7
1%
#8420000
b110010100 ;
0%
#8425000
b110010101 7
1%
#8430000
b110010101 ;
0%
#8435000
b110010110 7
1%
#8440000
b110010110 ;
0%
#8445000
b110010111 7
1%
#8450000
b110010111 ;
0%
#8455000
b110011000 7
1%
#8460000
b110011000 ;
0%
#8465000
b110011001 7
1%
#8470000
b110011001 ;
0%
#8475000
b110011010 7
1%
#8480000
b110011010 ;
0%
#8485000
b110011011 7
1%
#8490000
b110011011 ;
0%
#8495000
b110011100 7
1%
#8500000
b110011100 ;
0%
#8505000
b110011101 7
1%
#8510000
b110011101 ;
0%
#8515000
b110011110 7
1%
#8520000
b110011110 ;
0%
#8525000
b110011111 7
1%
#8530000
b110011111 ;
0%
#8535000
b110100000 7
1%
#8540000
b110100000 ;
0%
#8545000
b110100001 7
1%
#8550000
b110100001 ;
0%
#8555000
b110100010 7
1%
#8560000
b110100010 ;
0%
#8565000
b110100011 7
1%
#8570000
b110100011 ;
0%
#8575000
b110100100 7
1%
#8580000
b110100100 ;
0%
#8585000
b110100101 7
1%
#8590000
b110100101 ;
0%
#8595000
b110100110 7
1%
#8600000
b110100110 ;
0%
#8605000
b110100111 7
1%
#8610000
b110100111 ;
0%
#8615000
b110101000 7
1%
#8620000
b110101000 ;
0%
#8625000
b110101001 7
1%
#8630000
b110101001 ;
0%
#8635000
b110101010 7
1%
#8640000
b110101010 ;
0%
#8645000
b110101011 7
1%
#8650000
b110101011 ;
0%
#8655000
b110101100 7
1%
#8660000
b110101100 ;
0%
#8665000
b110101101 7
1%
#8670000
b110101101 ;
0%
#8675000
b110101110 7
1%
#8680000
b110101110 ;
0%
#8685000
b110101111 7
1%
#8690000
b110101111 ;
0%
#8695000
b110110000 7
1%
#8700000
b110110000 ;
0%
#8705000
b110110001 7
1%
#8710000
b110110001 ;
0%
#8715000
1!
b11 6
b0 7
1%
#8720000
1:
b0 )
b0 ;
0%
#8725000
b1 7
1%
#8730000
b1 ;
0%
#8735000
b10 7
1%
#8740000
b10 ;
0%
#8745000
b11 7
1%
#8750000
b11 ;
0%
#8755000
b100 7
1%
#8760000
b100 ;
0%
#8765000
b101 7
1%
#8770000
b101 ;
0%
#8775000
b110 7
1%
#8780000
b110 ;
0%
#8785000
b111 7
1%
#8790000
b111 ;
0%
#8795000
b1000 7
1%
#8800000
b1000 ;
0%
#8805000
b1001 7
1%
#8810000
b1001 ;
0%
#8815000
b1010 7
1%
#8820000
b1010 ;
0%
#8825000
b1011 7
1%
#8830000
b1011 ;
0%
#8835000
b1100 7
1%
#8840000
b1100 ;
0%
#8845000
b1101 7
1%
#8850000
b1101 ;
0%
#8855000
b1110 7
1%
#8860000
b1110 ;
0%
#8865000
b1111 7
1%
#8870000
b1111 ;
0%
#8875000
b10000 7
1%
#8880000
b10000 ;
0%
#8885000
b10001 7
1%
#8890000
b10001 ;
0%
#8895000
b10010 7
1%
#8900000
b10010 ;
0%
#8905000
b10011 7
1%
#8910000
b10011 ;
0%
#8915000
b10100 7
1%
#8920000
b10100 ;
0%
#8925000
b10101 7
1%
#8930000
b10101 ;
0%
#8935000
b10110 7
1%
#8940000
b10110 ;
0%
#8945000
b10111 7
1%
#8950000
b10111 ;
0%
#8955000
b11000 7
1%
#8960000
b11000 ;
0%
#8965000
b11001 7
1%
#8970000
b11001 ;
0%
#8975000
b11010 7
1%
#8980000
b11010 ;
0%
#8985000
b11011 7
1%
#8990000
b11011 ;
0%
#8995000
b11100 7
1%
#9000000
b11100 ;
0%
#9005000
b11101 7
1%
#9010000
b11101 ;
0%
#9015000
b11110 7
1%
#9020000
b11110 ;
0%
#9025000
b11111 7
1%
#9030000
b11111 ;
0%
#9035000
b100000 7
1%
#9040000
b100000 ;
0%
#9045000
b100001 7
1%
#9050000
b100001 ;
0%
#9055000
b100010 7
1%
#9060000
b100010 ;
0%
#9065000
b100011 7
1%
#9070000
b100011 ;
0%
#9075000
b100100 7
1%
#9080000
b100100 ;
0%
#9085000
b100101 7
1%
#9090000
b100101 ;
0%
#9095000
b100110 7
1%
#9100000
b100110 ;
0%
#9105000
b100111 7
1%
#9110000
b100111 ;
0%
#9115000
b101000 7
1%
#9120000
b101000 ;
0%
#9125000
b101001 7
1%
#9130000
b101001 ;
0%
#9135000
b101010 7
1%
#9140000
b101010 ;
0%
#9145000
b101011 7
1%
#9150000
b101011 ;
0%
#9155000
b101100 7
1%
#9160000
b101100 ;
0%
#9165000
b101101 7
1%
#9170000
b101101 ;
0%
#9175000
b101110 7
1%
#9180000
b101110 ;
0%
#9185000
b101111 7
1%
#9190000
b101111 ;
0%
#9195000
b110000 7
1%
#9200000
b110000 ;
0%
#9205000
b110001 7
1%
#9210000
b110001 ;
0%
#9215000
b110010 7
1%
#9220000
b110010 ;
0%
#9225000
b110011 7
1%
#9230000
b110011 ;
0%
#9235000
b110100 7
1%
#9240000
b110100 ;
0%
#9245000
b110101 7
1%
#9250000
b110101 ;
0%
#9255000
b110110 7
1%
#9260000
b110110 ;
0%
#9265000
b110111 7
1%
#9270000
b110111 ;
0%
#9275000
b111000 7
1%
#9280000
b111000 ;
0%
#9285000
b111001 7
1%
#9290000
b111001 ;
0%
#9295000
b111010 7
1%
#9300000
b111010 ;
0%
#9305000
b111011 7
1%
#9310000
b111011 ;
0%
#9315000
b111100 7
1%
#9320000
b111100 ;
0%
#9325000
b111101 7
1%
#9330000
b111101 ;
0%
#9335000
b111110 7
1%
#9340000
b111110 ;
0%
#9345000
b111111 7
1%
#9350000
b111111 ;
0%
#9355000
b1000000 7
1%
#9360000
b1000000 ;
0%
#9365000
b1000001 7
1%
#9370000
b1000001 ;
0%
#9375000
b1000010 7
1%
#9380000
b1000010 ;
0%
#9385000
b1000011 7
1%
#9390000
b1000011 ;
0%
#9395000
b1000100 7
1%
#9400000
b1000100 ;
0%
#9405000
b1000101 7
1%
#9410000
b1000101 ;
0%
#9415000
b1000110 7
1%
#9420000
b1000110 ;
0%
#9425000
b1000111 7
1%
#9430000
b1000111 ;
0%
#9435000
b1001000 7
1%
#9440000
b1001000 ;
0%
#9445000
b1001001 7
1%
#9450000
b1001001 ;
0%
#9455000
b1001010 7
1%
#9460000
b1001010 ;
0%
#9465000
b1001011 7
1%
#9470000
b1001011 ;
0%
#9475000
b1001100 7
1%
#9480000
b1001100 ;
0%
#9485000
b1001101 7
1%
#9490000
b1001101 ;
0%
#9495000
b1001110 7
1%
#9500000
b1001110 ;
0%
#9505000
b1001111 7
1%
#9510000
b1001111 ;
0%
#9515000
b1010000 7
1%
#9520000
b1010000 ;
0%
#9525000
b1010001 7
1%
#9530000
b1010001 ;
0%
#9535000
b1010010 7
1%
#9540000
b1010010 ;
0%
#9545000
b1010011 7
1%
#9550000
b1010011 ;
0%
#9555000
b1010100 7
1%
#9560000
b1010100 ;
0%
#9565000
b1010101 7
1%
#9570000
b1010101 ;
0%
#9575000
b1010110 7
1%
#9580000
b1010110 ;
0%
#9585000
b1010111 7
1%
#9590000
b1010111 ;
0%
#9595000
b1011000 7
1%
#9600000
b1011000 ;
0%
#9605000
b1011001 7
1%
#9610000
b1011001 ;
0%
#9615000
b1011010 7
1%
#9620000
b1011010 ;
0%
#9625000
b1011011 7
1%
#9630000
b1011011 ;
0%
#9635000
b1011100 7
1%
#9640000
b1011100 ;
0%
#9645000
b1011101 7
1%
#9650000
b1011101 ;
0%
#9655000
b1011110 7
1%
#9660000
b1011110 ;
0%
#9665000
b1011111 7
1%
#9670000
b1011111 ;
0%
#9675000
b1100000 7
1%
#9680000
b1100000 ;
0%
#9685000
b1100001 7
1%
#9690000
b1100001 ;
0%
#9695000
b1100010 7
1%
#9700000
b1100010 ;
0%
#9705000
b1100011 7
1%
#9710000
b1100011 ;
0%
#9715000
b1100100 7
1%
#9720000
b1100100 ;
0%
#9725000
b1100101 7
1%
#9730000
b1100101 ;
0%
#9735000
b1100110 7
1%
#9740000
b1100110 ;
0%
#9745000
b1100111 7
1%
#9750000
b1100111 ;
0%
#9755000
b1101000 7
1%
#9760000
b1101000 ;
0%
#9765000
b1101001 7
1%
#9770000
b1101001 ;
0%
#9775000
b1101010 7
1%
#9780000
b1101010 ;
0%
#9785000
b1101011 7
1%
#9790000
b1101011 ;
0%
#9795000
b1101100 7
1%
#9800000
b1101100 ;
0%
#9805000
b1101101 7
1%
#9810000
b1101101 ;
0%
#9815000
b1101110 7
1%
#9820000
b1101110 ;
0%
#9825000
b1101111 7
1%
#9830000
b1101111 ;
0%
#9835000
b1110000 7
1%
#9840000
b1110000 ;
0%
#9845000
b1110001 7
1%
#9850000
b1110001 ;
0%
#9855000
b1110010 7
1%
#9860000
b1110010 ;
0%
#9865000
b1110011 7
1%
#9870000
b1110011 ;
0%
#9875000
b1110100 7
1%
#9880000
b1110100 ;
0%
#9885000
b1110101 7
1%
#9890000
b1110101 ;
0%
#9895000
b1110110 7
1%
#9900000
b1110110 ;
0%
#9905000
b1110111 7
1%
#9910000
b1110111 ;
0%
#9915000
b1111000 7
1%
#9920000
b1111000 ;
0%
#9925000
b1111001 7
1%
#9930000
b1111001 ;
0%
#9935000
b1111010 7
1%
#9940000
b1111010 ;
0%
#9945000
b1111011 7
1%
#9950000
b1111011 ;
0%
#9955000
b1111100 7
1%
#9960000
b1111100 ;
0%
#9965000
b1111101 7
1%
#9970000
b1111101 ;
0%
#9975000
b1111110 7
1%
#9980000
b1111110 ;
0%
#9985000
b1111111 7
1%
#9990000
b1111111 ;
0%
#9995000
b10000000 7
1%
#10000000
b10000000 ;
0%
#10005000
b10000001 7
1%
#10010000
b10000001 ;
0%
#10015000
b10000010 7
1%
#10020000
b10000010 ;
0%
#10025000
b10000011 7
1%
#10030000
b10000011 ;
0%
#10035000
b10000100 7
1%
#10040000
b10000100 ;
0%
#10045000
b10000101 7
1%
#10050000
b10000101 ;
0%
#10055000
b10000110 7
1%
#10060000
b10000110 ;
0%
#10065000
b10000111 7
1%
#10070000
b10000111 ;
0%
#10075000
b10001000 7
1%
#10080000
b10001000 ;
0%
#10085000
b10001001 7
1%
#10090000
b10001001 ;
0%
#10095000
b10001010 7
1%
#10100000
b10001010 ;
0%
#10105000
b10001011 7
1%
#10110000
b10001011 ;
0%
#10115000
b10001100 7
1%
#10120000
b10001100 ;
0%
#10125000
b10001101 7
1%
#10130000
b10001101 ;
0%
#10135000
b10001110 7
1%
#10140000
b10001110 ;
0%
#10145000
b10001111 7
1%
#10150000
b10001111 ;
0%
#10155000
b10010000 7
1%
#10160000
b10010000 ;
0%
#10165000
b10010001 7
1%
#10170000
b10010001 ;
0%
#10175000
b10010010 7
1%
#10180000
b10010010 ;
0%
#10185000
b10010011 7
1%
#10190000
b10010011 ;
0%
#10195000
b10010100 7
1%
#10200000
b10010100 ;
0%
#10205000
b10010101 7
1%
#10210000
b10010101 ;
0%
#10215000
b10010110 7
1%
#10220000
b10010110 ;
0%
#10225000
b10010111 7
1%
#10230000
b10010111 ;
0%
#10235000
b10011000 7
1%
#10240000
b10011000 ;
0%
#10245000
b10011001 7
1%
#10250000
b10011001 ;
0%
#10255000
b10011010 7
1%
#10260000
b10011010 ;
0%
#10265000
b10011011 7
1%
#10270000
b10011011 ;
0%
#10275000
b10011100 7
1%
#10280000
b10011100 ;
0%
#10285000
b10011101 7
1%
#10290000
b10011101 ;
0%
#10295000
b10011110 7
1%
#10300000
b10011110 ;
0%
#10305000
b10011111 7
1%
#10310000
b10011111 ;
0%
#10315000
b10100000 7
1%
#10320000
b10100000 ;
0%
#10325000
b10100001 7
1%
#10330000
b10100001 ;
0%
#10335000
b10100010 7
1%
#10340000
b10100010 ;
0%
#10345000
b10100011 7
1%
#10350000
b10100011 ;
0%
#10355000
b10100100 7
1%
#10360000
b10100100 ;
0%
#10365000
b10100101 7
1%
#10370000
b10100101 ;
0%
#10375000
b10100110 7
1%
#10380000
b10100110 ;
0%
#10385000
b10100111 7
1%
#10390000
b10100111 ;
0%
#10395000
b10101000 7
1%
#10400000
b10101000 ;
0%
#10405000
b10101001 7
1%
#10410000
b10101001 ;
0%
#10415000
b10101010 7
1%
#10420000
b10101010 ;
0%
#10425000
b10101011 7
1%
#10430000
b10101011 ;
0%
#10435000
b10101100 7
1%
#10440000
b10101100 ;
0%
#10445000
b10101101 7
1%
#10450000
b10101101 ;
0%
#10455000
b10101110 7
1%
#10460000
b10101110 ;
0%
#10465000
b10101111 7
1%
#10470000
b10101111 ;
0%
#10475000
b10110000 7
1%
#10480000
b10110000 ;
0%
#10485000
b10110001 7
1%
#10490000
b10110001 ;
0%
#10495000
b10110010 7
1%
#10500000
b10110010 ;
0%
#10505000
b10110011 7
1%
#10510000
b10110011 ;
0%
#10515000
b10110100 7
1%
#10520000
b10110100 ;
0%
#10525000
b10110101 7
1%
#10530000
b10110101 ;
0%
#10535000
b10110110 7
1%
#10540000
b10110110 ;
0%
#10545000
b10110111 7
1%
#10550000
b10110111 ;
0%
#10555000
b10111000 7
1%
#10560000
b10111000 ;
0%
#10565000
b10111001 7
1%
#10570000
b10111001 ;
0%
#10575000
b10111010 7
1%
#10580000
b10111010 ;
0%
#10585000
b10111011 7
1%
#10590000
b10111011 ;
0%
#10595000
b10111100 7
1%
#10600000
b10111100 ;
0%
#10605000
b10111101 7
1%
#10610000
b10111101 ;
0%
#10615000
b10111110 7
1%
#10620000
b10111110 ;
0%
#10625000
b10111111 7
1%
#10630000
b10111111 ;
0%
#10635000
b11000000 7
1%
#10640000
b11000000 ;
0%
#10645000
b11000001 7
1%
#10650000
b11000001 ;
0%
#10655000
b11000010 7
1%
#10660000
b11000010 ;
0%
#10665000
b11000011 7
1%
#10670000
b11000011 ;
0%
#10675000
b11000100 7
1%
#10680000
b11000100 ;
0%
#10685000
b11000101 7
1%
#10690000
b11000101 ;
0%
#10695000
b11000110 7
1%
#10700000
b11000110 ;
0%
#10705000
b11000111 7
1%
#10710000
b11000111 ;
0%
#10715000
b11001000 7
1%
#10720000
b11001000 ;
0%
#10725000
b11001001 7
1%
#10730000
b11001001 ;
0%
#10735000
b11001010 7
1%
#10740000
b11001010 ;
0%
#10745000
b11001011 7
1%
#10750000
b11001011 ;
0%
#10755000
b11001100 7
1%
#10760000
b11001100 ;
0%
#10765000
b11001101 7
1%
#10770000
b11001101 ;
0%
#10775000
b11001110 7
1%
#10780000
b11001110 ;
0%
#10785000
b11001111 7
1%
#10790000
b11001111 ;
0%
#10795000
b11010000 7
1%
#10800000
b11010000 ;
0%
#10805000
b11010001 7
1%
#10810000
b11010001 ;
0%
#10815000
b11010010 7
1%
#10820000
b11010010 ;
0%
#10825000
b11010011 7
1%
#10830000
b11010011 ;
0%
#10835000
b11010100 7
1%
#10840000
b11010100 ;
0%
#10845000
b11010101 7
1%
#10850000
b11010101 ;
0%
#10855000
b11010110 7
1%
#10860000
b11010110 ;
0%
#10865000
b11010111 7
1%
#10870000
b11010111 ;
0%
#10875000
b11011000 7
1%
#10880000
b11011000 ;
0%
#10885000
b11011001 7
1%
#10890000
b11011001 ;
0%
#10895000
b11011010 7
1%
#10900000
b11011010 ;
0%
#10905000
b11011011 7
1%
#10910000
b11011011 ;
0%
#10915000
b11011100 7
1%
#10920000
b11011100 ;
0%
#10925000
b11011101 7
1%
#10930000
b11011101 ;
0%
#10935000
b11011110 7
1%
#10940000
b11011110 ;
0%
#10945000
b11011111 7
1%
#10950000
b11011111 ;
0%
#10955000
b11100000 7
1%
#10960000
b11100000 ;
0%
#10965000
b11100001 7
1%
#10970000
b11100001 ;
0%
#10975000
b11100010 7
1%
#10980000
b11100010 ;
0%
#10985000
b11100011 7
1%
#10990000
b11100011 ;
0%
#10995000
b11100100 7
1%
#11000000
b11100100 ;
0%
#11005000
b11100101 7
1%
#11010000
b11100101 ;
0%
#11015000
b11100110 7
1%
#11020000
b11100110 ;
0%
#11025000
b11100111 7
1%
#11030000
b11100111 ;
0%
#11035000
b11101000 7
1%
#11040000
b11101000 ;
0%
#11045000
b11101001 7
1%
#11050000
b11101001 ;
0%
#11055000
b11101010 7
1%
#11060000
b11101010 ;
0%
#11065000
b11101011 7
1%
#11070000
b11101011 ;
0%
#11075000
b11101100 7
1%
#11080000
b11101100 ;
0%
#11085000
b11101101 7
1%
#11090000
b11101101 ;
0%
#11095000
b11101110 7
1%
#11100000
b11101110 ;
0%
#11105000
b11101111 7
1%
#11110000
b11101111 ;
0%
#11115000
b11110000 7
1%
#11120000
b11110000 ;
0%
#11125000
b11110001 7
1%
#11130000
b11110001 ;
0%
#11135000
b11110010 7
1%
#11140000
b11110010 ;
0%
#11145000
b11110011 7
1%
#11150000
b11110011 ;
0%
#11155000
b11110100 7
1%
#11160000
b11110100 ;
0%
#11165000
b11110101 7
1%
#11170000
b11110101 ;
0%
#11175000
b11110110 7
1%
#11180000
b11110110 ;
0%
#11185000
b11110111 7
1%
#11190000
b11110111 ;
0%
#11195000
b11111000 7
1%
#11200000
b11111000 ;
0%
#11205000
b11111001 7
1%
#11210000
b11111001 ;
0%
#11215000
b11111010 7
1%
#11220000
b11111010 ;
0%
#11225000
b11111011 7
1%
#11230000
b11111011 ;
0%
#11235000
b11111100 7
1%
#11240000
b11111100 ;
0%
#11245000
b11111101 7
1%
#11250000
b11111101 ;
0%
#11255000
b11111110 7
1%
#11260000
b11111110 ;
0%
#11265000
b11111111 7
1%
#11270000
b11111111 ;
0%
#11275000
b100000000 7
1%
#11280000
b100000000 ;
0%
#11285000
b100000001 7
1%
#11290000
b100000001 ;
0%
#11295000
b100000010 7
1%
#11300000
b100000010 ;
0%
#11305000
b100000011 7
1%
#11310000
b100000011 ;
0%
#11315000
b100000100 7
1%
#11320000
b100000100 ;
0%
#11325000
b100000101 7
1%
#11330000
b100000101 ;
0%
#11335000
b100000110 7
1%
#11340000
b100000110 ;
0%
#11345000
b100000111 7
1%
#11350000
b100000111 ;
0%
#11355000
b100001000 7
1%
#11360000
b100001000 ;
0%
#11365000
b100001001 7
1%
#11370000
b100001001 ;
0%
#11375000
b100001010 7
1%
#11380000
b100001010 ;
0%
#11385000
b100001011 7
1%
#11390000
b100001011 ;
0%
#11395000
b100001100 7
1%
#11400000
b100001100 ;
0%
#11405000
b100001101 7
1%
#11410000
b100001101 ;
0%
#11415000
b100001110 7
1%
#11420000
b100001110 ;
0%
#11425000
b100001111 7
1%
#11430000
b100001111 ;
0%
#11435000
b100010000 7
1%
#11440000
b100010000 ;
0%
#11445000
b100010001 7
1%
#11450000
b100010001 ;
0%
#11455000
b100010010 7
1%
#11460000
b100010010 ;
0%
#11465000
b100010011 7
1%
#11470000
b100010011 ;
0%
#11475000
b100010100 7
1%
#11480000
b100010100 ;
0%
#11485000
b100010101 7
1%
#11490000
b100010101 ;
0%
#11495000
b100010110 7
1%
#11500000
b100010110 ;
0%
#11505000
b100010111 7
1%
#11510000
b100010111 ;
0%
#11515000
b100011000 7
1%
#11520000
b100011000 ;
0%
#11525000
b100011001 7
1%
#11530000
b100011001 ;
0%
#11535000
b100011010 7
1%
#11540000
b100011010 ;
0%
#11545000
b100011011 7
1%
#11550000
b100011011 ;
0%
#11555000
b100011100 7
1%
#11560000
b100011100 ;
0%
#11565000
b100011101 7
1%
#11570000
b100011101 ;
0%
#11575000
b100011110 7
1%
#11580000
b100011110 ;
0%
#11585000
b100011111 7
1%
#11590000
b100011111 ;
0%
#11595000
b100100000 7
1%
#11600000
b100100000 ;
0%
#11605000
b100100001 7
1%
#11610000
b100100001 ;
0%
#11615000
b100100010 7
1%
#11620000
b100100010 ;
0%
#11625000
b100100011 7
1%
#11630000
b100100011 ;
0%
#11635000
b100100100 7
1%
#11640000
b100100100 ;
0%
#11645000
b100100101 7
1%
#11650000
b100100101 ;
0%
#11655000
b100100110 7
1%
#11660000
b100100110 ;
0%
#11665000
b100100111 7
1%
#11670000
b100100111 ;
0%
#11675000
b100101000 7
1%
#11680000
b100101000 ;
0%
#11685000
b100101001 7
1%
#11690000
b100101001 ;
0%
#11695000
b100101010 7
1%
#11700000
b100101010 ;
0%
#11705000
b100101011 7
1%
#11710000
b100101011 ;
0%
#11715000
b100101100 7
1%
#11720000
b100101100 ;
0%
#11725000
b100101101 7
1%
#11730000
b100101101 ;
0%
#11735000
b100101110 7
1%
#11740000
b100101110 ;
0%
#11745000
b100101111 7
1%
#11750000
b100101111 ;
0%
#11755000
b100110000 7
1%
#11760000
b100110000 ;
0%
#11765000
b100110001 7
1%
#11770000
b100110001 ;
0%
#11775000
b100110010 7
1%
#11780000
b100110010 ;
0%
#11785000
b100110011 7
1%
#11790000
b100110011 ;
0%
#11795000
b100110100 7
1%
#11800000
b100110100 ;
0%
#11805000
b100110101 7
1%
#11810000
b100110101 ;
0%
#11815000
b100110110 7
1%
#11820000
b100110110 ;
0%
#11825000
b100110111 7
1%
#11830000
b100110111 ;
0%
#11835000
b100111000 7
1%
#11840000
b100111000 ;
0%
#11845000
b100111001 7
1%
#11850000
b100111001 ;
0%
#11855000
b100111010 7
1%
#11860000
b100111010 ;
0%
#11865000
b100111011 7
1%
#11870000
b100111011 ;
0%
#11875000
b100111100 7
1%
#11880000
b100111100 ;
0%
#11885000
b100111101 7
1%
#11890000
b100111101 ;
0%
#11895000
b100111110 7
1%
#11900000
b100111110 ;
0%
#11905000
b100111111 7
1%
#11910000
b100111111 ;
0%
#11915000
b101000000 7
1%
#11920000
b101000000 ;
0%
#11925000
b101000001 7
1%
#11930000
b101000001 ;
0%
#11935000
b101000010 7
1%
#11940000
b101000010 ;
0%
#11945000
b101000011 7
1%
#11950000
b101000011 ;
0%
#11955000
b101000100 7
1%
#11960000
b101000100 ;
0%
#11965000
b101000101 7
1%
#11970000
b101000101 ;
0%
#11975000
b101000110 7
1%
#11980000
b101000110 ;
0%
#11985000
b101000111 7
1%
#11990000
b101000111 ;
0%
#11995000
b101001000 7
1%
#12000000
b101001000 ;
0%
#12005000
b101001001 7
1%
#12010000
b101001001 ;
0%
#12015000
b101001010 7
1%
#12020000
b101001010 ;
0%
#12025000
b101001011 7
1%
#12030000
b101001011 ;
0%
#12035000
b101001100 7
1%
#12040000
b101001100 ;
0%
#12045000
b101001101 7
1%
#12050000
b101001101 ;
0%
#12055000
b101001110 7
1%
#12060000
b101001110 ;
0%
#12065000
b101001111 7
1%
#12070000
b101001111 ;
0%
#12075000
b101010000 7
1%
#12080000
b101010000 ;
0%
#12085000
b101010001 7
1%
#12090000
b101010001 ;
0%
#12095000
b101010010 7
1%
#12100000
b101010010 ;
0%
#12105000
b101010011 7
1%
#12110000
b101010011 ;
0%
#12115000
b101010100 7
1%
#12120000
b101010100 ;
0%
#12125000
b101010101 7
1%
#12130000
b101010101 ;
0%
#12135000
b101010110 7
1%
#12140000
b101010110 ;
0%
#12145000
b101010111 7
1%
#12150000
b101010111 ;
0%
#12155000
b101011000 7
1%
#12160000
b101011000 ;
0%
#12165000
b101011001 7
1%
#12170000
b101011001 ;
0%
#12175000
b101011010 7
1%
#12180000
b101011010 ;
0%
#12185000
b101011011 7
1%
#12190000
b101011011 ;
0%
#12195000
b101011100 7
1%
#12200000
b101011100 ;
0%
#12205000
b101011101 7
1%
#12210000
b101011101 ;
0%
#12215000
b101011110 7
1%
#12220000
b101011110 ;
0%
#12225000
b101011111 7
1%
#12230000
b101011111 ;
0%
#12235000
b101100000 7
1%
#12240000
b101100000 ;
0%
#12245000
b101100001 7
1%
#12250000
b101100001 ;
0%
#12255000
b101100010 7
1%
#12260000
b101100010 ;
0%
#12265000
b101100011 7
1%
#12270000
b101100011 ;
0%
#12275000
b101100100 7
1%
#12280000
b101100100 ;
0%
#12285000
b101100101 7
1%
#12290000
b101100101 ;
0%
#12295000
b101100110 7
1%
#12300000
b101100110 ;
0%
#12305000
b101100111 7
1%
#12310000
b101100111 ;
0%
#12315000
b101101000 7
1%
#12320000
b101101000 ;
0%
#12325000
b101101001 7
1%
#12330000
b101101001 ;
0%
#12335000
b101101010 7
1%
#12340000
b101101010 ;
0%
#12345000
b101101011 7
1%
#12350000
b101101011 ;
0%
#12355000
b101101100 7
1%
#12360000
b101101100 ;
0%
#12365000
b101101101 7
1%
#12370000
b101101101 ;
0%
#12375000
b101101110 7
1%
#12380000
b101101110 ;
0%
#12385000
b101101111 7
1%
#12390000
b101101111 ;
0%
#12395000
b101110000 7
1%
#12400000
b101110000 ;
0%
#12405000
b101110001 7
1%
#12410000
b101110001 ;
0%
#12415000
b101110010 7
1%
#12420000
b101110010 ;
0%
#12425000
b101110011 7
1%
#12430000
b101110011 ;
0%
#12435000
b101110100 7
1%
#12440000
b101110100 ;
0%
#12445000
b101110101 7
1%
#12450000
b101110101 ;
0%
#12455000
b101110110 7
1%
#12460000
b101110110 ;
0%
#12465000
b101110111 7
1%
#12470000
b101110111 ;
0%
#12475000
b101111000 7
1%
#12480000
b101111000 ;
0%
#12485000
b101111001 7
1%
#12490000
b101111001 ;
0%
#12495000
b101111010 7
1%
#12500000
b101111010 ;
0%
#12505000
b101111011 7
1%
#12510000
b101111011 ;
0%
#12515000
b101111100 7
1%
#12520000
b101111100 ;
0%
#12525000
b101111101 7
1%
#12530000
b101111101 ;
0%
#12535000
b101111110 7
1%
#12540000
b101111110 ;
0%
#12545000
b101111111 7
1%
#12550000
b101111111 ;
0%
#12555000
b110000000 7
1%
#12560000
b110000000 ;
0%
#12565000
b110000001 7
1%
#12570000
b110000001 ;
0%
#12575000
b110000010 7
1%
#12580000
b110000010 ;
0%
#12585000
b110000011 7
1%
#12590000
b110000011 ;
0%
#12595000
b110000100 7
1%
#12600000
b110000100 ;
0%
#12605000
b110000101 7
1%
#12610000
b110000101 ;
0%
#12615000
b110000110 7
1%
#12620000
b110000110 ;
0%
#12625000
b110000111 7
1%
#12630000
b110000111 ;
0%
#12635000
b110001000 7
1%
#12640000
b110001000 ;
0%
#12645000
b110001001 7
1%
#12650000
b110001001 ;
0%
#12655000
b110001010 7
1%
#12660000
b110001010 ;
0%
#12665000
b110001011 7
1%
#12670000
b110001011 ;
0%
#12675000
b110001100 7
1%
#12680000
b110001100 ;
0%
#12685000
b110001101 7
1%
#12690000
b110001101 ;
0%
#12695000
b110001110 7
1%
#12700000
b110001110 ;
0%
#12705000
b110001111 7
1%
#12710000
b110001111 ;
0%
#12715000
b110010000 7
1%
#12720000
b110010000 ;
0%
#12725000
b110010001 7
1%
#12730000
b110010001 ;
0%
#12735000
b110010010 7
1%
#12740000
b110010010 ;
0%
#12745000
b110010011 7
1%
#12750000
b110010011 ;
0%
#12755000
b110010100 7
1%
#12760000
b110010100 ;
0%
#12765000
b110010101 7
1%
#12770000
b110010101 ;
0%
#12775000
b110010110 7
1%
#12780000
b110010110 ;
0%
#12785000
b110010111 7
1%
#12790000
b110010111 ;
0%
#12795000
b110011000 7
1%
#12800000
b110011000 ;
0%
#12805000
b110011001 7
1%
#12810000
b110011001 ;
0%
#12815000
b110011010 7
1%
#12820000
b110011010 ;
0%
#12825000
b110011011 7
1%
#12830000
b110011011 ;
0%
#12835000
b110011100 7
1%
#12840000
b110011100 ;
0%
#12845000
b110011101 7
1%
#12850000
b110011101 ;
0%
#12855000
b110011110 7
1%
#12860000
b110011110 ;
0%
#12865000
b110011111 7
1%
#12870000
b110011111 ;
0%
#12875000
b110100000 7
1%
#12880000
b110100000 ;
0%
#12885000
b110100001 7
1%
#12890000
b110100001 ;
0%
#12895000
b110100010 7
1%
#12900000
b110100010 ;
0%
#12905000
b110100011 7
1%
#12910000
b110100011 ;
0%
#12915000
b110100100 7
1%
#12920000
b110100100 ;
0%
#12925000
b110100101 7
1%
#12930000
b110100101 ;
0%
#12935000
b110100110 7
1%
#12940000
b110100110 ;
0%
#12945000
b110100111 7
1%
#12950000
b110100111 ;
0%
#12955000
b110101000 7
1%
#12960000
b110101000 ;
0%
#12965000
b110101001 7
1%
#12970000
b110101001 ;
0%
#12975000
b110101010 7
1%
#12980000
b110101010 ;
0%
#12985000
b110101011 7
1%
#12990000
b110101011 ;
0%
#12995000
b110101100 7
1%
#13000000
b110101100 ;
0%
#13005000
b110101101 7
1%
#13010000
b110101101 ;
0%
#13015000
b110101110 7
1%
#13020000
b110101110 ;
0%
#13025000
b110101111 7
1%
#13030000
b110101111 ;
0%
#13035000
b110110000 7
1%
#13040000
b110110000 ;
0%
#13045000
b110110001 7
1%
#13050000
b110110001 ;
0%
#13055000
0!
b1 3
b0 7
1%
#13060000
0:
b1 )
b0 ;
0%
#13065000
b1 7
1%
#13070000
b1 ;
0%
#13075000
b10 7
1%
#13080000
b10 ;
0%
#13085000
b11 7
1%
#13090000
b11 ;
0%
#13095000
b100 7
1%
#13100000
b100 ;
0%
#13105000
b101 7
1%
#13110000
b101 ;
0%
#13115000
b110 7
1%
#13120000
b110 ;
0%
#13125000
b111 7
1%
#13130000
b111 ;
0%
#13135000
b1000 7
1%
#13140000
b1000 ;
0%
#13145000
b1001 7
1%
#13150000
b1001 ;
0%
#13155000
b1010 7
1%
#13160000
b1010 ;
0%
#13165000
b1011 7
1%
#13170000
b1011 ;
0%
#13175000
b1100 7
1%
#13180000
b1100 ;
0%
#13185000
b1101 7
1%
#13190000
b1101 ;
0%
#13195000
b1110 7
1%
#13200000
b1110 ;
0%
#13205000
b1111 7
1%
#13210000
b1111 ;
0%
#13215000
b10000 7
1%
#13220000
b10000 ;
0%
#13225000
b10001 7
1%
#13230000
b10001 ;
0%
#13235000
b10010 7
1%
#13240000
b10010 ;
0%
#13245000
b10011 7
1%
#13250000
b10011 ;
0%
#13255000
b10100 7
1%
#13260000
b10100 ;
0%
#13265000
b10101 7
1%
#13270000
b10101 ;
0%
#13275000
b10110 7
1%
#13280000
b10110 ;
0%
#13285000
b10111 7
1%
#13290000
b10111 ;
0%
#13295000
b11000 7
1%
#13300000
b11000 ;
0%
#13305000
b11001 7
1%
#13310000
b11001 ;
0%
#13315000
b11010 7
1%
#13320000
b11010 ;
0%
#13325000
b11011 7
1%
#13330000
b11011 ;
0%
#13335000
b11100 7
1%
#13340000
b11100 ;
0%
#13345000
b11101 7
1%
#13350000
b11101 ;
0%
#13355000
b11110 7
1%
#13360000
b11110 ;
0%
#13365000
b11111 7
1%
#13370000
b11111 ;
0%
#13375000
b100000 7
1%
#13380000
b100000 ;
0%
#13385000
b100001 7
1%
#13390000
b100001 ;
0%
#13395000
b100010 7
1%
#13400000
b100010 ;
0%
#13405000
b100011 7
1%
#13410000
b100011 ;
0%
#13415000
b100100 7
1%
#13420000
b100100 ;
0%
#13425000
b100101 7
1%
#13430000
b100101 ;
0%
#13435000
b100110 7
1%
#13440000
b100110 ;
0%
#13445000
b100111 7
1%
#13450000
b100111 ;
0%
#13455000
b101000 7
1%
#13460000
b101000 ;
0%
#13465000
b101001 7
1%
#13470000
b101001 ;
0%
#13475000
b101010 7
1%
#13480000
b101010 ;
0%
#13485000
b101011 7
1%
#13490000
b101011 ;
0%
#13495000
b101100 7
1%
#13500000
b101100 ;
0%
#13505000
b101101 7
1%
#13510000
b101101 ;
0%
#13515000
b101110 7
1%
#13520000
b101110 ;
0%
#13525000
b101111 7
1%
#13530000
b101111 ;
0%
#13535000
b110000 7
1%
#13540000
b110000 ;
0%
#13545000
b110001 7
1%
#13550000
b110001 ;
0%
#13555000
b110010 7
1%
#13560000
b110010 ;
0%
#13565000
b110011 7
1%
#13570000
b110011 ;
0%
#13575000
b110100 7
1%
#13580000
b110100 ;
0%
#13585000
b110101 7
1%
#13590000
b110101 ;
0%
#13595000
b110110 7
1%
#13600000
b110110 ;
0%
#13605000
b110111 7
1%
#13610000
b110111 ;
0%
#13615000
b111000 7
1%
#13620000
b111000 ;
0%
#13625000
b111001 7
1%
#13630000
b111001 ;
0%
#13635000
b111010 7
1%
#13640000
b111010 ;
0%
#13645000
b111011 7
1%
#13650000
b111011 ;
0%
#13655000
b111100 7
1%
#13660000
b111100 ;
0%
#13665000
b111101 7
1%
#13670000
b111101 ;
0%
#13675000
b111110 7
1%
#13680000
b111110 ;
0%
#13685000
b111111 7
1%
#13690000
b111111 ;
0%
#13695000
b1000000 7
1%
#13700000
b1000000 ;
0%
#13705000
b1000001 7
1%
#13710000
b1000001 ;
0%
#13715000
b1000010 7
1%
#13720000
b1000010 ;
0%
#13725000
b1000011 7
1%
#13730000
b1000011 ;
0%
#13735000
b1000100 7
1%
#13740000
b1000100 ;
0%
#13745000
b1000101 7
1%
#13750000
b1000101 ;
0%
#13755000
b1000110 7
1%
#13760000
b1000110 ;
0%
#13765000
b1000111 7
1%
#13770000
b1000111 ;
0%
#13775000
b1001000 7
1%
#13780000
b1001000 ;
0%
#13785000
b1001001 7
1%
#13790000
b1001001 ;
0%
#13795000
b1001010 7
1%
#13800000
b1001010 ;
0%
#13805000
b1001011 7
1%
#13810000
b1001011 ;
0%
#13815000
b1001100 7
1%
#13820000
b1001100 ;
0%
#13825000
b1001101 7
1%
#13830000
b1001101 ;
0%
#13835000
b1001110 7
1%
#13840000
b1001110 ;
0%
#13845000
b1001111 7
1%
#13850000
b1001111 ;
0%
#13855000
b1010000 7
1%
#13860000
b1010000 ;
0%
#13865000
b1010001 7
1%
#13870000
b1010001 ;
0%
#13875000
b1010010 7
1%
#13880000
b1010010 ;
0%
#13885000
b1010011 7
1%
#13890000
b1010011 ;
0%
#13895000
b1010100 7
1%
#13900000
b1010100 ;
0%
#13905000
b1010101 7
1%
#13910000
b1010101 ;
0%
#13915000
b1010110 7
1%
#13920000
b1010110 ;
0%
#13925000
b1010111 7
1%
#13930000
b1010111 ;
0%
#13935000
b1011000 7
1%
#13940000
b1011000 ;
0%
#13945000
b1011001 7
1%
#13950000
b1011001 ;
0%
#13955000
b1011010 7
1%
#13960000
b1011010 ;
0%
#13965000
b1011011 7
1%
#13970000
b1011011 ;
0%
#13975000
b1011100 7
1%
#13980000
b1011100 ;
0%
#13985000
b1011101 7
1%
#13990000
b1011101 ;
0%
#13995000
b1011110 7
1%
#14000000
b1011110 ;
0%
#14005000
b1011111 7
1%
#14010000
b1011111 ;
0%
#14015000
b1100000 7
1%
#14020000
b1100000 ;
0%
#14025000
b1100001 7
1%
#14030000
b1100001 ;
0%
#14035000
b1100010 7
1%
#14040000
b1100010 ;
0%
#14045000
b1100011 7
1%
#14050000
b1100011 ;
0%
#14055000
b1100100 7
1%
#14060000
b1100100 ;
0%
#14065000
b1100101 7
1%
#14070000
b1100101 ;
0%
#14075000
b1100110 7
1%
#14080000
b1100110 ;
0%
#14085000
b1100111 7
1%
#14090000
b1100111 ;
0%
#14095000
b1101000 7
1%
#14100000
b1101000 ;
0%
#14105000
b1101001 7
1%
#14110000
b1101001 ;
0%
#14115000
b1101010 7
1%
#14120000
b1101010 ;
0%
#14125000
b1101011 7
1%
#14130000
b1101011 ;
0%
#14135000
b1101100 7
1%
#14140000
b1101100 ;
0%
#14145000
b1101101 7
1%
#14150000
b1101101 ;
0%
#14155000
b1101110 7
1%
#14160000
b1101110 ;
0%
#14165000
b1101111 7
1%
#14170000
b1101111 ;
0%
#14175000
b1110000 7
1%
#14180000
b1110000 ;
0%
#14185000
b1110001 7
1%
#14190000
b1110001 ;
0%
#14195000
b1110010 7
1%
#14200000
b1110010 ;
0%
#14205000
b1110011 7
1%
#14210000
b1110011 ;
0%
#14215000
b1110100 7
1%
#14220000
b1110100 ;
0%
#14225000
b1110101 7
1%
#14230000
b1110101 ;
0%
#14235000
b1110110 7
1%
#14240000
b1110110 ;
0%
#14245000
b1110111 7
1%
#14250000
b1110111 ;
0%
#14255000
b1111000 7
1%
#14260000
b1111000 ;
0%
#14265000
b1111001 7
1%
#14270000
b1111001 ;
0%
#14275000
b1111010 7
1%
#14280000
b1111010 ;
0%
#14285000
b1111011 7
1%
#14290000
b1111011 ;
0%
#14295000
b1111100 7
1%
#14300000
b1111100 ;
0%
#14305000
b1111101 7
1%
#14310000
b1111101 ;
0%
#14315000
b1111110 7
1%
#14320000
b1111110 ;
0%
#14325000
b1111111 7
1%
#14330000
b1111111 ;
0%
#14335000
b10000000 7
1%
#14340000
b10000000 ;
0%
#14345000
b10000001 7
1%
#14350000
b10000001 ;
0%
#14355000
b10000010 7
1%
#14360000
b10000010 ;
0%
#14365000
b10000011 7
1%
#14370000
b10000011 ;
0%
#14375000
b10000100 7
1%
#14380000
b10000100 ;
0%
#14385000
b10000101 7
1%
#14390000
b10000101 ;
0%
#14395000
b10000110 7
1%
#14400000
b10000110 ;
0%
#14405000
b10000111 7
1%
#14410000
b10000111 ;
0%
#14415000
b10001000 7
1%
#14420000
b10001000 ;
0%
#14425000
b10001001 7
1%
#14430000
b10001001 ;
0%
#14435000
b10001010 7
1%
#14440000
b10001010 ;
0%
#14445000
b10001011 7
1%
#14450000
b10001011 ;
0%
#14455000
b10001100 7
1%
#14460000
b10001100 ;
0%
#14465000
b10001101 7
1%
#14470000
b10001101 ;
0%
#14475000
b10001110 7
1%
#14480000
b10001110 ;
0%
#14485000
b10001111 7
1%
#14490000
b10001111 ;
0%
#14495000
b10010000 7
1%
#14500000
b10010000 ;
0%
#14505000
b10010001 7
1%
#14510000
b10010001 ;
0%
#14515000
b10010010 7
1%
#14520000
b10010010 ;
0%
#14525000
b10010011 7
1%
#14530000
b10010011 ;
0%
#14535000
b10010100 7
1%
#14540000
b10010100 ;
0%
#14545000
b10010101 7
1%
#14550000
b10010101 ;
0%
#14555000
b10010110 7
1%
#14560000
b10010110 ;
0%
#14565000
b10010111 7
1%
#14570000
b10010111 ;
0%
#14575000
b10011000 7
1%
#14580000
b10011000 ;
0%
#14585000
b10011001 7
1%
#14590000
b10011001 ;
0%
#14595000
b10011010 7
1%
#14600000
b10011010 ;
0%
#14605000
b10011011 7
1%
#14610000
b10011011 ;
0%
#14615000
b10011100 7
1%
#14620000
b10011100 ;
0%
#14625000
b10011101 7
1%
#14630000
b10011101 ;
0%
#14635000
b10011110 7
1%
#14640000
b10011110 ;
0%
#14645000
b10011111 7
1%
#14650000
b10011111 ;
0%
#14655000
b10100000 7
1%
#14660000
b10100000 ;
0%
#14665000
b10100001 7
1%
#14670000
b10100001 ;
0%
#14675000
b10100010 7
1%
#14680000
b10100010 ;
0%
#14685000
b10100011 7
1%
#14690000
b10100011 ;
0%
#14695000
b10100100 7
1%
#14700000
b10100100 ;
0%
#14705000
b10100101 7
1%
#14710000
b10100101 ;
0%
#14715000
b10100110 7
1%
#14720000
b10100110 ;
0%
#14725000
b10100111 7
1%
#14730000
b10100111 ;
0%
#14735000
b10101000 7
1%
#14740000
b10101000 ;
0%
#14745000
b10101001 7
1%
#14750000
b10101001 ;
0%
#14755000
b10101010 7
1%
#14760000
b10101010 ;
0%
#14765000
b10101011 7
1%
#14770000
b10101011 ;
0%
#14775000
b10101100 7
1%
#14780000
b10101100 ;
0%
#14785000
b10101101 7
1%
#14790000
b10101101 ;
0%
#14795000
b10101110 7
1%
#14800000
b10101110 ;
0%
#14805000
b10101111 7
1%
#14810000
b10101111 ;
0%
#14815000
b10110000 7
1%
#14820000
b10110000 ;
0%
#14825000
b10110001 7
1%
#14830000
b10110001 ;
0%
#14835000
b10110010 7
1%
#14840000
b10110010 ;
0%
#14845000
b10110011 7
1%
#14850000
b10110011 ;
0%
#14855000
b10110100 7
1%
#14860000
b10110100 ;
0%
#14865000
b10110101 7
1%
#14870000
b10110101 ;
0%
#14875000
b10110110 7
1%
#14880000
b10110110 ;
0%
#14885000
b10110111 7
1%
#14890000
b10110111 ;
0%
#14895000
b10111000 7
1%
#14900000
b10111000 ;
0%
#14905000
b10111001 7
1%
#14910000
b10111001 ;
0%
#14915000
b10111010 7
1%
#14920000
b10111010 ;
0%
#14925000
b10111011 7
1%
#14930000
b10111011 ;
0%
#14935000
b10111100 7
1%
#14940000
b10111100 ;
0%
#14945000
b10111101 7
1%
#14950000
b10111101 ;
0%
#14955000
b10111110 7
1%
#14960000
b10111110 ;
0%
#14965000
b10111111 7
1%
#14970000
b10111111 ;
0%
#14975000
b11000000 7
1%
#14980000
b11000000 ;
0%
#14985000
b11000001 7
1%
#14990000
b11000001 ;
0%
#14995000
b11000010 7
1%
#15000000
b11000010 ;
0%
#15005000
b11000011 7
1%
#15010000
b11000011 ;
0%
#15015000
b11000100 7
1%
#15020000
b11000100 ;
0%
#15025000
b11000101 7
1%
#15030000
b11000101 ;
0%
#15035000
b11000110 7
1%
#15040000
b11000110 ;
0%
#15045000
b11000111 7
1%
#15050000
b11000111 ;
0%
#15055000
b11001000 7
1%
#15060000
b11001000 ;
0%
#15065000
b11001001 7
1%
#15070000
b11001001 ;
0%
#15075000
b11001010 7
1%
#15080000
b11001010 ;
0%
#15085000
b11001011 7
1%
#15090000
b11001011 ;
0%
#15095000
b11001100 7
1%
#15100000
b11001100 ;
0%
#15105000
b11001101 7
1%
#15110000
b11001101 ;
0%
#15115000
b11001110 7
1%
#15120000
b11001110 ;
0%
#15125000
b11001111 7
1%
#15130000
b11001111 ;
0%
#15135000
b11010000 7
1%
#15140000
b11010000 ;
0%
#15145000
b11010001 7
1%
#15150000
b11010001 ;
0%
#15155000
b11010010 7
1%
#15160000
b11010010 ;
0%
#15165000
b11010011 7
1%
#15170000
b11010011 ;
0%
#15175000
b11010100 7
1%
#15180000
b11010100 ;
0%
#15185000
b11010101 7
1%
#15190000
b11010101 ;
0%
#15195000
b11010110 7
1%
#15200000
b11010110 ;
0%
#15205000
b11010111 7
1%
#15210000
b11010111 ;
0%
#15215000
b11011000 7
1%
#15220000
b11011000 ;
0%
#15225000
b11011001 7
1%
#15230000
b11011001 ;
0%
#15235000
b11011010 7
1%
#15240000
b11011010 ;
0%
#15245000
b11011011 7
1%
#15250000
b11011011 ;
0%
#15255000
b11011100 7
1%
#15260000
b11011100 ;
0%
#15265000
b11011101 7
1%
#15270000
b11011101 ;
0%
#15275000
b11011110 7
1%
#15280000
b11011110 ;
0%
#15285000
b11011111 7
1%
#15290000
b11011111 ;
0%
#15295000
b11100000 7
1%
#15300000
b11100000 ;
0%
#15305000
b11100001 7
1%
#15310000
b11100001 ;
0%
#15315000
b11100010 7
1%
#15320000
b11100010 ;
0%
#15325000
b11100011 7
1%
#15330000
b11100011 ;
0%
#15335000
b11100100 7
1%
#15340000
b11100100 ;
0%
#15345000
b11100101 7
1%
#15350000
b11100101 ;
0%
#15355000
b11100110 7
1%
#15360000
b11100110 ;
0%
#15365000
b11100111 7
1%
#15370000
b11100111 ;
0%
#15375000
b11101000 7
1%
#15380000
b11101000 ;
0%
#15385000
b11101001 7
1%
#15390000
b11101001 ;
0%
#15395000
b11101010 7
1%
#15400000
b11101010 ;
0%
#15405000
b11101011 7
1%
#15410000
b11101011 ;
0%
#15415000
b11101100 7
1%
#15420000
b11101100 ;
0%
#15425000
b11101101 7
1%
#15430000
b11101101 ;
0%
#15435000
b11101110 7
1%
#15440000
b11101110 ;
0%
#15445000
b11101111 7
1%
#15450000
b11101111 ;
0%
#15455000
b11110000 7
1%
#15460000
b11110000 ;
0%
#15465000
b11110001 7
1%
#15470000
b11110001 ;
0%
#15475000
b11110010 7
1%
#15480000
b11110010 ;
0%
#15485000
b11110011 7
1%
#15490000
b11110011 ;
0%
#15495000
b11110100 7
1%
#15500000
b11110100 ;
0%
#15505000
b11110101 7
1%
#15510000
b11110101 ;
0%
#15515000
b11110110 7
1%
#15520000
b11110110 ;
0%
#15525000
b11110111 7
1%
#15530000
b11110111 ;
0%
#15535000
b11111000 7
1%
#15540000
b11111000 ;
0%
#15545000
b11111001 7
1%
#15550000
b11111001 ;
0%
#15555000
b11111010 7
1%
#15560000
b11111010 ;
0%
#15565000
b11111011 7
1%
#15570000
b11111011 ;
0%
#15575000
b11111100 7
1%
#15580000
b11111100 ;
0%
#15585000
b11111101 7
1%
#15590000
b11111101 ;
0%
#15595000
b11111110 7
1%
#15600000
b11111110 ;
0%
#15605000
b11111111 7
1%
#15610000
b11111111 ;
0%
#15615000
b100000000 7
1%
#15620000
b100000000 ;
0%
#15625000
b100000001 7
1%
#15630000
b100000001 ;
0%
#15635000
b100000010 7
1%
#15640000
b100000010 ;
0%
#15645000
b100000011 7
1%
#15650000
b100000011 ;
0%
#15655000
b100000100 7
1%
#15660000
b100000100 ;
0%
#15665000
b100000101 7
1%
#15670000
b100000101 ;
0%
#15675000
b100000110 7
1%
#15680000
b100000110 ;
0%
#15685000
b100000111 7
1%
#15690000
b100000111 ;
0%
#15695000
b100001000 7
1%
#15700000
b100001000 ;
0%
#15705000
b100001001 7
1%
#15710000
b100001001 ;
0%
#15715000
b100001010 7
1%
#15720000
b100001010 ;
0%
#15725000
b100001011 7
1%
#15730000
b100001011 ;
0%
#15735000
b100001100 7
1%
#15740000
b100001100 ;
0%
#15745000
b100001101 7
1%
#15750000
b100001101 ;
0%
#15755000
b100001110 7
1%
#15760000
b100001110 ;
0%
#15765000
b100001111 7
1%
#15770000
b100001111 ;
0%
#15775000
b100010000 7
1%
#15780000
b100010000 ;
0%
#15785000
b100010001 7
1%
#15790000
b100010001 ;
0%
#15795000
b100010010 7
1%
#15800000
b100010010 ;
0%
#15805000
b100010011 7
1%
#15810000
b100010011 ;
0%
#15815000
b100010100 7
1%
#15820000
b100010100 ;
0%
#15825000
b100010101 7
1%
#15830000
b100010101 ;
0%
#15835000
b100010110 7
1%
#15840000
b100010110 ;
0%
#15845000
b100010111 7
1%
#15850000
b100010111 ;
0%
#15855000
b100011000 7
1%
#15860000
b100011000 ;
0%
#15865000
b100011001 7
1%
#15870000
b100011001 ;
0%
#15875000
b100011010 7
1%
#15880000
b100011010 ;
0%
#15885000
b100011011 7
1%
#15890000
b100011011 ;
0%
#15895000
b100011100 7
1%
#15900000
b100011100 ;
0%
#15905000
b100011101 7
1%
#15910000
b100011101 ;
0%
#15915000
b100011110 7
1%
#15920000
b100011110 ;
0%
#15925000
b100011111 7
1%
#15930000
b100011111 ;
0%
#15935000
b100100000 7
1%
#15940000
b100100000 ;
0%
#15945000
b100100001 7
1%
#15950000
b100100001 ;
0%
#15955000
b100100010 7
1%
#15960000
b100100010 ;
0%
#15965000
b100100011 7
1%
#15970000
b100100011 ;
0%
#15975000
b100100100 7
1%
#15980000
b100100100 ;
0%
#15985000
b100100101 7
1%
#15990000
b100100101 ;
0%
#15995000
b100100110 7
1%
#16000000
b100100110 ;
0%
#16005000
b100100111 7
1%
#16010000
b100100111 ;
0%
#16015000
b100101000 7
1%
#16020000
b100101000 ;
0%
#16025000
b100101001 7
1%
#16030000
b100101001 ;
0%
#16035000
b100101010 7
1%
#16040000
b100101010 ;
0%
#16045000
b100101011 7
1%
#16050000
b100101011 ;
0%
#16055000
b100101100 7
1%
#16060000
b100101100 ;
0%
#16065000
b100101101 7
1%
#16070000
b100101101 ;
0%
#16075000
b100101110 7
1%
#16080000
b100101110 ;
0%
#16085000
b100101111 7
1%
#16090000
b100101111 ;
0%
#16095000
b100110000 7
1%
#16100000
b100110000 ;
0%
#16105000
b100110001 7
1%
#16110000
b100110001 ;
0%
#16115000
b100110010 7
1%
#16120000
b100110010 ;
0%
#16125000
b100110011 7
1%
#16130000
b100110011 ;
0%
#16135000
b100110100 7
1%
#16140000
b100110100 ;
0%
#16145000
b100110101 7
1%
#16150000
b100110101 ;
0%
#16155000
b100110110 7
1%
#16160000
b100110110 ;
0%
#16165000
b100110111 7
1%
#16170000
b100110111 ;
0%
#16175000
b100111000 7
1%
#16180000
b100111000 ;
0%
#16185000
b100111001 7
1%
#16190000
b100111001 ;
0%
#16195000
b100111010 7
1%
#16200000
b100111010 ;
0%
#16205000
b100111011 7
1%
#16210000
b100111011 ;
0%
#16215000
b100111100 7
1%
#16220000
b100111100 ;
0%
#16225000
b100111101 7
1%
#16230000
b100111101 ;
0%
#16235000
b100111110 7
1%
#16240000
b100111110 ;
0%
#16245000
b100111111 7
1%
#16250000
b100111111 ;
0%
#16255000
b101000000 7
1%
#16260000
b101000000 ;
0%
#16265000
b101000001 7
1%
#16270000
b101000001 ;
0%
#16275000
b101000010 7
1%
#16280000
b101000010 ;
0%
#16285000
b101000011 7
1%
#16290000
b101000011 ;
0%
#16295000
b101000100 7
1%
#16300000
b101000100 ;
0%
#16305000
b101000101 7
1%
#16310000
b101000101 ;
0%
#16315000
b101000110 7
1%
#16320000
b101000110 ;
0%
#16325000
b101000111 7
1%
#16330000
b101000111 ;
0%
#16335000
b101001000 7
1%
#16340000
b101001000 ;
0%
#16345000
b101001001 7
1%
#16350000
b101001001 ;
0%
#16355000
b101001010 7
1%
#16360000
b101001010 ;
0%
#16365000
b101001011 7
1%
#16370000
b101001011 ;
0%
#16375000
b101001100 7
1%
#16380000
b101001100 ;
0%
#16385000
b101001101 7
1%
#16390000
b101001101 ;
0%
#16395000
b101001110 7
1%
#16400000
b101001110 ;
0%
#16405000
b101001111 7
1%
#16410000
b101001111 ;
0%
#16415000
b101010000 7
1%
#16420000
b101010000 ;
0%
#16425000
b101010001 7
1%
#16430000
b101010001 ;
0%
#16435000
b101010010 7
1%
#16440000
b101010010 ;
0%
#16445000
b101010011 7
1%
#16450000
b101010011 ;
0%
#16455000
b101010100 7
1%
#16460000
b101010100 ;
0%
#16465000
b101010101 7
1%
#16470000
b101010101 ;
0%
#16475000
b101010110 7
1%
#16480000
b101010110 ;
0%
#16485000
b101010111 7
1%
#16490000
b101010111 ;
0%
#16495000
b101011000 7
1%
#16500000
b101011000 ;
0%
#16505000
b101011001 7
1%
#16510000
b101011001 ;
0%
#16515000
b101011010 7
1%
#16520000
b101011010 ;
0%
#16525000
b101011011 7
1%
#16530000
b101011011 ;
0%
#16535000
b101011100 7
1%
#16540000
b101011100 ;
0%
#16545000
b101011101 7
1%
#16550000
b101011101 ;
0%
#16555000
b101011110 7
1%
#16560000
b101011110 ;
0%
#16565000
b101011111 7
1%
#16570000
b101011111 ;
0%
#16575000
b101100000 7
1%
#16580000
b101100000 ;
0%
#16585000
b101100001 7
1%
#16590000
b101100001 ;
0%
#16595000
b101100010 7
1%
#16600000
b101100010 ;
0%
#16605000
b101100011 7
1%
#16610000
b101100011 ;
0%
#16615000
b101100100 7
1%
#16620000
b101100100 ;
0%
#16625000
b101100101 7
1%
#16630000
b101100101 ;
0%
#16635000
b101100110 7
1%
#16640000
b101100110 ;
0%
#16645000
b101100111 7
1%
#16650000
b101100111 ;
0%
#16655000
b101101000 7
1%
#16660000
b101101000 ;
0%
#16665000
b101101001 7
1%
#16670000
b101101001 ;
0%
#16675000
b101101010 7
1%
#16680000
b101101010 ;
0%
#16685000
b101101011 7
1%
#16690000
b101101011 ;
0%
#16695000
b101101100 7
1%
#16700000
b101101100 ;
0%
#16705000
b101101101 7
1%
#16710000
b101101101 ;
0%
#16715000
b101101110 7
1%
#16720000
b101101110 ;
0%
#16725000
b101101111 7
1%
#16730000
b101101111 ;
0%
#16735000
b101110000 7
1%
#16740000
b101110000 ;
0%
#16745000
b101110001 7
1%
#16750000
b101110001 ;
0%
#16755000
b101110010 7
1%
#16760000
b101110010 ;
0%
#16765000
b101110011 7
1%
#16770000
b101110011 ;
0%
#16775000
b101110100 7
1%
#16780000
b101110100 ;
0%
#16785000
b101110101 7
1%
#16790000
b101110101 ;
0%
#16795000
b101110110 7
1%
#16800000
b101110110 ;
0%
#16805000
b101110111 7
1%
#16810000
b101110111 ;
0%
#16815000
b101111000 7
1%
#16820000
b101111000 ;
0%
#16825000
b101111001 7
1%
#16830000
b101111001 ;
0%
#16835000
b101111010 7
1%
#16840000
b101111010 ;
0%
#16845000
b101111011 7
1%
#16850000
b101111011 ;
0%
#16855000
b101111100 7
1%
#16860000
b101111100 ;
0%
#16865000
b101111101 7
1%
#16870000
b101111101 ;
0%
#16875000
b101111110 7
1%
#16880000
b101111110 ;
0%
#16885000
b101111111 7
1%
#16890000
b101111111 ;
0%
#16895000
b110000000 7
1%
#16900000
b110000000 ;
0%
#16905000
b110000001 7
1%
#16910000
b110000001 ;
0%
#16915000
b110000010 7
1%
#16920000
b110000010 ;
0%
#16925000
b110000011 7
1%
#16930000
b110000011 ;
0%
#16935000
b110000100 7
1%
#16940000
b110000100 ;
0%
#16945000
b110000101 7
1%
#16950000
b110000101 ;
0%
#16955000
b110000110 7
1%
#16960000
b110000110 ;
0%
#16965000
b110000111 7
1%
#16970000
b110000111 ;
0%
#16975000
b110001000 7
1%
#16980000
b110001000 ;
0%
#16985000
b110001001 7
1%
#16990000
b110001001 ;
0%
#16995000
b110001010 7
1%
#17000000
b110001010 ;
0%
#17005000
b110001011 7
1%
#17010000
b110001011 ;
0%
#17015000
b110001100 7
1%
#17020000
b110001100 ;
0%
#17025000
b110001101 7
1%
#17030000
b110001101 ;
0%
#17035000
b110001110 7
1%
#17040000
b110001110 ;
0%
#17045000
b110001111 7
1%
#17050000
b110001111 ;
0%
#17055000
b110010000 7
1%
#17060000
b110010000 ;
0%
#17065000
b110010001 7
1%
#17070000
b110010001 ;
0%
#17075000
b110010010 7
1%
#17080000
b110010010 ;
0%
#17085000
b110010011 7
1%
#17090000
b110010011 ;
0%
#17095000
b110010100 7
1%
#17100000
b110010100 ;
0%
#17105000
b110010101 7
1%
#17110000
b110010101 ;
0%
#17115000
b110010110 7
1%
#17120000
b110010110 ;
0%
#17125000
b110010111 7
1%
#17130000
b110010111 ;
0%
#17135000
b110011000 7
1%
#17140000
b110011000 ;
0%
#17145000
b110011001 7
1%
#17150000
b110011001 ;
0%
#17155000
b110011010 7
1%
#17160000
b110011010 ;
0%
#17165000
b110011011 7
1%
#17170000
b110011011 ;
0%
#17175000
b110011100 7
1%
#17180000
b110011100 ;
0%
#17185000
b110011101 7
1%
#17190000
b110011101 ;
0%
#17195000
b110011110 7
1%
#17200000
b110011110 ;
0%
#17205000
b110011111 7
1%
#17210000
b110011111 ;
0%
#17215000
b110100000 7
1%
#17220000
b110100000 ;
0%
#17225000
b110100001 7
1%
#17230000
b110100001 ;
0%
#17235000
b110100010 7
1%
#17240000
b110100010 ;
0%
#17245000
b110100011 7
1%
#17250000
b110100011 ;
0%
#17255000
b110100100 7
1%
#17260000
b110100100 ;
0%
#17265000
b110100101 7
1%
#17270000
b110100101 ;
0%
#17275000
b110100110 7
1%
#17280000
b110100110 ;
0%
#17285000
b110100111 7
1%
#17290000
b110100111 ;
0%
#17295000
b110101000 7
1%
#17300000
b110101000 ;
0%
#17305000
b110101001 7
1%
#17310000
b110101001 ;
0%
#17315000
b110101010 7
1%
#17320000
b110101010 ;
0%
#17325000
b110101011 7
1%
#17330000
b110101011 ;
0%
#17335000
b110101100 7
1%
#17340000
b110101100 ;
0%
#17345000
b110101101 7
1%
#17350000
b110101101 ;
0%
#17355000
b110101110 7
1%
#17360000
b110101110 ;
0%
#17365000
b110101111 7
1%
#17370000
b110101111 ;
0%
#17375000
b110110000 7
1%
#17380000
b110110000 ;
0%
#17385000
b110110001 7
1%
#17390000
b110110001 ;
0%
#17395000
b10 3
b0 7
1%
#17400000
b10 )
b0 ;
0%
#17405000
b1 7
1%
#17410000
b1 ;
0%
#17415000
b10 7
1%
#17420000
b10 ;
0%
#17425000
b11 7
1%
#17430000
b11 ;
0%
#17435000
b100 7
1%
#17440000
b100 ;
0%
#17445000
b101 7
1%
#17450000
b101 ;
0%
#17455000
b110 7
1%
#17460000
b110 ;
0%
#17465000
b111 7
1%
#17470000
b111 ;
0%
#17475000
b1000 7
1%
#17480000
b1000 ;
0%
#17485000
b1001 7
1%
#17490000
b1001 ;
0%
#17495000
b1010 7
1%
#17500000
b1010 ;
0%
#17505000
b1011 7
1%
#17510000
b1011 ;
0%
#17515000
b1100 7
1%
#17520000
b1100 ;
0%
#17525000
b1101 7
1%
#17530000
b1101 ;
0%
#17535000
b1110 7
1%
#17540000
b1110 ;
0%
#17545000
b1111 7
1%
#17550000
b1111 ;
0%
#17555000
b10000 7
1%
#17560000
b10000 ;
0%
#17565000
b10001 7
1%
#17570000
b10001 ;
0%
#17575000
b10010 7
1%
#17580000
b10010 ;
0%
#17585000
b10011 7
1%
#17590000
b10011 ;
0%
#17595000
b10100 7
1%
#17600000
b10100 ;
0%
#17605000
b10101 7
1%
#17610000
b10101 ;
0%
#17615000
b10110 7
1%
#17620000
b10110 ;
0%
#17625000
b10111 7
1%
#17630000
b10111 ;
0%
#17635000
b11000 7
1%
#17640000
b11000 ;
0%
#17645000
b11001 7
1%
#17650000
b11001 ;
0%
#17655000
b11010 7
1%
#17660000
b11010 ;
0%
#17665000
b11011 7
1%
#17670000
b11011 ;
0%
#17675000
b11100 7
1%
#17680000
b11100 ;
0%
#17685000
b11101 7
1%
#17690000
b11101 ;
0%
#17695000
b11110 7
1%
#17700000
b11110 ;
0%
#17705000
b11111 7
1%
#17710000
b11111 ;
0%
#17715000
b100000 7
1%
#17720000
b100000 ;
0%
#17725000
b100001 7
1%
#17730000
b100001 ;
0%
#17735000
b100010 7
1%
#17740000
b100010 ;
0%
#17745000
b100011 7
1%
#17750000
b100011 ;
0%
#17755000
b100100 7
1%
#17760000
b100100 ;
0%
#17765000
b100101 7
1%
#17770000
b100101 ;
0%
#17775000
b100110 7
1%
#17780000
b100110 ;
0%
#17785000
b100111 7
1%
#17790000
b100111 ;
0%
#17795000
b101000 7
1%
#17800000
b101000 ;
0%
#17805000
b101001 7
1%
#17810000
b101001 ;
0%
#17815000
b101010 7
1%
#17820000
b101010 ;
0%
#17825000
b101011 7
1%
#17830000
b101011 ;
0%
#17835000
b101100 7
1%
#17840000
b101100 ;
0%
#17845000
b101101 7
1%
#17850000
b101101 ;
0%
#17855000
b101110 7
1%
#17860000
b101110 ;
0%
#17865000
b101111 7
1%
#17870000
b101111 ;
0%
#17875000
b110000 7
1%
#17880000
b110000 ;
0%
#17885000
b110001 7
1%
#17890000
b110001 ;
0%
#17895000
b110010 7
1%
#17900000
b110010 ;
0%
#17905000
b110011 7
1%
#17910000
b110011 ;
0%
#17915000
b110100 7
1%
#17920000
b110100 ;
0%
#17925000
b110101 7
1%
#17930000
b110101 ;
0%
#17935000
b110110 7
1%
#17940000
b110110 ;
0%
#17945000
b110111 7
1%
#17950000
b110111 ;
0%
#17955000
b111000 7
1%
#17960000
b111000 ;
0%
#17965000
b111001 7
1%
#17970000
b111001 ;
0%
#17975000
b111010 7
1%
#17980000
b111010 ;
0%
#17985000
b111011 7
1%
#17990000
b111011 ;
0%
#17995000
b111100 7
1%
#18000000
b111100 ;
0%
#18005000
b111101 7
1%
#18010000
b111101 ;
0%
#18015000
b111110 7
1%
#18020000
b111110 ;
0%
#18025000
b111111 7
1%
#18030000
b111111 ;
0%
#18035000
b1000000 7
1%
#18040000
b1000000 ;
0%
#18045000
b1000001 7
1%
#18050000
b1000001 ;
0%
#18055000
b1000010 7
1%
#18060000
b1000010 ;
0%
#18065000
b1000011 7
1%
#18070000
b1000011 ;
0%
#18075000
b1000100 7
1%
#18080000
b1000100 ;
0%
#18085000
b1000101 7
1%
#18090000
b1000101 ;
0%
#18095000
b1000110 7
1%
#18100000
b1000110 ;
0%
#18105000
b1000111 7
1%
#18110000
b1000111 ;
0%
#18115000
b1001000 7
1%
#18120000
b1001000 ;
0%
#18125000
b1001001 7
1%
#18130000
b1001001 ;
0%
#18135000
b1001010 7
1%
#18140000
b1001010 ;
0%
#18145000
b1001011 7
1%
#18150000
b1001011 ;
0%
#18155000
b1001100 7
1%
#18160000
b1001100 ;
0%
#18165000
b1001101 7
1%
#18170000
b1001101 ;
0%
#18175000
b1001110 7
1%
#18180000
b1001110 ;
0%
#18185000
b1001111 7
1%
#18190000
b1001111 ;
0%
#18195000
b1010000 7
1%
#18200000
b1010000 ;
0%
#18205000
b1010001 7
1%
#18210000
b1010001 ;
0%
#18215000
b1010010 7
1%
#18220000
b1010010 ;
0%
#18225000
b1010011 7
1%
#18230000
b1010011 ;
0%
#18235000
b1010100 7
1%
#18240000
b1010100 ;
0%
#18245000
b1010101 7
1%
#18250000
b1010101 ;
0%
#18255000
b1010110 7
1%
#18260000
b1010110 ;
0%
#18265000
b1010111 7
1%
#18270000
b1010111 ;
0%
#18275000
b1011000 7
1%
#18280000
b1011000 ;
0%
#18285000
b1011001 7
1%
#18290000
b1011001 ;
0%
#18295000
b1011010 7
1%
#18300000
b1011010 ;
0%
#18305000
b1011011 7
1%
#18310000
b1011011 ;
0%
#18315000
b1011100 7
1%
#18320000
b1011100 ;
0%
#18325000
b1011101 7
1%
#18330000
b1011101 ;
0%
#18335000
b1011110 7
1%
#18340000
b1011110 ;
0%
#18345000
b1011111 7
1%
#18350000
b1011111 ;
0%
#18355000
b1100000 7
1%
#18360000
b1100000 ;
0%
#18365000
b1100001 7
1%
#18370000
b1100001 ;
0%
#18375000
b1100010 7
1%
#18380000
b1100010 ;
0%
#18385000
b1100011 7
1%
#18390000
b1100011 ;
0%
#18395000
b1100100 7
1%
#18400000
b1100100 ;
0%
#18405000
b1100101 7
1%
#18410000
b1100101 ;
0%
#18415000
b1100110 7
1%
#18420000
b1100110 ;
0%
#18425000
b1100111 7
1%
#18430000
b1100111 ;
0%
#18435000
b1101000 7
1%
#18440000
b1101000 ;
0%
#18445000
b1101001 7
1%
#18450000
b1101001 ;
0%
#18455000
b1101010 7
1%
#18460000
b1101010 ;
0%
#18465000
b1101011 7
1%
#18470000
b1101011 ;
0%
#18475000
b1101100 7
1%
#18480000
b1101100 ;
0%
#18485000
b1101101 7
1%
#18490000
b1101101 ;
0%
#18495000
b1101110 7
1%
#18500000
b1101110 ;
0%
#18505000
b1101111 7
1%
#18510000
b1101111 ;
0%
#18515000
b1110000 7
1%
#18520000
b1110000 ;
0%
#18525000
b1110001 7
1%
#18530000
b1110001 ;
0%
#18535000
b1110010 7
1%
#18540000
b1110010 ;
0%
#18545000
b1110011 7
1%
#18550000
b1110011 ;
0%
#18555000
b1110100 7
1%
#18560000
b1110100 ;
0%
#18565000
b1110101 7
1%
#18570000
b1110101 ;
0%
#18575000
b1110110 7
1%
#18580000
b1110110 ;
0%
#18585000
b1110111 7
1%
#18590000
b1110111 ;
0%
#18595000
b1111000 7
1%
#18600000
b1111000 ;
0%
#18605000
b1111001 7
1%
#18610000
b1111001 ;
0%
#18615000
b1111010 7
1%
#18620000
b1111010 ;
0%
#18625000
b1111011 7
1%
#18630000
b1111011 ;
0%
#18635000
b1111100 7
1%
#18640000
b1111100 ;
0%
#18645000
b1111101 7
1%
#18650000
b1111101 ;
0%
#18655000
b1111110 7
1%
#18660000
b1111110 ;
0%
#18665000
b1111111 7
1%
#18670000
b1111111 ;
0%
#18675000
b10000000 7
1%
#18680000
b10000000 ;
0%
#18685000
b10000001 7
1%
#18690000
b10000001 ;
0%
#18695000
b10000010 7
1%
#18700000
b10000010 ;
0%
#18705000
b10000011 7
1%
#18710000
b10000011 ;
0%
#18715000
b10000100 7
1%
#18720000
b10000100 ;
0%
#18725000
b10000101 7
1%
#18730000
b10000101 ;
0%
#18735000
b10000110 7
1%
#18740000
b10000110 ;
0%
#18745000
b10000111 7
1%
#18750000
b10000111 ;
0%
#18755000
b10001000 7
1%
#18760000
b10001000 ;
0%
#18765000
b10001001 7
1%
#18770000
b10001001 ;
0%
#18775000
b10001010 7
1%
#18780000
b10001010 ;
0%
#18785000
b10001011 7
1%
#18790000
b10001011 ;
0%
#18795000
b10001100 7
1%
#18800000
b10001100 ;
0%
#18805000
b10001101 7
1%
#18810000
b10001101 ;
0%
#18815000
b10001110 7
1%
#18820000
b10001110 ;
0%
#18825000
b10001111 7
1%
#18830000
b10001111 ;
0%
#18835000
b10010000 7
1%
#18840000
b10010000 ;
0%
#18845000
b10010001 7
1%
#18850000
b10010001 ;
0%
#18855000
b10010010 7
1%
#18860000
b10010010 ;
0%
#18865000
b10010011 7
1%
#18870000
b10010011 ;
0%
#18875000
b10010100 7
1%
#18880000
b10010100 ;
0%
#18885000
b10010101 7
1%
#18890000
b10010101 ;
0%
#18895000
b10010110 7
1%
#18900000
b10010110 ;
0%
#18905000
b10010111 7
1%
#18910000
b10010111 ;
0%
#18915000
b10011000 7
1%
#18920000
b10011000 ;
0%
#18925000
b10011001 7
1%
#18930000
b10011001 ;
0%
#18935000
b10011010 7
1%
#18940000
b10011010 ;
0%
#18945000
b10011011 7
1%
#18950000
b10011011 ;
0%
#18955000
b10011100 7
1%
#18960000
b10011100 ;
0%
#18965000
b10011101 7
1%
#18970000
b10011101 ;
0%
#18975000
b10011110 7
1%
#18980000
b10011110 ;
0%
#18985000
b10011111 7
1%
#18990000
b10011111 ;
0%
#18995000
b10100000 7
1%
#19000000
b10100000 ;
0%
#19005000
b10100001 7
1%
#19010000
b10100001 ;
0%
#19015000
b10100010 7
1%
#19020000
b10100010 ;
0%
#19025000
b10100011 7
1%
#19030000
b10100011 ;
0%
#19035000
b10100100 7
1%
#19040000
b10100100 ;
0%
#19045000
b10100101 7
1%
#19050000
b10100101 ;
0%
#19055000
b10100110 7
1%
#19060000
b10100110 ;
0%
#19065000
b10100111 7
1%
#19070000
b10100111 ;
0%
#19075000
b10101000 7
1%
#19080000
b10101000 ;
0%
#19085000
b10101001 7
1%
#19090000
b10101001 ;
0%
#19095000
b10101010 7
1%
#19100000
b10101010 ;
0%
#19105000
b10101011 7
1%
#19110000
b10101011 ;
0%
#19115000
b10101100 7
1%
#19120000
b10101100 ;
0%
#19125000
b10101101 7
1%
#19130000
b10101101 ;
0%
#19135000
b10101110 7
1%
#19140000
b10101110 ;
0%
#19145000
b10101111 7
1%
#19150000
b10101111 ;
0%
#19155000
b10110000 7
1%
#19160000
b10110000 ;
0%
#19165000
b10110001 7
1%
#19170000
b10110001 ;
0%
#19175000
b10110010 7
1%
#19180000
b10110010 ;
0%
#19185000
b10110011 7
1%
#19190000
b10110011 ;
0%
#19195000
b10110100 7
1%
#19200000
b10110100 ;
0%
#19205000
b10110101 7
1%
#19210000
b10110101 ;
0%
#19215000
b10110110 7
1%
#19220000
b10110110 ;
0%
#19225000
b10110111 7
1%
#19230000
b10110111 ;
0%
#19235000
b10111000 7
1%
#19240000
b10111000 ;
0%
#19245000
b10111001 7
1%
#19250000
b10111001 ;
0%
#19255000
b10111010 7
1%
#19260000
b10111010 ;
0%
#19265000
b10111011 7
1%
#19270000
b10111011 ;
0%
#19275000
b10111100 7
1%
#19280000
b10111100 ;
0%
#19285000
b10111101 7
1%
#19290000
b10111101 ;
0%
#19295000
b10111110 7
1%
#19300000
b10111110 ;
0%
#19305000
b10111111 7
1%
#19310000
b10111111 ;
0%
#19315000
b11000000 7
1%
#19320000
b11000000 ;
0%
#19325000
b11000001 7
1%
#19330000
b11000001 ;
0%
#19335000
b11000010 7
1%
#19340000
b11000010 ;
0%
#19345000
b11000011 7
1%
#19350000
b11000011 ;
0%
#19355000
b11000100 7
1%
#19360000
b11000100 ;
0%
#19365000
b11000101 7
1%
#19370000
b11000101 ;
0%
#19375000
b11000110 7
1%
#19380000
b11000110 ;
0%
#19385000
b11000111 7
1%
#19390000
b11000111 ;
0%
#19395000
b11001000 7
1%
#19400000
b11001000 ;
0%
#19405000
b11001001 7
1%
#19410000
b11001001 ;
0%
#19415000
b11001010 7
1%
#19420000
b11001010 ;
0%
#19425000
b11001011 7
1%
#19430000
b11001011 ;
0%
#19435000
b11001100 7
1%
#19440000
b11001100 ;
0%
#19445000
b11001101 7
1%
#19450000
b11001101 ;
0%
#19455000
b11001110 7
1%
#19460000
b11001110 ;
0%
#19465000
b11001111 7
1%
#19470000
b11001111 ;
0%
#19475000
b11010000 7
1%
#19480000
b11010000 ;
0%
#19485000
b11010001 7
1%
#19490000
b11010001 ;
0%
#19495000
b11010010 7
1%
#19500000
b11010010 ;
0%
#19505000
b11010011 7
1%
#19510000
b11010011 ;
0%
#19515000
b11010100 7
1%
#19520000
b11010100 ;
0%
#19525000
b11010101 7
1%
#19530000
b11010101 ;
0%
#19535000
b11010110 7
1%
#19540000
b11010110 ;
0%
#19545000
b11010111 7
1%
#19550000
b11010111 ;
0%
#19555000
b11011000 7
1%
#19560000
b11011000 ;
0%
#19565000
b11011001 7
1%
#19570000
b11011001 ;
0%
#19575000
b11011010 7
1%
#19580000
b11011010 ;
0%
#19585000
b11011011 7
1%
#19590000
b11011011 ;
0%
#19595000
b11011100 7
1%
#19600000
b11011100 ;
0%
#19605000
b11011101 7
1%
#19610000
b11011101 ;
0%
#19615000
b11011110 7
1%
#19620000
b11011110 ;
0%
#19625000
b11011111 7
1%
#19630000
b11011111 ;
0%
#19635000
b11100000 7
1%
#19640000
b11100000 ;
0%
#19645000
b11100001 7
1%
#19650000
b11100001 ;
0%
#19655000
b11100010 7
1%
#19660000
b11100010 ;
0%
#19665000
b11100011 7
1%
#19670000
b11100011 ;
0%
#19675000
b11100100 7
1%
#19680000
b11100100 ;
0%
#19685000
b11100101 7
1%
#19690000
b11100101 ;
0%
#19695000
b11100110 7
1%
#19700000
b11100110 ;
0%
#19705000
b11100111 7
1%
#19710000
b11100111 ;
0%
#19715000
b11101000 7
1%
#19720000
b11101000 ;
0%
#19725000
b11101001 7
1%
#19730000
b11101001 ;
0%
#19735000
b11101010 7
1%
#19740000
b11101010 ;
0%
#19745000
b11101011 7
1%
#19750000
b11101011 ;
0%
#19755000
b11101100 7
1%
#19760000
b11101100 ;
0%
#19765000
b11101101 7
1%
#19770000
b11101101 ;
0%
#19775000
b11101110 7
1%
#19780000
b11101110 ;
0%
#19785000
b11101111 7
1%
#19790000
b11101111 ;
0%
#19795000
b11110000 7
1%
#19800000
b11110000 ;
0%
#19805000
b11110001 7
1%
#19810000
b11110001 ;
0%
#19815000
b11110010 7
1%
#19820000
b11110010 ;
0%
#19825000
b11110011 7
1%
#19830000
b11110011 ;
0%
#19835000
b11110100 7
1%
#19840000
b11110100 ;
0%
#19845000
b11110101 7
1%
#19850000
b11110101 ;
0%
#19855000
b11110110 7
1%
#19860000
b11110110 ;
0%
#19865000
b11110111 7
1%
#19870000
b11110111 ;
0%
#19875000
b11111000 7
1%
#19880000
b11111000 ;
0%
#19885000
b11111001 7
1%
#19890000
b11111001 ;
0%
#19895000
b11111010 7
1%
#19900000
b11111010 ;
0%
#19905000
b11111011 7
1%
#19910000
b11111011 ;
0%
#19915000
b11111100 7
1%
#19920000
b11111100 ;
0%
#19925000
b11111101 7
1%
#19930000
b11111101 ;
0%
#19935000
b11111110 7
1%
#19940000
b11111110 ;
0%
#19945000
b11111111 7
1%
#19950000
b11111111 ;
0%
#19955000
b100000000 7
1%
#19960000
b100000000 ;
0%
#19965000
b100000001 7
1%
#19970000
b100000001 ;
0%
#19975000
b100000010 7
1%
#19980000
b100000010 ;
0%
#19985000
b100000011 7
1%
#19990000
b100000011 ;
0%
#19995000
b100000100 7
1%
#20000000
b100000100 ;
0%
#20005000
b100000101 7
1%
#20010000
b100000101 ;
0%
#20015000
b100000110 7
1%
#20020000
b100000110 ;
0%
#20025000
b100000111 7
1%
#20030000
b100000111 ;
0%
#20035000
b100001000 7
1%
#20040000
b100001000 ;
0%
#20045000
b100001001 7
1%
#20050000
b100001001 ;
0%
#20055000
b100001010 7
1%
#20060000
b100001010 ;
0%
#20065000
b100001011 7
1%
#20070000
b100001011 ;
0%
#20075000
b100001100 7
1%
#20080000
b100001100 ;
0%
#20085000
b100001101 7
1%
#20090000
b100001101 ;
0%
#20095000
b100001110 7
1%
#20100000
b100001110 ;
0%
#20105000
b100001111 7
1%
#20110000
b100001111 ;
0%
#20115000
b100010000 7
1%
#20120000
b100010000 ;
0%
#20125000
b100010001 7
1%
#20130000
b100010001 ;
0%
#20135000
b100010010 7
1%
#20140000
b100010010 ;
0%
#20145000
b100010011 7
1%
#20150000
b100010011 ;
0%
#20155000
b100010100 7
1%
#20160000
b100010100 ;
0%
#20165000
b100010101 7
1%
#20170000
b100010101 ;
0%
#20175000
b100010110 7
1%
#20180000
b100010110 ;
0%
#20185000
b100010111 7
1%
#20190000
b100010111 ;
0%
#20195000
b100011000 7
1%
#20200000
b100011000 ;
0%
#20205000
b100011001 7
1%
#20210000
b100011001 ;
0%
#20215000
b100011010 7
1%
#20220000
b100011010 ;
0%
#20225000
b100011011 7
1%
#20230000
b100011011 ;
0%
#20235000
b100011100 7
1%
#20240000
b100011100 ;
0%
#20245000
b100011101 7
1%
#20250000
b100011101 ;
0%
#20255000
b100011110 7
1%
#20260000
b100011110 ;
0%
#20265000
b100011111 7
1%
#20270000
b100011111 ;
0%
#20275000
b100100000 7
1%
#20280000
b100100000 ;
0%
#20285000
b100100001 7
1%
#20290000
b100100001 ;
0%
#20295000
b100100010 7
1%
#20300000
b100100010 ;
0%
#20305000
b100100011 7
1%
#20310000
b100100011 ;
0%
#20315000
b100100100 7
1%
#20320000
b100100100 ;
0%
#20325000
b100100101 7
1%
#20330000
b100100101 ;
0%
#20335000
b100100110 7
1%
#20340000
b100100110 ;
0%
#20345000
b100100111 7
1%
#20350000
b100100111 ;
0%
#20355000
b100101000 7
1%
#20360000
b100101000 ;
0%
#20365000
b100101001 7
1%
#20370000
b100101001 ;
0%
#20375000
b100101010 7
1%
#20380000
b100101010 ;
0%
#20385000
b100101011 7
1%
#20390000
b100101011 ;
0%
#20395000
b100101100 7
1%
#20400000
b100101100 ;
0%
#20405000
b100101101 7
1%
#20410000
b100101101 ;
0%
#20415000
b100101110 7
1%
#20420000
b100101110 ;
0%
#20425000
b100101111 7
1%
#20430000
b100101111 ;
0%
#20435000
b100110000 7
1%
#20440000
b100110000 ;
0%
#20445000
b100110001 7
1%
#20450000
b100110001 ;
0%
#20455000
b100110010 7
1%
#20460000
b100110010 ;
0%
#20465000
b100110011 7
1%
#20470000
b100110011 ;
0%
#20475000
b100110100 7
1%
#20480000
b100110100 ;
0%
#20485000
b100110101 7
1%
#20490000
b100110101 ;
0%
#20495000
b100110110 7
1%
#20500000
b100110110 ;
0%
#20505000
b100110111 7
1%
#20510000
b100110111 ;
0%
#20515000
b100111000 7
1%
#20520000
b100111000 ;
0%
#20525000
b100111001 7
1%
#20530000
b100111001 ;
0%
#20535000
b100111010 7
1%
#20540000
b100111010 ;
0%
#20545000
b100111011 7
1%
#20550000
b100111011 ;
0%
#20555000
b100111100 7
1%
#20560000
b100111100 ;
0%
#20565000
b100111101 7
1%
#20570000
b100111101 ;
0%
#20575000
b100111110 7
1%
#20580000
b100111110 ;
0%
#20585000
b100111111 7
1%
#20590000
b100111111 ;
0%
#20595000
b101000000 7
1%
#20600000
b101000000 ;
0%
#20605000
b101000001 7
1%
#20610000
b101000001 ;
0%
#20615000
b101000010 7
1%
#20620000
b101000010 ;
0%
#20625000
b101000011 7
1%
#20630000
b101000011 ;
0%
#20635000
b101000100 7
1%
#20640000
b101000100 ;
0%
#20645000
b101000101 7
1%
#20650000
b101000101 ;
0%
#20655000
b101000110 7
1%
#20660000
b101000110 ;
0%
#20665000
b101000111 7
1%
#20670000
b101000111 ;
0%
#20675000
b101001000 7
1%
#20680000
b101001000 ;
0%
#20685000
b101001001 7
1%
#20690000
b101001001 ;
0%
#20695000
b101001010 7
1%
#20700000
b101001010 ;
0%
#20705000
b101001011 7
1%
#20710000
b101001011 ;
0%
#20715000
b101001100 7
1%
#20720000
b101001100 ;
0%
#20725000
b101001101 7
1%
#20730000
b101001101 ;
0%
#20735000
b101001110 7
1%
#20740000
b101001110 ;
0%
#20745000
b101001111 7
1%
#20750000
b101001111 ;
0%
#20755000
b101010000 7
1%
#20760000
b101010000 ;
0%
#20765000
b101010001 7
1%
#20770000
b101010001 ;
0%
#20775000
b101010010 7
1%
#20780000
b101010010 ;
0%
#20785000
b101010011 7
1%
#20790000
b101010011 ;
0%
#20795000
b101010100 7
1%
#20800000
b101010100 ;
0%
#20805000
b101010101 7
1%
#20810000
b101010101 ;
0%
#20815000
b101010110 7
1%
#20820000
b101010110 ;
0%
#20825000
b101010111 7
1%
#20830000
b101010111 ;
0%
#20835000
b101011000 7
1%
#20840000
b101011000 ;
0%
#20845000
b101011001 7
1%
#20850000
b101011001 ;
0%
#20855000
b101011010 7
1%
#20860000
b101011010 ;
0%
#20865000
b101011011 7
1%
#20870000
b101011011 ;
0%
#20875000
b101011100 7
1%
#20880000
b101011100 ;
0%
#20885000
b101011101 7
1%
#20890000
b101011101 ;
0%
#20895000
b101011110 7
1%
#20900000
b101011110 ;
0%
#20905000
b101011111 7
1%
#20910000
b101011111 ;
0%
#20915000
b101100000 7
1%
#20920000
b101100000 ;
0%
#20925000
b101100001 7
1%
#20930000
b101100001 ;
0%
#20935000
b101100010 7
1%
#20940000
b101100010 ;
0%
#20945000
b101100011 7
1%
#20950000
b101100011 ;
0%
#20955000
b101100100 7
1%
#20960000
b101100100 ;
0%
#20965000
b101100101 7
1%
#20970000
b101100101 ;
0%
#20975000
b101100110 7
1%
#20980000
b101100110 ;
0%
#20985000
b101100111 7
1%
#20990000
b101100111 ;
0%
#20995000
b101101000 7
1%
#21000000
b101101000 ;
0%
#21005000
b101101001 7
1%
#21010000
b101101001 ;
0%
#21015000
b101101010 7
1%
#21020000
b101101010 ;
0%
#21025000
b101101011 7
1%
#21030000
b101101011 ;
0%
#21035000
b101101100 7
1%
#21040000
b101101100 ;
0%
#21045000
b101101101 7
1%
#21050000
b101101101 ;
0%
#21055000
b101101110 7
1%
#21060000
b101101110 ;
0%
#21065000
b101101111 7
1%
#21070000
b101101111 ;
0%
#21075000
b101110000 7
1%
#21080000
b101110000 ;
0%
#21085000
b101110001 7
1%
#21090000
b101110001 ;
0%
#21095000
b101110010 7
1%
#21100000
b101110010 ;
0%
#21105000
b101110011 7
1%
#21110000
b101110011 ;
0%
#21115000
b101110100 7
1%
#21120000
b101110100 ;
0%
#21125000
b101110101 7
1%
#21130000
b101110101 ;
0%
#21135000
b101110110 7
1%
#21140000
b101110110 ;
0%
#21145000
b101110111 7
1%
#21150000
b101110111 ;
0%
#21155000
b101111000 7
1%
#21160000
b101111000 ;
0%
#21165000
b101111001 7
1%
#21170000
b101111001 ;
0%
#21175000
b101111010 7
1%
#21180000
b101111010 ;
0%
#21185000
b101111011 7
1%
#21190000
b101111011 ;
0%
#21195000
b101111100 7
1%
#21200000
b101111100 ;
0%
#21205000
b101111101 7
1%
#21210000
b101111101 ;
0%
#21215000
b101111110 7
1%
#21220000
b101111110 ;
0%
#21225000
b101111111 7
1%
#21230000
b101111111 ;
0%
#21235000
b110000000 7
1%
#21240000
b110000000 ;
0%
#21245000
b110000001 7
1%
#21250000
b110000001 ;
0%
#21255000
b110000010 7
1%
#21260000
b110000010 ;
0%
#21265000
b110000011 7
1%
#21270000
b110000011 ;
0%
#21275000
b110000100 7
1%
#21280000
b110000100 ;
0%
#21285000
b110000101 7
1%
#21290000
b110000101 ;
0%
#21295000
b110000110 7
1%
#21300000
b110000110 ;
0%
#21305000
b110000111 7
1%
#21310000
b110000111 ;
0%
#21315000
b110001000 7
1%
#21320000
b110001000 ;
0%
#21325000
b110001001 7
1%
#21330000
b110001001 ;
0%
#21335000
b110001010 7
1%
#21340000
b110001010 ;
0%
#21345000
b110001011 7
1%
#21350000
b110001011 ;
0%
#21355000
b110001100 7
1%
#21360000
b110001100 ;
0%
#21365000
b110001101 7
1%
#21370000
b110001101 ;
0%
#21375000
b110001110 7
1%
#21380000
b110001110 ;
0%
#21385000
b110001111 7
1%
#21390000
b110001111 ;
0%
#21395000
b110010000 7
1%
#21400000
b110010000 ;
0%
#21405000
b110010001 7
1%
#21410000
b110010001 ;
0%
#21415000
b110010010 7
1%
#21420000
b110010010 ;
0%
#21425000
b110010011 7
1%
#21430000
b110010011 ;
0%
#21435000
b110010100 7
1%
#21440000
b110010100 ;
0%
#21445000
b110010101 7
1%
#21450000
b110010101 ;
0%
#21455000
b110010110 7
1%
#21460000
b110010110 ;
0%
#21465000
b110010111 7
1%
#21470000
b110010111 ;
0%
#21475000
b110011000 7
1%
#21480000
b110011000 ;
0%
#21485000
b110011001 7
1%
#21490000
b110011001 ;
0%
#21495000
b110011010 7
1%
#21500000
b110011010 ;
0%
#21505000
b110011011 7
1%
#21510000
b110011011 ;
0%
#21515000
b110011100 7
1%
#21520000
b110011100 ;
0%
#21525000
b110011101 7
1%
#21530000
b110011101 ;
0%
#21535000
b110011110 7
1%
#21540000
b110011110 ;
0%
#21545000
b110011111 7
1%
#21550000
b110011111 ;
0%
#21555000
b110100000 7
1%
#21560000
b110100000 ;
0%
#21565000
b110100001 7
1%
#21570000
b110100001 ;
0%
#21575000
b110100010 7
1%
#21580000
b110100010 ;
0%
#21585000
b110100011 7
1%
#21590000
b110100011 ;
0%
#21595000
b110100100 7
1%
#21600000
b110100100 ;
0%
#21605000
b110100101 7
1%
#21610000
b110100101 ;
0%
#21615000
b110100110 7
1%
#21620000
b110100110 ;
0%
#21625000
b110100111 7
1%
#21630000
b110100111 ;
0%
#21635000
b110101000 7
1%
#21640000
b110101000 ;
0%
#21645000
b110101001 7
1%
#21650000
b110101001 ;
0%
#21655000
b110101010 7
1%
#21660000
b110101010 ;
0%
#21665000
b110101011 7
1%
#21670000
b110101011 ;
0%
#21675000
b110101100 7
1%
#21680000
b110101100 ;
0%
#21685000
b110101101 7
1%
#21690000
b110101101 ;
0%
#21695000
b110101110 7
1%
#21700000
b110101110 ;
0%
#21705000
b110101111 7
1%
#21710000
b110101111 ;
0%
#21715000
b110110000 7
1%
#21720000
b110110000 ;
0%
#21725000
b110110001 7
1%
#21730000
b110110001 ;
0%
#21735000
1!
b11 3
b0 7
1%
#21740000
1:
b11 )
b0 ;
0%
#21745000
b1 7
1%
#21750000
b1 ;
0%
#21755000
b10 7
1%
#21760000
b10 ;
0%
#21765000
b11 7
1%
#21770000
b11 ;
0%
#21775000
b100 7
1%
#21780000
b100 ;
0%
#21785000
b101 7
1%
#21790000
b101 ;
0%
#21795000
b110 7
1%
#21800000
b110 ;
0%
#21805000
b111 7
1%
#21810000
b111 ;
0%
#21815000
b1000 7
1%
#21820000
b1000 ;
0%
#21825000
b1001 7
1%
#21830000
b1001 ;
0%
#21835000
b1010 7
1%
#21840000
b1010 ;
0%
#21845000
b1011 7
1%
#21850000
b1011 ;
0%
#21855000
b1100 7
1%
#21860000
b1100 ;
0%
#21865000
b1101 7
1%
#21870000
b1101 ;
0%
#21875000
b1110 7
1%
#21880000
b1110 ;
0%
#21885000
b1111 7
1%
#21890000
b1111 ;
0%
#21895000
b10000 7
1%
#21900000
b10000 ;
0%
#21905000
b10001 7
1%
#21910000
b10001 ;
0%
#21915000
b10010 7
1%
#21920000
b10010 ;
0%
#21925000
b10011 7
1%
#21930000
b10011 ;
0%
#21935000
b10100 7
1%
#21940000
b10100 ;
0%
#21945000
b10101 7
1%
#21950000
b10101 ;
0%
#21955000
b10110 7
1%
#21960000
b10110 ;
0%
#21965000
b10111 7
1%
#21970000
b10111 ;
0%
#21975000
b11000 7
1%
#21980000
b11000 ;
0%
#21985000
b11001 7
1%
#21990000
b11001 ;
0%
#21995000
b11010 7
1%
#22000000
b11010 ;
0%
#22005000
b11011 7
1%
#22010000
b11011 ;
0%
#22015000
b11100 7
1%
#22020000
b11100 ;
0%
#22025000
b11101 7
1%
#22030000
b11101 ;
0%
#22035000
b11110 7
1%
#22040000
b11110 ;
0%
#22045000
b11111 7
1%
#22050000
b11111 ;
0%
#22055000
b100000 7
1%
#22060000
b100000 ;
0%
#22065000
b100001 7
1%
#22070000
b100001 ;
0%
#22075000
b100010 7
1%
#22080000
b100010 ;
0%
#22085000
b100011 7
1%
#22090000
b100011 ;
0%
#22095000
b100100 7
1%
#22100000
b100100 ;
0%
#22105000
b100101 7
1%
#22110000
b100101 ;
0%
#22115000
b100110 7
1%
#22120000
b100110 ;
0%
#22125000
b100111 7
1%
#22130000
b100111 ;
0%
#22135000
b101000 7
1%
#22140000
b101000 ;
0%
#22145000
b101001 7
1%
#22150000
b101001 ;
0%
#22155000
b101010 7
1%
#22160000
b101010 ;
0%
#22165000
b101011 7
1%
#22170000
b101011 ;
0%
#22175000
b101100 7
1%
#22180000
b101100 ;
0%
#22185000
b101101 7
1%
#22190000
b101101 ;
0%
#22195000
b101110 7
1%
#22200000
b101110 ;
0%
#22205000
b101111 7
1%
#22210000
b101111 ;
0%
#22215000
b110000 7
1%
#22220000
b110000 ;
0%
#22225000
b110001 7
1%
#22230000
b110001 ;
0%
#22235000
b110010 7
1%
#22240000
b110010 ;
0%
#22245000
b110011 7
1%
#22250000
b110011 ;
0%
#22255000
b110100 7
1%
#22260000
b110100 ;
0%
#22265000
b110101 7
1%
#22270000
b110101 ;
0%
#22275000
b110110 7
1%
#22280000
b110110 ;
0%
#22285000
b110111 7
1%
#22290000
b110111 ;
0%
#22295000
b111000 7
1%
#22300000
b111000 ;
0%
#22305000
b111001 7
1%
#22310000
b111001 ;
0%
#22315000
b111010 7
1%
#22320000
b111010 ;
0%
#22325000
b111011 7
1%
#22330000
b111011 ;
0%
#22335000
b111100 7
1%
#22340000
b111100 ;
0%
#22345000
b111101 7
1%
#22350000
b111101 ;
0%
#22355000
b111110 7
1%
#22360000
b111110 ;
0%
#22365000
b111111 7
1%
#22370000
b111111 ;
0%
#22375000
b1000000 7
1%
#22380000
b1000000 ;
0%
#22385000
b1000001 7
1%
#22390000
b1000001 ;
0%
#22395000
b1000010 7
1%
#22400000
b1000010 ;
0%
#22405000
b1000011 7
1%
#22410000
b1000011 ;
0%
#22415000
b1000100 7
1%
#22420000
b1000100 ;
0%
#22425000
b1000101 7
1%
#22430000
b1000101 ;
0%
#22435000
b1000110 7
1%
#22440000
b1000110 ;
0%
#22445000
b1000111 7
1%
#22450000
b1000111 ;
0%
#22455000
b1001000 7
1%
#22460000
b1001000 ;
0%
#22465000
b1001001 7
1%
#22470000
b1001001 ;
0%
#22475000
b1001010 7
1%
#22480000
b1001010 ;
0%
#22485000
b1001011 7
1%
#22490000
b1001011 ;
0%
#22495000
b1001100 7
1%
#22500000
b1001100 ;
0%
#22505000
b1001101 7
1%
#22510000
b1001101 ;
0%
#22515000
b1001110 7
1%
#22520000
b1001110 ;
0%
#22525000
b1001111 7
1%
#22530000
b1001111 ;
0%
#22535000
b1010000 7
1%
#22540000
b1010000 ;
0%
#22545000
b1010001 7
1%
#22550000
b1010001 ;
0%
#22555000
b1010010 7
1%
#22560000
b1010010 ;
0%
#22565000
b1010011 7
1%
#22570000
b1010011 ;
0%
#22575000
b1010100 7
1%
#22580000
b1010100 ;
0%
#22585000
b1010101 7
1%
#22590000
b1010101 ;
0%
#22595000
b1010110 7
1%
#22600000
b1010110 ;
0%
#22605000
b1010111 7
1%
#22610000
b1010111 ;
0%
#22615000
b1011000 7
1%
#22620000
b1011000 ;
0%
#22625000
b1011001 7
1%
#22630000
b1011001 ;
0%
#22635000
b1011010 7
1%
#22640000
b1011010 ;
0%
#22645000
b1011011 7
1%
#22650000
b1011011 ;
0%
#22655000
b1011100 7
1%
#22660000
b1011100 ;
0%
#22665000
b1011101 7
1%
#22670000
b1011101 ;
0%
#22675000
b1011110 7
1%
#22680000
b1011110 ;
0%
#22685000
b1011111 7
1%
#22690000
b1011111 ;
0%
#22695000
b1100000 7
1%
#22700000
b1100000 ;
0%
#22705000
b1100001 7
1%
#22710000
b1100001 ;
0%
#22715000
b1100010 7
1%
#22720000
b1100010 ;
0%
#22725000
b1100011 7
1%
#22730000
b1100011 ;
0%
#22735000
b1100100 7
1%
#22740000
b1100100 ;
0%
#22745000
b1100101 7
1%
#22750000
b1100101 ;
0%
#22755000
b1100110 7
1%
#22760000
b1100110 ;
0%
#22765000
b1100111 7
1%
#22770000
b1100111 ;
0%
#22775000
b1101000 7
1%
#22780000
b1101000 ;
0%
#22785000
b1101001 7
1%
#22790000
b1101001 ;
0%
#22795000
b1101010 7
1%
#22800000
b1101010 ;
0%
#22805000
b1101011 7
1%
#22810000
b1101011 ;
0%
#22815000
b1101100 7
1%
#22820000
b1101100 ;
0%
#22825000
b1101101 7
1%
#22830000
b1101101 ;
0%
#22835000
b1101110 7
1%
#22840000
b1101110 ;
0%
#22845000
b1101111 7
1%
#22850000
b1101111 ;
0%
#22855000
b1110000 7
1%
#22860000
b1110000 ;
0%
#22865000
b1110001 7
1%
#22870000
b1110001 ;
0%
#22875000
b1110010 7
1%
#22880000
b1110010 ;
0%
#22885000
b1110011 7
1%
#22890000
b1110011 ;
0%
#22895000
b1110100 7
1%
#22900000
b1110100 ;
0%
#22905000
b1110101 7
1%
#22910000
b1110101 ;
0%
#22915000
b1110110 7
1%
#22920000
b1110110 ;
0%
#22925000
b1110111 7
1%
#22930000
b1110111 ;
0%
#22935000
b1111000 7
1%
#22940000
b1111000 ;
0%
#22945000
b1111001 7
1%
#22950000
b1111001 ;
0%
#22955000
b1111010 7
1%
#22960000
b1111010 ;
0%
#22965000
b1111011 7
1%
#22970000
b1111011 ;
0%
#22975000
b1111100 7
1%
#22980000
b1111100 ;
0%
#22985000
b1111101 7
1%
#22990000
b1111101 ;
0%
#22995000
b1111110 7
1%
#23000000
b1111110 ;
0%
#23005000
b1111111 7
1%
#23010000
b1111111 ;
0%
#23015000
b10000000 7
1%
#23020000
b10000000 ;
0%
#23025000
b10000001 7
1%
#23030000
b10000001 ;
0%
#23035000
b10000010 7
1%
#23040000
b10000010 ;
0%
#23045000
b10000011 7
1%
#23050000
b10000011 ;
0%
#23055000
b10000100 7
1%
#23060000
b10000100 ;
0%
#23065000
b10000101 7
1%
#23070000
b10000101 ;
0%
#23075000
b10000110 7
1%
#23080000
b10000110 ;
0%
#23085000
b10000111 7
1%
#23090000
b10000111 ;
0%
#23095000
b10001000 7
1%
#23100000
b10001000 ;
0%
#23105000
b10001001 7
1%
#23110000
b10001001 ;
0%
#23115000
b10001010 7
1%
#23120000
b10001010 ;
0%
#23125000
b10001011 7
1%
#23130000
b10001011 ;
0%
#23135000
b10001100 7
1%
#23140000
b10001100 ;
0%
#23145000
b10001101 7
1%
#23150000
b10001101 ;
0%
#23155000
b10001110 7
1%
#23160000
b10001110 ;
0%
#23165000
b10001111 7
1%
#23170000
b10001111 ;
0%
#23175000
b10010000 7
1%
#23180000
b10010000 ;
0%
#23185000
b10010001 7
1%
#23190000
b10010001 ;
0%
#23195000
b10010010 7
1%
#23200000
b10010010 ;
0%
#23205000
b10010011 7
1%
#23210000
b10010011 ;
0%
#23215000
b10010100 7
1%
#23220000
b10010100 ;
0%
#23225000
b10010101 7
1%
#23230000
b10010101 ;
0%
#23235000
b10010110 7
1%
#23240000
b10010110 ;
0%
#23245000
b10010111 7
1%
#23250000
b10010111 ;
0%
#23255000
b10011000 7
1%
#23260000
b10011000 ;
0%
#23265000
b10011001 7
1%
#23270000
b10011001 ;
0%
#23275000
b10011010 7
1%
#23280000
b10011010 ;
0%
#23285000
b10011011 7
1%
#23290000
b10011011 ;
0%
#23295000
b10011100 7
1%
#23300000
b10011100 ;
0%
#23305000
b10011101 7
1%
#23310000
b10011101 ;
0%
#23315000
b10011110 7
1%
#23320000
b10011110 ;
0%
#23325000
b10011111 7
1%
#23330000
b10011111 ;
0%
#23335000
b10100000 7
1%
#23340000
b10100000 ;
0%
#23345000
b10100001 7
1%
#23350000
b10100001 ;
0%
#23355000
b10100010 7
1%
#23360000
b10100010 ;
0%
#23365000
b10100011 7
1%
#23370000
b10100011 ;
0%
#23375000
b10100100 7
1%
#23380000
b10100100 ;
0%
#23385000
b10100101 7
1%
#23390000
b10100101 ;
0%
#23395000
b10100110 7
1%
#23400000
b10100110 ;
0%
#23405000
b10100111 7
1%
#23410000
b10100111 ;
0%
#23415000
b10101000 7
1%
#23420000
b10101000 ;
0%
#23425000
b10101001 7
1%
#23430000
b10101001 ;
0%
#23435000
b10101010 7
1%
#23440000
b10101010 ;
0%
#23445000
b10101011 7
1%
#23450000
b10101011 ;
0%
#23455000
b10101100 7
1%
#23460000
b10101100 ;
0%
#23465000
b10101101 7
1%
#23470000
b10101101 ;
0%
#23475000
b10101110 7
1%
#23480000
b10101110 ;
0%
#23485000
b10101111 7
1%
#23490000
b10101111 ;
0%
#23495000
b10110000 7
1%
#23500000
b10110000 ;
0%
#23505000
b10110001 7
1%
#23510000
b10110001 ;
0%
#23515000
b10110010 7
1%
#23520000
b10110010 ;
0%
#23525000
b10110011 7
1%
#23530000
b10110011 ;
0%
#23535000
b10110100 7
1%
#23540000
b10110100 ;
0%
#23545000
b10110101 7
1%
#23550000
b10110101 ;
0%
#23555000
b10110110 7
1%
#23560000
b10110110 ;
0%
#23565000
b10110111 7
1%
#23570000
b10110111 ;
0%
#23575000
b10111000 7
1%
#23580000
b10111000 ;
0%
#23585000
b10111001 7
1%
#23590000
b10111001 ;
0%
#23595000
b10111010 7
1%
#23600000
b10111010 ;
0%
#23605000
b10111011 7
1%
#23610000
b10111011 ;
0%
#23615000
b10111100 7
1%
#23620000
b10111100 ;
0%
#23625000
b10111101 7
1%
#23630000
b10111101 ;
0%
#23635000
b10111110 7
1%
#23640000
b10111110 ;
0%
#23645000
b10111111 7
1%
#23650000
b10111111 ;
0%
#23655000
b11000000 7
1%
#23660000
b11000000 ;
0%
#23665000
b11000001 7
1%
#23670000
b11000001 ;
0%
#23675000
b11000010 7
1%
#23680000
b11000010 ;
0%
#23685000
b11000011 7
1%
#23690000
b11000011 ;
0%
#23695000
b11000100 7
1%
#23700000
b11000100 ;
0%
#23705000
b11000101 7
1%
#23710000
b11000101 ;
0%
#23715000
b11000110 7
1%
#23720000
b11000110 ;
0%
#23725000
b11000111 7
1%
#23730000
b11000111 ;
0%
#23735000
b11001000 7
1%
#23740000
b11001000 ;
0%
#23745000
b11001001 7
1%
#23750000
b11001001 ;
0%
#23755000
b11001010 7
1%
#23760000
b11001010 ;
0%
#23765000
b11001011 7
1%
#23770000
b11001011 ;
0%
#23775000
b11001100 7
1%
#23780000
b11001100 ;
0%
#23785000
b11001101 7
1%
#23790000
b11001101 ;
0%
#23795000
b11001110 7
1%
#23800000
b11001110 ;
0%
#23805000
b11001111 7
1%
#23810000
b11001111 ;
0%
#23815000
b11010000 7
1%
#23820000
b11010000 ;
0%
#23825000
b11010001 7
1%
#23830000
b11010001 ;
0%
#23835000
b11010010 7
1%
#23840000
b11010010 ;
0%
#23845000
b11010011 7
1%
#23850000
b11010011 ;
0%
#23855000
b11010100 7
1%
#23860000
b11010100 ;
0%
#23865000
b11010101 7
1%
#23870000
b11010101 ;
0%
#23875000
b11010110 7
1%
#23880000
b11010110 ;
0%
#23885000
b11010111 7
1%
#23890000
b11010111 ;
0%
#23895000
b11011000 7
1%
#23900000
b11011000 ;
0%
#23905000
b11011001 7
1%
#23910000
b11011001 ;
0%
#23915000
b11011010 7
1%
#23920000
b11011010 ;
0%
#23925000
b11011011 7
1%
#23930000
b11011011 ;
0%
#23935000
b11011100 7
1%
#23940000
b11011100 ;
0%
#23945000
b11011101 7
1%
#23950000
b11011101 ;
0%
#23955000
b11011110 7
1%
#23960000
b11011110 ;
0%
#23965000
b11011111 7
1%
#23970000
b11011111 ;
0%
#23975000
b11100000 7
1%
#23980000
b11100000 ;
0%
#23985000
b11100001 7
1%
#23990000
b11100001 ;
0%
#23995000
b11100010 7
1%
#24000000
b11100010 ;
0%
#24005000
b11100011 7
1%
#24010000
b11100011 ;
0%
#24015000
b11100100 7
1%
#24020000
b11100100 ;
0%
#24025000
b11100101 7
1%
#24030000
b11100101 ;
0%
#24035000
b11100110 7
1%
#24040000
b11100110 ;
0%
#24045000
b11100111 7
1%
#24050000
b11100111 ;
0%
#24055000
b11101000 7
1%
#24060000
b11101000 ;
0%
#24065000
b11101001 7
1%
#24070000
b11101001 ;
0%
#24075000
b11101010 7
1%
#24080000
b11101010 ;
0%
#24085000
b11101011 7
1%
#24090000
b11101011 ;
0%
#24095000
b11101100 7
1%
#24100000
b11101100 ;
0%
#24105000
b11101101 7
1%
#24110000
b11101101 ;
0%
#24115000
b11101110 7
1%
#24120000
b11101110 ;
0%
#24125000
b11101111 7
1%
#24130000
b11101111 ;
0%
#24135000
b11110000 7
1%
#24140000
b11110000 ;
0%
#24145000
b11110001 7
1%
#24150000
b11110001 ;
0%
#24155000
b11110010 7
1%
#24160000
b11110010 ;
0%
#24165000
b11110011 7
1%
#24170000
b11110011 ;
0%
#24175000
b11110100 7
1%
#24180000
b11110100 ;
0%
#24185000
b11110101 7
1%
#24190000
b11110101 ;
0%
#24195000
b11110110 7
1%
#24200000
b11110110 ;
0%
#24205000
b11110111 7
1%
#24210000
b11110111 ;
0%
#24215000
b11111000 7
1%
#24220000
b11111000 ;
0%
#24225000
b11111001 7
1%
#24230000
b11111001 ;
0%
#24235000
b11111010 7
1%
#24240000
b11111010 ;
0%
#24245000
b11111011 7
1%
#24250000
b11111011 ;
0%
#24255000
b11111100 7
1%
#24260000
b11111100 ;
0%
#24265000
b11111101 7
1%
#24270000
b11111101 ;
0%
#24275000
b11111110 7
1%
#24280000
b11111110 ;
0%
#24285000
b11111111 7
1%
#24290000
b11111111 ;
0%
#24295000
b100000000 7
1%
#24300000
b100000000 ;
0%
#24305000
b100000001 7
1%
#24310000
b100000001 ;
0%
#24315000
b100000010 7
1%
#24320000
b100000010 ;
0%
#24325000
b100000011 7
1%
#24330000
b100000011 ;
0%
#24335000
b100000100 7
1%
#24340000
b100000100 ;
0%
#24345000
b100000101 7
1%
#24350000
b100000101 ;
0%
#24355000
b100000110 7
1%
#24360000
b100000110 ;
0%
#24365000
b100000111 7
1%
#24370000
b100000111 ;
0%
#24375000
b100001000 7
1%
#24380000
b100001000 ;
0%
#24385000
b100001001 7
1%
#24390000
b100001001 ;
0%
#24395000
b100001010 7
1%
#24400000
b100001010 ;
0%
#24405000
b100001011 7
1%
#24410000
b100001011 ;
0%
#24415000
b100001100 7
1%
#24420000
b100001100 ;
0%
#24425000
b100001101 7
1%
#24430000
b100001101 ;
0%
#24435000
b100001110 7
1%
#24440000
b100001110 ;
0%
#24445000
b100001111 7
1%
#24450000
b100001111 ;
0%
#24455000
b100010000 7
1%
#24460000
b100010000 ;
0%
#24465000
b100010001 7
1%
#24470000
b100010001 ;
0%
#24475000
b100010010 7
1%
#24480000
b100010010 ;
0%
#24485000
b100010011 7
1%
#24490000
b100010011 ;
0%
#24495000
b100010100 7
1%
#24500000
b100010100 ;
0%
#24505000
b100010101 7
1%
#24510000
b100010101 ;
0%
#24515000
b100010110 7
1%
#24520000
b100010110 ;
0%
#24525000
b100010111 7
1%
#24530000
b100010111 ;
0%
#24535000
b100011000 7
1%
#24540000
b100011000 ;
0%
#24545000
b100011001 7
1%
#24550000
b100011001 ;
0%
#24555000
b100011010 7
1%
#24560000
b100011010 ;
0%
#24565000
b100011011 7
1%
#24570000
b100011011 ;
0%
#24575000
b100011100 7
1%
#24580000
b100011100 ;
0%
#24585000
b100011101 7
1%
#24590000
b100011101 ;
0%
#24595000
b100011110 7
1%
#24600000
b100011110 ;
0%
#24605000
b100011111 7
1%
#24610000
b100011111 ;
0%
#24615000
b100100000 7
1%
#24620000
b100100000 ;
0%
#24625000
b100100001 7
1%
#24630000
b100100001 ;
0%
#24635000
b100100010 7
1%
#24640000
b100100010 ;
0%
#24645000
b100100011 7
1%
#24650000
b100100011 ;
0%
#24655000
b100100100 7
1%
#24660000
b100100100 ;
0%
#24665000
b100100101 7
1%
#24670000
b100100101 ;
0%
#24675000
b100100110 7
1%
#24680000
b100100110 ;
0%
#24685000
b100100111 7
1%
#24690000
b100100111 ;
0%
#24695000
b100101000 7
1%
#24700000
b100101000 ;
0%
#24705000
b100101001 7
1%
#24710000
b100101001 ;
0%
#24715000
b100101010 7
1%
#24720000
b100101010 ;
0%
#24725000
b100101011 7
1%
#24730000
b100101011 ;
0%
#24735000
b100101100 7
1%
#24740000
b100101100 ;
0%
#24745000
b100101101 7
1%
#24750000
b100101101 ;
0%
#24755000
b100101110 7
1%
#24760000
b100101110 ;
0%
#24765000
b100101111 7
1%
#24770000
b100101111 ;
0%
#24775000
b100110000 7
1%
#24780000
b100110000 ;
0%
#24785000
b100110001 7
1%
#24790000
b100110001 ;
0%
#24795000
b100110010 7
1%
#24800000
b100110010 ;
0%
#24805000
b100110011 7
1%
#24810000
b100110011 ;
0%
#24815000
b100110100 7
1%
#24820000
b100110100 ;
0%
#24825000
b100110101 7
1%
#24830000
b100110101 ;
0%
#24835000
b100110110 7
1%
#24840000
b100110110 ;
0%
#24845000
b100110111 7
1%
#24850000
b100110111 ;
0%
#24855000
b100111000 7
1%
#24860000
b100111000 ;
0%
#24865000
b100111001 7
1%
#24870000
b100111001 ;
0%
#24875000
b100111010 7
1%
#24880000
b100111010 ;
0%
#24885000
b100111011 7
1%
#24890000
b100111011 ;
0%
#24895000
b100111100 7
1%
#24900000
b100111100 ;
0%
#24905000
b100111101 7
1%
#24910000
b100111101 ;
0%
#24915000
b100111110 7
1%
#24920000
b100111110 ;
0%
#24925000
b100111111 7
1%
#24930000
b100111111 ;
0%
#24935000
b101000000 7
1%
#24940000
b101000000 ;
0%
#24945000
b101000001 7
1%
#24950000
b101000001 ;
0%
#24955000
b101000010 7
1%
#24960000
b101000010 ;
0%
#24965000
b101000011 7
1%
#24970000
b101000011 ;
0%
#24975000
b101000100 7
1%
#24980000
b101000100 ;
0%
#24985000
b101000101 7
1%
#24990000
b101000101 ;
0%
#24995000
b101000110 7
1%
#25000000
b101000110 ;
0%
#25005000
b101000111 7
1%
#25010000
b101000111 ;
0%
#25015000
b101001000 7
1%
#25020000
b101001000 ;
0%
#25025000
b101001001 7
1%
#25030000
b101001001 ;
0%
#25035000
b101001010 7
1%
#25040000
b101001010 ;
0%
#25045000
b101001011 7
1%
#25050000
b101001011 ;
0%
#25055000
b101001100 7
1%
#25060000
b101001100 ;
0%
#25065000
b101001101 7
1%
#25070000
b101001101 ;
0%
#25075000
b101001110 7
1%
#25080000
b101001110 ;
0%
#25085000
b101001111 7
1%
#25090000
b101001111 ;
0%
#25095000
b101010000 7
1%
#25100000
b101010000 ;
0%
#25105000
b101010001 7
1%
#25110000
b101010001 ;
0%
#25115000
b101010010 7
1%
#25120000
b101010010 ;
0%
#25125000
b101010011 7
1%
#25130000
b101010011 ;
0%
#25135000
b101010100 7
1%
#25140000
b101010100 ;
0%
#25145000
b101010101 7
1%
#25150000
b101010101 ;
0%
#25155000
b101010110 7
1%
#25160000
b101010110 ;
0%
#25165000
b101010111 7
1%
#25170000
b101010111 ;
0%
#25175000
b101011000 7
1%
#25180000
b101011000 ;
0%
#25185000
b101011001 7
1%
#25190000
b101011001 ;
0%
#25195000
b101011010 7
1%
#25200000
b101011010 ;
0%
#25205000
b101011011 7
1%
#25210000
b101011011 ;
0%
#25215000
b101011100 7
1%
#25220000
b101011100 ;
0%
#25225000
b101011101 7
1%
#25230000
b101011101 ;
0%
#25235000
b101011110 7
1%
#25240000
b101011110 ;
0%
#25245000
b101011111 7
1%
#25250000
b101011111 ;
0%
#25255000
b101100000 7
1%
#25260000
b101100000 ;
0%
#25265000
b101100001 7
1%
#25270000
b101100001 ;
0%
#25275000
b101100010 7
1%
#25280000
b101100010 ;
0%
#25285000
b101100011 7
1%
#25290000
b101100011 ;
0%
#25295000
b101100100 7
1%
#25300000
b101100100 ;
0%
#25305000
b101100101 7
1%
#25310000
b101100101 ;
0%
#25315000
b101100110 7
1%
#25320000
b101100110 ;
0%
#25325000
b101100111 7
1%
#25330000
b101100111 ;
0%
#25335000
b101101000 7
1%
#25340000
b101101000 ;
0%
#25345000
b101101001 7
1%
#25350000
b101101001 ;
0%
#25355000
b101101010 7
1%
#25360000
b101101010 ;
0%
#25365000
b101101011 7
1%
#25370000
b101101011 ;
0%
#25375000
b101101100 7
1%
#25380000
b101101100 ;
0%
#25385000
b101101101 7
1%
#25390000
b101101101 ;
0%
#25395000
b101101110 7
1%
#25400000
b101101110 ;
0%
#25405000
b101101111 7
1%
#25410000
b101101111 ;
0%
#25415000
b101110000 7
1%
#25420000
b101110000 ;
0%
#25425000
b101110001 7
1%
#25430000
b101110001 ;
0%
#25435000
b101110010 7
1%
#25440000
b101110010 ;
0%
#25445000
b101110011 7
1%
#25450000
b101110011 ;
0%
#25455000
b101110100 7
1%
#25460000
b101110100 ;
0%
#25465000
b101110101 7
1%
#25470000
b101110101 ;
0%
#25475000
b101110110 7
1%
#25480000
b101110110 ;
0%
#25485000
b101110111 7
1%
#25490000
b101110111 ;
0%
#25495000
b101111000 7
1%
#25500000
b101111000 ;
0%
#25505000
b101111001 7
1%
#25510000
b101111001 ;
0%
#25515000
b101111010 7
1%
#25520000
b101111010 ;
0%
#25525000
b101111011 7
1%
#25530000
b101111011 ;
0%
#25535000
b101111100 7
1%
#25540000
b101111100 ;
0%
#25545000
b101111101 7
1%
#25550000
b101111101 ;
0%
#25555000
b101111110 7
1%
#25560000
b101111110 ;
0%
#25565000
b101111111 7
1%
#25570000
b101111111 ;
0%
#25575000
b110000000 7
1%
#25580000
b110000000 ;
0%
#25585000
b110000001 7
1%
#25590000
b110000001 ;
0%
#25595000
b110000010 7
1%
#25600000
b110000010 ;
0%
#25605000
b110000011 7
1%
#25610000
b110000011 ;
0%
#25615000
b110000100 7
1%
#25620000
b110000100 ;
0%
#25625000
b110000101 7
1%
#25630000
b110000101 ;
0%
#25635000
b110000110 7
1%
#25640000
b110000110 ;
0%
#25645000
b110000111 7
1%
#25650000
b110000111 ;
0%
#25655000
b110001000 7
1%
#25660000
b110001000 ;
0%
#25665000
b110001001 7
1%
#25670000
b110001001 ;
0%
#25675000
b110001010 7
1%
#25680000
b110001010 ;
0%
#25685000
b110001011 7
1%
#25690000
b110001011 ;
0%
#25695000
b110001100 7
1%
#25700000
b110001100 ;
0%
#25705000
b110001101 7
1%
#25710000
b110001101 ;
0%
#25715000
b110001110 7
1%
#25720000
b110001110 ;
0%
#25725000
b110001111 7
1%
#25730000
b110001111 ;
0%
#25735000
b110010000 7
1%
#25740000
b110010000 ;
0%
#25745000
b110010001 7
1%
#25750000
b110010001 ;
0%
#25755000
b110010010 7
1%
#25760000
b110010010 ;
0%
#25765000
b110010011 7
1%
#25770000
b110010011 ;
0%
#25775000
b110010100 7
1%
#25780000
b110010100 ;
0%
#25785000
b110010101 7
1%
#25790000
b110010101 ;
0%
#25795000
b110010110 7
1%
#25800000
b110010110 ;
0%
#25805000
b110010111 7
1%
#25810000
b110010111 ;
0%
#25815000
b110011000 7
1%
#25820000
b110011000 ;
0%
#25825000
b110011001 7
1%
#25830000
b110011001 ;
0%
#25835000
b110011010 7
1%
#25840000
b110011010 ;
0%
#25845000
b110011011 7
1%
#25850000
b110011011 ;
0%
#25855000
b110011100 7
1%
#25860000
b110011100 ;
0%
#25865000
b110011101 7
1%
#25870000
b110011101 ;
0%
#25875000
b110011110 7
1%
#25880000
b110011110 ;
0%
#25885000
b110011111 7
1%
#25890000
b110011111 ;
0%
#25895000
b110100000 7
1%
#25900000
b110100000 ;
0%
#25905000
b110100001 7
1%
#25910000
b110100001 ;
0%
#25915000
b110100010 7
1%
#25920000
b110100010 ;
0%
#25925000
b110100011 7
1%
#25930000
b110100011 ;
0%
#25935000
b110100100 7
1%
#25940000
b110100100 ;
0%
#25945000
b110100101 7
1%
#25950000
b110100101 ;
0%
#25955000
b110100110 7
1%
#25960000
b110100110 ;
0%
#25965000
b110100111 7
1%
#25970000
b110100111 ;
0%
#25975000
b110101000 7
1%
#25980000
b110101000 ;
0%
#25985000
b110101001 7
1%
#25990000
b110101001 ;
0%
#25995000
b110101010 7
1%
#26000000
b110101010 ;
0%
#26005000
b110101011 7
1%
#26010000
b110101011 ;
0%
#26015000
b110101100 7
1%
#26020000
b110101100 ;
0%
#26025000
b110101101 7
1%
#26030000
b110101101 ;
0%
#26035000
b110101110 7
1%
#26040000
b110101110 ;
0%
#26045000
b110101111 7
1%
#26050000
b110101111 ;
0%
#26055000
b110110000 7
1%
#26060000
b110110000 ;
0%
#26065000
b110110001 7
1%
#26070000
b110110001 ;
0%
#26075000
b100 3
b0 7
1%
#26080000
b100 )
b0 ;
0%
#26085000
b1 7
1%
#26090000
b1 ;
0%
#26095000
b10 7
1%
#26100000
b10 ;
0%
#26105000
b11 7
1%
#26110000
b11 ;
0%
#26115000
b100 7
1%
#26120000
b100 ;
0%
#26125000
b101 7
1%
#26130000
b101 ;
0%
#26135000
b110 7
1%
#26140000
b110 ;
0%
#26145000
b111 7
1%
#26150000
b111 ;
0%
#26155000
b1000 7
1%
#26160000
b1000 ;
0%
#26165000
b1001 7
1%
#26170000
b1001 ;
0%
#26175000
b1010 7
1%
#26180000
b1010 ;
0%
#26185000
b1011 7
1%
#26190000
b1011 ;
0%
#26195000
b1100 7
1%
#26200000
b1100 ;
0%
#26205000
b1101 7
1%
#26210000
b1101 ;
0%
#26215000
b1110 7
1%
#26220000
b1110 ;
0%
#26225000
b1111 7
1%
#26230000
b1111 ;
0%
#26235000
b10000 7
1%
#26240000
b10000 ;
0%
#26245000
b10001 7
1%
#26250000
b10001 ;
0%
#26255000
b10010 7
1%
#26260000
b10010 ;
0%
#26265000
b10011 7
1%
#26270000
b10011 ;
0%
#26275000
b10100 7
1%
#26280000
b10100 ;
0%
#26285000
b10101 7
1%
#26290000
b10101 ;
0%
#26295000
b10110 7
1%
#26300000
b10110 ;
0%
#26305000
b10111 7
1%
#26310000
b10111 ;
0%
#26315000
b11000 7
1%
#26320000
b11000 ;
0%
#26325000
b11001 7
1%
#26330000
b11001 ;
0%
#26335000
b11010 7
1%
#26340000
b11010 ;
0%
#26345000
b11011 7
1%
#26350000
b11011 ;
0%
#26355000
b11100 7
1%
#26360000
b11100 ;
0%
#26365000
b11101 7
1%
#26370000
b11101 ;
0%
#26375000
b11110 7
1%
#26380000
b11110 ;
0%
#26385000
b11111 7
1%
#26390000
b11111 ;
0%
#26395000
b100000 7
1%
#26400000
b100000 ;
0%
#26405000
b100001 7
1%
#26410000
b100001 ;
0%
#26415000
b100010 7
1%
#26420000
b100010 ;
0%
#26425000
b100011 7
1%
#26430000
b100011 ;
0%
#26435000
b100100 7
1%
#26440000
b100100 ;
0%
#26445000
b100101 7
1%
#26450000
b100101 ;
0%
#26455000
b100110 7
1%
#26460000
b100110 ;
0%
#26465000
b100111 7
1%
#26470000
b100111 ;
0%
#26475000
b101000 7
1%
#26480000
b101000 ;
0%
#26485000
b101001 7
1%
#26490000
b101001 ;
0%
#26495000
b101010 7
1%
#26500000
b101010 ;
0%
#26505000
b101011 7
1%
#26510000
b101011 ;
0%
#26515000
b101100 7
1%
#26520000
b101100 ;
0%
#26525000
b101101 7
1%
#26530000
b101101 ;
0%
#26535000
b101110 7
1%
#26540000
b101110 ;
0%
#26545000
b101111 7
1%
#26550000
b101111 ;
0%
#26555000
b110000 7
1%
#26560000
b110000 ;
0%
#26565000
b110001 7
1%
#26570000
b110001 ;
0%
#26575000
b110010 7
1%
#26580000
b110010 ;
0%
#26585000
b110011 7
1%
#26590000
b110011 ;
0%
#26595000
b110100 7
1%
#26600000
b110100 ;
0%
#26605000
b110101 7
1%
#26610000
b110101 ;
0%
#26615000
b110110 7
1%
#26620000
b110110 ;
0%
#26625000
b110111 7
1%
#26630000
b110111 ;
0%
#26635000
b111000 7
1%
#26640000
b111000 ;
0%
#26645000
b111001 7
1%
#26650000
b111001 ;
0%
#26655000
b111010 7
1%
#26660000
b111010 ;
0%
#26665000
b111011 7
1%
#26670000
b111011 ;
0%
#26675000
b111100 7
1%
#26680000
b111100 ;
0%
#26685000
b111101 7
1%
#26690000
b111101 ;
0%
#26695000
b111110 7
1%
#26700000
b111110 ;
0%
#26705000
b111111 7
1%
#26710000
b111111 ;
0%
#26715000
b1000000 7
1%
#26720000
b1000000 ;
0%
#26725000
b1000001 7
1%
#26730000
b1000001 ;
0%
#26735000
b1000010 7
1%
#26740000
b1000010 ;
0%
#26745000
b1000011 7
1%
#26750000
b1000011 ;
0%
#26755000
b1000100 7
1%
#26760000
b1000100 ;
0%
#26765000
b1000101 7
1%
#26770000
b1000101 ;
0%
#26775000
b1000110 7
1%
#26780000
b1000110 ;
0%
#26785000
b1000111 7
1%
#26790000
b1000111 ;
0%
#26795000
b1001000 7
1%
#26800000
b1001000 ;
0%
#26805000
b1001001 7
1%
#26810000
b1001001 ;
0%
#26815000
b1001010 7
1%
#26820000
b1001010 ;
0%
#26825000
b1001011 7
1%
#26830000
b1001011 ;
0%
#26835000
b1001100 7
1%
#26840000
b1001100 ;
0%
#26845000
b1001101 7
1%
#26850000
b1001101 ;
0%
#26855000
b1001110 7
1%
#26860000
b1001110 ;
0%
#26865000
b1001111 7
1%
#26870000
b1001111 ;
0%
#26875000
b1010000 7
1%
#26880000
b1010000 ;
0%
#26885000
b1010001 7
1%
#26890000
b1010001 ;
0%
#26895000
b1010010 7
1%
#26900000
b1010010 ;
0%
#26905000
b1010011 7
1%
#26910000
b1010011 ;
0%
#26915000
b1010100 7
1%
#26920000
b1010100 ;
0%
#26925000
b1010101 7
1%
#26930000
b1010101 ;
0%
#26935000
b1010110 7
1%
#26940000
b1010110 ;
0%
#26945000
b1010111 7
1%
#26950000
b1010111 ;
0%
#26955000
b1011000 7
1%
#26960000
b1011000 ;
0%
#26965000
b1011001 7
1%
#26970000
b1011001 ;
0%
#26975000
b1011010 7
1%
#26980000
b1011010 ;
0%
#26985000
b1011011 7
1%
#26990000
b1011011 ;
0%
#26995000
b1011100 7
1%
#27000000
b1011100 ;
0%
#27005000
b1011101 7
1%
#27010000
b1011101 ;
0%
#27015000
b1011110 7
1%
#27020000
b1011110 ;
0%
#27025000
b1011111 7
1%
#27030000
b1011111 ;
0%
#27035000
b1100000 7
1%
#27040000
b1100000 ;
0%
#27045000
b1100001 7
1%
#27050000
b1100001 ;
0%
#27055000
b1100010 7
1%
#27060000
b1100010 ;
0%
#27065000
b1100011 7
1%
#27070000
b1100011 ;
0%
#27075000
b1100100 7
1%
#27080000
b1100100 ;
0%
#27085000
b1100101 7
1%
#27090000
b1100101 ;
0%
#27095000
b1100110 7
1%
#27100000
b1100110 ;
0%
#27105000
b1100111 7
1%
#27110000
b1100111 ;
0%
#27115000
b1101000 7
1%
#27120000
b1101000 ;
0%
#27125000
b1101001 7
1%
#27130000
b1101001 ;
0%
#27135000
b1101010 7
1%
#27140000
b1101010 ;
0%
#27145000
b1101011 7
1%
#27150000
b1101011 ;
0%
#27155000
b1101100 7
1%
#27160000
b1101100 ;
0%
#27165000
b1101101 7
1%
#27170000
b1101101 ;
0%
#27175000
b1101110 7
1%
#27180000
b1101110 ;
0%
#27185000
b1101111 7
1%
#27190000
b1101111 ;
0%
#27195000
b1110000 7
1%
#27200000
b1110000 ;
0%
#27205000
b1110001 7
1%
#27210000
b1110001 ;
0%
#27215000
b1110010 7
1%
#27220000
b1110010 ;
0%
#27225000
b1110011 7
1%
#27230000
b1110011 ;
0%
#27235000
b1110100 7
1%
#27240000
b1110100 ;
0%
#27245000
b1110101 7
1%
#27250000
b1110101 ;
0%
#27255000
b1110110 7
1%
#27260000
b1110110 ;
0%
#27265000
b1110111 7
1%
#27270000
b1110111 ;
0%
#27275000
b1111000 7
1%
#27280000
b1111000 ;
0%
#27285000
b1111001 7
1%
#27290000
b1111001 ;
0%
#27295000
b1111010 7
1%
#27300000
b1111010 ;
0%
#27305000
b1111011 7
1%
#27310000
b1111011 ;
0%
#27315000
b1111100 7
1%
#27320000
b1111100 ;
0%
#27325000
b1111101 7
1%
#27330000
b1111101 ;
0%
#27335000
b1111110 7
1%
#27340000
b1111110 ;
0%
#27345000
b1111111 7
1%
#27350000
b1111111 ;
0%
#27355000
b10000000 7
1%
#27360000
b10000000 ;
0%
#27365000
b10000001 7
1%
#27370000
b10000001 ;
0%
#27375000
b10000010 7
1%
#27380000
b10000010 ;
0%
#27385000
b10000011 7
1%
#27390000
b10000011 ;
0%
#27395000
b10000100 7
1%
#27400000
b10000100 ;
0%
#27405000
b10000101 7
1%
#27410000
b10000101 ;
0%
#27415000
b10000110 7
1%
#27420000
b10000110 ;
0%
#27425000
b10000111 7
1%
#27430000
b10000111 ;
0%
#27435000
b10001000 7
1%
#27440000
b10001000 ;
0%
#27445000
b10001001 7
1%
#27450000
b10001001 ;
0%
#27455000
b10001010 7
1%
#27460000
b10001010 ;
0%
#27465000
b10001011 7
1%
#27470000
b10001011 ;
0%
#27475000
b10001100 7
1%
#27480000
b10001100 ;
0%
#27485000
b10001101 7
1%
#27490000
b10001101 ;
0%
#27495000
b10001110 7
1%
#27500000
b10001110 ;
0%
#27505000
b10001111 7
1%
#27510000
b10001111 ;
0%
#27515000
b10010000 7
1%
#27520000
b10010000 ;
0%
#27525000
b10010001 7
1%
#27530000
b10010001 ;
0%
#27535000
b10010010 7
1%
#27540000
b10010010 ;
0%
#27545000
b10010011 7
1%
#27550000
b10010011 ;
0%
#27555000
b10010100 7
1%
#27560000
b10010100 ;
0%
#27565000
b10010101 7
1%
#27570000
b10010101 ;
0%
#27575000
b10010110 7
1%
#27580000
b10010110 ;
0%
#27585000
b10010111 7
1%
#27590000
b10010111 ;
0%
#27595000
b10011000 7
1%
#27600000
b10011000 ;
0%
#27605000
b10011001 7
1%
#27610000
b10011001 ;
0%
#27615000
b10011010 7
1%
#27620000
b10011010 ;
0%
#27625000
b10011011 7
1%
#27630000
b10011011 ;
0%
#27635000
b10011100 7
1%
#27640000
b10011100 ;
0%
#27645000
b10011101 7
1%
#27650000
b10011101 ;
0%
#27655000
b10011110 7
1%
#27660000
b10011110 ;
0%
#27665000
b10011111 7
1%
#27670000
b10011111 ;
0%
#27675000
b10100000 7
1%
#27680000
b10100000 ;
0%
#27685000
b10100001 7
1%
#27690000
b10100001 ;
0%
#27695000
b10100010 7
1%
#27700000
b10100010 ;
0%
#27705000
b10100011 7
1%
#27710000
b10100011 ;
0%
#27715000
b10100100 7
1%
#27720000
b10100100 ;
0%
#27725000
b10100101 7
1%
#27730000
b10100101 ;
0%
#27735000
b10100110 7
1%
#27740000
b10100110 ;
0%
#27745000
b10100111 7
1%
#27750000
b10100111 ;
0%
#27755000
b10101000 7
1%
#27760000
b10101000 ;
0%
#27765000
b10101001 7
1%
#27770000
b10101001 ;
0%
#27775000
b10101010 7
1%
#27780000
b10101010 ;
0%
#27785000
b10101011 7
1%
#27790000
b10101011 ;
0%
#27795000
b10101100 7
1%
#27800000
b10101100 ;
0%
#27805000
b10101101 7
1%
#27810000
b10101101 ;
0%
#27815000
b10101110 7
1%
#27820000
b10101110 ;
0%
#27825000
b10101111 7
1%
#27830000
b10101111 ;
0%
#27835000
b10110000 7
1%
#27840000
b10110000 ;
0%
#27845000
b10110001 7
1%
#27850000
b10110001 ;
0%
#27855000
b10110010 7
1%
#27860000
b10110010 ;
0%
#27865000
b10110011 7
1%
#27870000
b10110011 ;
0%
#27875000
b10110100 7
1%
#27880000
b10110100 ;
0%
#27885000
b10110101 7
1%
#27890000
b10110101 ;
0%
#27895000
b10110110 7
1%
#27900000
b10110110 ;
0%
#27905000
b10110111 7
1%
#27910000
b10110111 ;
0%
#27915000
b10111000 7
1%
#27920000
b10111000 ;
0%
#27925000
b10111001 7
1%
#27930000
b10111001 ;
0%
#27935000
b10111010 7
1%
#27940000
b10111010 ;
0%
#27945000
b10111011 7
1%
#27950000
b10111011 ;
0%
#27955000
b10111100 7
1%
#27960000
b10111100 ;
0%
#27965000
b10111101 7
1%
#27970000
b10111101 ;
0%
#27975000
b10111110 7
1%
#27980000
b10111110 ;
0%
#27985000
b10111111 7
1%
#27990000
b10111111 ;
0%
#27995000
b11000000 7
1%
#28000000
b11000000 ;
0%
#28005000
b11000001 7
1%
#28010000
b11000001 ;
0%
#28015000
b11000010 7
1%
#28020000
b11000010 ;
0%
#28025000
b11000011 7
1%
#28030000
b11000011 ;
0%
#28035000
b11000100 7
1%
#28040000
b11000100 ;
0%
#28045000
b11000101 7
1%
#28050000
b11000101 ;
0%
#28055000
b11000110 7
1%
#28060000
b11000110 ;
0%
#28065000
b11000111 7
1%
#28070000
b11000111 ;
0%
#28075000
b11001000 7
1%
#28080000
b11001000 ;
0%
#28085000
b11001001 7
1%
#28090000
b11001001 ;
0%
#28095000
b11001010 7
1%
#28100000
b11001010 ;
0%
#28105000
b11001011 7
1%
#28110000
b11001011 ;
0%
#28115000
b11001100 7
1%
#28120000
b11001100 ;
0%
#28125000
b11001101 7
1%
#28130000
b11001101 ;
0%
#28135000
b11001110 7
1%
#28140000
b11001110 ;
0%
#28145000
b11001111 7
1%
#28150000
b11001111 ;
0%
#28155000
b11010000 7
1%
#28160000
b11010000 ;
0%
#28165000
b11010001 7
1%
#28170000
b11010001 ;
0%
#28175000
b11010010 7
1%
#28180000
b11010010 ;
0%
#28185000
b11010011 7
1%
#28190000
b11010011 ;
0%
#28195000
b11010100 7
1%
#28200000
b11010100 ;
0%
#28205000
b11010101 7
1%
#28210000
b11010101 ;
0%
#28215000
b11010110 7
1%
#28220000
b11010110 ;
0%
#28225000
b11010111 7
1%
#28230000
b11010111 ;
0%
#28235000
b11011000 7
1%
#28240000
b11011000 ;
0%
#28245000
b11011001 7
1%
#28250000
b11011001 ;
0%
#28255000
b11011010 7
1%
#28260000
b11011010 ;
0%
#28265000
b11011011 7
1%
#28270000
b11011011 ;
0%
#28275000
b11011100 7
1%
#28280000
b11011100 ;
0%
#28285000
b11011101 7
1%
#28290000
b11011101 ;
0%
#28295000
b11011110 7
1%
#28300000
b11011110 ;
0%
#28305000
b11011111 7
1%
#28310000
b11011111 ;
0%
#28315000
b11100000 7
1%
#28320000
b11100000 ;
0%
#28325000
b11100001 7
1%
#28330000
b11100001 ;
0%
#28335000
b11100010 7
1%
#28340000
b11100010 ;
0%
#28345000
b11100011 7
1%
#28350000
b11100011 ;
0%
#28355000
b11100100 7
1%
#28360000
b11100100 ;
0%
#28365000
b11100101 7
1%
#28370000
b11100101 ;
0%
#28375000
b11100110 7
1%
#28380000
b11100110 ;
0%
#28385000
b11100111 7
1%
#28390000
b11100111 ;
0%
#28395000
b11101000 7
1%
#28400000
b11101000 ;
0%
#28405000
b11101001 7
1%
#28410000
b11101001 ;
0%
#28415000
b11101010 7
1%
#28420000
b11101010 ;
0%
#28425000
b11101011 7
1%
#28430000
b11101011 ;
0%
#28435000
b11101100 7
1%
#28440000
b11101100 ;
0%
#28445000
b11101101 7
1%
#28450000
b11101101 ;
0%
#28455000
b11101110 7
1%
#28460000
b11101110 ;
0%
#28465000
b11101111 7
1%
#28470000
b11101111 ;
0%
#28475000
b11110000 7
1%
#28480000
b11110000 ;
0%
#28485000
b11110001 7
1%
#28490000
b11110001 ;
0%
#28495000
b11110010 7
1%
#28500000
b11110010 ;
0%
#28505000
b11110011 7
1%
#28510000
b11110011 ;
0%
#28515000
b11110100 7
1%
#28520000
b11110100 ;
0%
#28525000
b11110101 7
1%
#28530000
b11110101 ;
0%
#28535000
b11110110 7
1%
#28540000
b11110110 ;
0%
#28545000
b11110111 7
1%
#28550000
b11110111 ;
0%
#28555000
b11111000 7
1%
#28560000
b11111000 ;
0%
#28565000
b11111001 7
1%
#28570000
b11111001 ;
0%
#28575000
b11111010 7
1%
#28580000
b11111010 ;
0%
#28585000
b11111011 7
1%
#28590000
b11111011 ;
0%
#28595000
b11111100 7
1%
#28600000
b11111100 ;
0%
#28605000
b11111101 7
1%
#28610000
b11111101 ;
0%
#28615000
b11111110 7
1%
#28620000
b11111110 ;
0%
#28625000
b11111111 7
1%
#28630000
b11111111 ;
0%
#28635000
b100000000 7
1%
#28640000
b100000000 ;
0%
#28645000
b100000001 7
1%
#28650000
b100000001 ;
0%
#28655000
b100000010 7
1%
#28660000
b100000010 ;
0%
#28665000
b100000011 7
1%
#28670000
b100000011 ;
0%
#28675000
b100000100 7
1%
#28680000
b100000100 ;
0%
#28685000
b100000101 7
1%
#28690000
b100000101 ;
0%
#28695000
b100000110 7
1%
#28700000
b100000110 ;
0%
#28705000
b100000111 7
1%
#28710000
b100000111 ;
0%
#28715000
b100001000 7
1%
#28720000
b100001000 ;
0%
#28725000
b100001001 7
1%
#28730000
b100001001 ;
0%
#28735000
b100001010 7
1%
#28740000
b100001010 ;
0%
#28745000
b100001011 7
1%
#28750000
b100001011 ;
0%
#28755000
b100001100 7
1%
#28760000
b100001100 ;
0%
#28765000
b100001101 7
1%
#28770000
b100001101 ;
0%
#28775000
b100001110 7
1%
#28780000
b100001110 ;
0%
#28785000
b100001111 7
1%
#28790000
b100001111 ;
0%
#28795000
b100010000 7
1%
#28800000
b100010000 ;
0%
#28805000
b100010001 7
1%
#28810000
b100010001 ;
0%
#28815000
b100010010 7
1%
#28820000
b100010010 ;
0%
#28825000
b100010011 7
1%
#28830000
b100010011 ;
0%
#28835000
b100010100 7
1%
#28840000
b100010100 ;
0%
#28845000
b100010101 7
1%
#28850000
b100010101 ;
0%
#28855000
b100010110 7
1%
#28860000
b100010110 ;
0%
#28865000
b100010111 7
1%
#28870000
b100010111 ;
0%
#28875000
b100011000 7
1%
#28880000
b100011000 ;
0%
#28885000
b100011001 7
1%
#28890000
b100011001 ;
0%
#28895000
b100011010 7
1%
#28900000
b100011010 ;
0%
#28905000
b100011011 7
1%
#28910000
b100011011 ;
0%
#28915000
b100011100 7
1%
#28920000
b100011100 ;
0%
#28925000
b100011101 7
1%
#28930000
b100011101 ;
0%
#28935000
b100011110 7
1%
#28940000
b100011110 ;
0%
#28945000
b100011111 7
1%
#28950000
b100011111 ;
0%
#28955000
b100100000 7
1%
#28960000
b100100000 ;
0%
#28965000
b100100001 7
1%
#28970000
b100100001 ;
0%
#28975000
b100100010 7
1%
#28980000
b100100010 ;
0%
#28985000
b100100011 7
1%
#28990000
b100100011 ;
0%
#28995000
b100100100 7
1%
#29000000
b100100100 ;
0%
#29005000
b100100101 7
1%
#29010000
b100100101 ;
0%
#29015000
b100100110 7
1%
#29020000
b100100110 ;
0%
#29025000
b100100111 7
1%
#29030000
b100100111 ;
0%
#29035000
b100101000 7
1%
#29040000
b100101000 ;
0%
#29045000
b100101001 7
1%
#29050000
b100101001 ;
0%
#29055000
b100101010 7
1%
#29060000
b100101010 ;
0%
#29065000
b100101011 7
1%
#29070000
b100101011 ;
0%
#29075000
b100101100 7
1%
#29080000
b100101100 ;
0%
#29085000
b100101101 7
1%
#29090000
b100101101 ;
0%
#29095000
b100101110 7
1%
#29100000
b100101110 ;
0%
#29105000
b100101111 7
1%
#29110000
b100101111 ;
0%
#29115000
b100110000 7
1%
#29120000
b100110000 ;
0%
#29125000
b100110001 7
1%
#29130000
b100110001 ;
0%
#29135000
b100110010 7
1%
#29140000
b100110010 ;
0%
#29145000
b100110011 7
1%
#29150000
b100110011 ;
0%
#29155000
b100110100 7
1%
#29160000
b100110100 ;
0%
#29165000
b100110101 7
1%
#29170000
b100110101 ;
0%
#29175000
b100110110 7
1%
#29180000
b100110110 ;
0%
#29185000
b100110111 7
1%
#29190000
b100110111 ;
0%
#29195000
b100111000 7
1%
#29200000
b100111000 ;
0%
#29205000
b100111001 7
1%
#29210000
b100111001 ;
0%
#29215000
b100111010 7
1%
#29220000
b100111010 ;
0%
#29225000
b100111011 7
1%
#29230000
b100111011 ;
0%
#29235000
b100111100 7
1%
#29240000
b100111100 ;
0%
#29245000
b100111101 7
1%
#29250000
b100111101 ;
0%
#29255000
b100111110 7
1%
#29260000
b100111110 ;
0%
#29265000
b100111111 7
1%
#29270000
b100111111 ;
0%
#29275000
b101000000 7
1%
#29280000
b101000000 ;
0%
#29285000
b101000001 7
1%
#29290000
b101000001 ;
0%
#29295000
b101000010 7
1%
#29300000
b101000010 ;
0%
#29305000
b101000011 7
1%
#29310000
b101000011 ;
0%
#29315000
b101000100 7
1%
#29320000
b101000100 ;
0%
#29325000
b101000101 7
1%
#29330000
b101000101 ;
0%
#29335000
b101000110 7
1%
#29340000
b101000110 ;
0%
#29345000
b101000111 7
1%
#29350000
b101000111 ;
0%
#29355000
b101001000 7
1%
#29360000
b101001000 ;
0%
#29365000
b101001001 7
1%
#29370000
b101001001 ;
0%
#29375000
b101001010 7
1%
#29380000
b101001010 ;
0%
#29385000
b101001011 7
1%
#29390000
b101001011 ;
0%
#29395000
b101001100 7
1%
#29400000
b101001100 ;
0%
#29405000
b101001101 7
1%
#29410000
b101001101 ;
0%
#29415000
b101001110 7
1%
#29420000
b101001110 ;
0%
#29425000
b101001111 7
1%
#29430000
b101001111 ;
0%
#29435000
b101010000 7
1%
#29440000
b101010000 ;
0%
#29445000
b101010001 7
1%
#29450000
b101010001 ;
0%
#29455000
b101010010 7
1%
#29460000
b101010010 ;
0%
#29465000
b101010011 7
1%
#29470000
b101010011 ;
0%
#29475000
b101010100 7
1%
#29480000
b101010100 ;
0%
#29485000
b101010101 7
1%
#29490000
b101010101 ;
0%
#29495000
b101010110 7
1%
#29500000
b101010110 ;
0%
#29505000
b101010111 7
1%
#29510000
b101010111 ;
0%
#29515000
b101011000 7
1%
#29520000
b101011000 ;
0%
#29525000
b101011001 7
1%
#29530000
b101011001 ;
0%
#29535000
b101011010 7
1%
#29540000
b101011010 ;
0%
#29545000
b101011011 7
1%
#29550000
b101011011 ;
0%
#29555000
b101011100 7
1%
#29560000
b101011100 ;
0%
#29565000
b101011101 7
1%
#29570000
b101011101 ;
0%
#29575000
b101011110 7
1%
#29580000
b101011110 ;
0%
#29585000
b101011111 7
1%
#29590000
b101011111 ;
0%
#29595000
b101100000 7
1%
#29600000
b101100000 ;
0%
#29605000
b101100001 7
1%
#29610000
b101100001 ;
0%
#29615000
b101100010 7
1%
#29620000
b101100010 ;
0%
#29625000
b101100011 7
1%
#29630000
b101100011 ;
0%
#29635000
b101100100 7
1%
#29640000
b101100100 ;
0%
#29645000
b101100101 7
1%
#29650000
b101100101 ;
0%
#29655000
b101100110 7
1%
#29660000
b101100110 ;
0%
#29665000
b101100111 7
1%
#29670000
b101100111 ;
0%
#29675000
b101101000 7
1%
#29680000
b101101000 ;
0%
#29685000
b101101001 7
1%
#29690000
b101101001 ;
0%
#29695000
b101101010 7
1%
#29700000
b101101010 ;
0%
#29705000
b101101011 7
1%
#29710000
b101101011 ;
0%
#29715000
b101101100 7
1%
#29720000
b101101100 ;
0%
#29725000
b101101101 7
1%
#29730000
b101101101 ;
0%
#29735000
b101101110 7
1%
#29740000
b101101110 ;
0%
#29745000
b101101111 7
1%
#29750000
b101101111 ;
0%
#29755000
b101110000 7
1%
#29760000
b101110000 ;
0%
#29765000
b101110001 7
1%
#29770000
b101110001 ;
0%
#29775000
b101110010 7
1%
#29780000
b101110010 ;
0%
#29785000
b101110011 7
1%
#29790000
b101110011 ;
0%
#29795000
b101110100 7
1%
#29800000
b101110100 ;
0%
#29805000
b101110101 7
1%
#29810000
b101110101 ;
0%
#29815000
b101110110 7
1%
#29820000
b101110110 ;
0%
#29825000
b101110111 7
1%
#29830000
b101110111 ;
0%
#29835000
b101111000 7
1%
#29840000
b101111000 ;
0%
#29845000
b101111001 7
1%
#29850000
b101111001 ;
0%
#29855000
b101111010 7
1%
#29860000
b101111010 ;
0%
#29865000
b101111011 7
1%
#29870000
b101111011 ;
0%
#29875000
b101111100 7
1%
#29880000
b101111100 ;
0%
#29885000
b101111101 7
1%
#29890000
b101111101 ;
0%
#29895000
b101111110 7
1%
#29900000
b101111110 ;
0%
#29905000
b101111111 7
1%
#29910000
b101111111 ;
0%
#29915000
b110000000 7
1%
#29920000
b110000000 ;
0%
#29925000
b110000001 7
1%
#29930000
b110000001 ;
0%
#29935000
b110000010 7
1%
#29940000
b110000010 ;
0%
#29945000
b110000011 7
1%
#29950000
b110000011 ;
0%
#29955000
b110000100 7
1%
#29960000
b110000100 ;
0%
#29965000
b110000101 7
1%
#29970000
b110000101 ;
0%
#29975000
b110000110 7
1%
#29980000
b110000110 ;
0%
#29985000
b110000111 7
1%
#29990000
b110000111 ;
0%
#29995000
b110001000 7
1%
#30000000
b110001000 ;
0%
#30005000
b110001001 7
1%
#30010000
b110001001 ;
0%
#30015000
b110001010 7
1%
#30020000
b110001010 ;
0%
#30025000
b110001011 7
1%
#30030000
b110001011 ;
0%
#30035000
b110001100 7
1%
#30040000
b110001100 ;
0%
#30045000
b110001101 7
1%
#30050000
b110001101 ;
0%
#30055000
b110001110 7
1%
#30060000
b110001110 ;
0%
#30065000
b110001111 7
1%
#30070000
b110001111 ;
0%
#30075000
b110010000 7
1%
#30080000
b110010000 ;
0%
#30085000
b110010001 7
1%
#30090000
b110010001 ;
0%
#30095000
b110010010 7
1%
#30100000
b110010010 ;
0%
#30105000
b110010011 7
1%
#30110000
b110010011 ;
0%
#30115000
b110010100 7
1%
#30120000
b110010100 ;
0%
#30125000
b110010101 7
1%
#30130000
b110010101 ;
0%
#30135000
b110010110 7
1%
#30140000
b110010110 ;
0%
#30145000
b110010111 7
1%
#30150000
b110010111 ;
0%
#30155000
b110011000 7
1%
#30160000
b110011000 ;
0%
#30165000
b110011001 7
1%
#30170000
b110011001 ;
0%
#30175000
b110011010 7
1%
#30180000
b110011010 ;
0%
#30185000
b110011011 7
1%
#30190000
b110011011 ;
0%
#30195000
b110011100 7
1%
#30200000
b110011100 ;
0%
#30205000
b110011101 7
1%
#30210000
b110011101 ;
0%
#30215000
b110011110 7
1%
#30220000
b110011110 ;
0%
#30225000
b110011111 7
1%
#30230000
b110011111 ;
0%
#30235000
b110100000 7
1%
#30240000
b110100000 ;
0%
#30245000
b110100001 7
1%
#30250000
b110100001 ;
0%
#30255000
b110100010 7
1%
#30260000
b110100010 ;
0%
#30265000
b110100011 7
1%
#30270000
b110100011 ;
0%
#30275000
b110100100 7
1%
#30280000
b110100100 ;
0%
#30285000
b110100101 7
1%
#30290000
b110100101 ;
0%
#30295000
b110100110 7
1%
#30300000
b110100110 ;
0%
#30305000
b110100111 7
1%
#30310000
b110100111 ;
0%
#30315000
b110101000 7
1%
#30320000
b110101000 ;
0%
#30325000
b110101001 7
1%
#30330000
b110101001 ;
0%
#30335000
b110101010 7
1%
#30340000
b110101010 ;
0%
#30345000
b110101011 7
1%
#30350000
b110101011 ;
0%
#30355000
b110101100 7
1%
#30360000
b110101100 ;
0%
#30365000
b110101101 7
1%
#30370000
b110101101 ;
0%
#30375000
b110101110 7
1%
#30380000
b110101110 ;
0%
#30385000
b110101111 7
1%
#30390000
b110101111 ;
0%
#30395000
b110110000 7
1%
#30400000
b110110000 ;
0%
#30405000
b110110001 7
1%
#30410000
b110110001 ;
0%
#30415000
0!
b101 3
b0 7
1%
#30420000
0:
b101 )
b0 ;
0%
#30425000
b1 7
1%
#30430000
b1 ;
0%
#30435000
b10 7
1%
#30440000
b10 ;
0%
#30445000
b11 7
1%
#30450000
b11 ;
0%
#30455000
b100 7
1%
#30460000
b100 ;
0%
#30465000
b101 7
1%
#30470000
b101 ;
0%
#30475000
b110 7
1%
#30480000
b110 ;
0%
#30485000
b111 7
1%
#30490000
b111 ;
0%
#30495000
b1000 7
1%
#30500000
b1000 ;
0%
#30505000
b1001 7
1%
#30510000
b1001 ;
0%
#30515000
b1010 7
1%
#30520000
b1010 ;
0%
#30525000
b1011 7
1%
#30530000
b1011 ;
0%
#30535000
b1100 7
1%
#30540000
b1100 ;
0%
#30545000
b1101 7
1%
#30550000
b1101 ;
0%
#30555000
b1110 7
1%
#30560000
b1110 ;
0%
#30565000
b1111 7
1%
#30570000
b1111 ;
0%
#30575000
b10000 7
1%
#30580000
b10000 ;
0%
#30585000
b10001 7
1%
#30590000
b10001 ;
0%
#30595000
b10010 7
1%
#30600000
b10010 ;
0%
#30605000
b10011 7
1%
#30610000
b10011 ;
0%
#30615000
b10100 7
1%
#30620000
b10100 ;
0%
#30625000
b10101 7
1%
#30630000
b10101 ;
0%
#30635000
b10110 7
1%
#30640000
b10110 ;
0%
#30645000
b10111 7
1%
#30650000
b10111 ;
0%
#30655000
b11000 7
1%
#30660000
b11000 ;
0%
#30665000
b11001 7
1%
#30670000
b11001 ;
0%
#30675000
b11010 7
1%
#30680000
b11010 ;
0%
#30685000
b11011 7
1%
#30690000
b11011 ;
0%
#30695000
b11100 7
1%
#30700000
b11100 ;
0%
#30705000
b11101 7
1%
#30710000
b11101 ;
0%
#30715000
b11110 7
1%
#30720000
b11110 ;
0%
#30725000
b11111 7
1%
#30730000
b11111 ;
0%
#30735000
b100000 7
1%
#30740000
b100000 ;
0%
#30745000
b100001 7
1%
#30750000
b100001 ;
0%
#30755000
b100010 7
1%
#30760000
b100010 ;
0%
#30765000
b100011 7
1%
#30770000
b100011 ;
0%
#30775000
b100100 7
1%
#30780000
b100100 ;
0%
#30785000
b100101 7
1%
#30790000
b100101 ;
0%
#30795000
b100110 7
1%
#30800000
b100110 ;
0%
#30805000
b100111 7
1%
#30810000
b100111 ;
0%
#30815000
b101000 7
1%
#30820000
b101000 ;
0%
#30825000
b101001 7
1%
#30830000
b101001 ;
0%
#30835000
b101010 7
1%
#30840000
b101010 ;
0%
#30845000
b101011 7
1%
#30850000
b101011 ;
0%
#30855000
b101100 7
1%
#30860000
b101100 ;
0%
#30865000
b101101 7
1%
#30870000
b101101 ;
0%
#30875000
b101110 7
1%
#30880000
b101110 ;
0%
#30885000
b101111 7
1%
#30890000
b101111 ;
0%
#30895000
b110000 7
1%
#30900000
b110000 ;
0%
#30905000
b110001 7
1%
#30910000
b110001 ;
0%
#30915000
b110010 7
1%
#30920000
b110010 ;
0%
#30925000
b110011 7
1%
#30930000
b110011 ;
0%
#30935000
b110100 7
1%
#30940000
b110100 ;
0%
#30945000
b110101 7
1%
#30950000
b110101 ;
0%
#30955000
b110110 7
1%
#30960000
b110110 ;
0%
#30965000
b110111 7
1%
#30970000
b110111 ;
0%
#30975000
b111000 7
1%
#30980000
b111000 ;
0%
#30985000
b111001 7
1%
#30990000
b111001 ;
0%
#30995000
b111010 7
1%
#31000000
b111010 ;
0%
#31005000
b111011 7
1%
#31010000
b111011 ;
0%
#31015000
b111100 7
1%
#31020000
b111100 ;
0%
#31025000
b111101 7
1%
#31030000
b111101 ;
0%
#31035000
b111110 7
1%
#31040000
b111110 ;
0%
#31045000
b111111 7
1%
#31050000
b111111 ;
0%
#31055000
b1000000 7
1%
#31060000
b1000000 ;
0%
#31065000
b1000001 7
1%
#31070000
b1000001 ;
0%
#31075000
b1000010 7
1%
#31080000
b1000010 ;
0%
#31085000
b1000011 7
1%
#31090000
b1000011 ;
0%
#31095000
b1000100 7
1%
#31100000
b1000100 ;
0%
#31105000
b1000101 7
1%
#31110000
b1000101 ;
0%
#31115000
b1000110 7
1%
#31120000
b1000110 ;
0%
#31125000
b1000111 7
1%
#31130000
b1000111 ;
0%
#31135000
b1001000 7
1%
#31140000
b1001000 ;
0%
#31145000
b1001001 7
1%
#31150000
b1001001 ;
0%
#31155000
b1001010 7
1%
#31160000
b1001010 ;
0%
#31165000
b1001011 7
1%
#31170000
b1001011 ;
0%
#31175000
b1001100 7
1%
#31180000
b1001100 ;
0%
#31185000
b1001101 7
1%
#31190000
b1001101 ;
0%
#31195000
b1001110 7
1%
#31200000
b1001110 ;
0%
#31205000
b1001111 7
1%
#31210000
b1001111 ;
0%
#31215000
b1010000 7
1%
#31220000
b1010000 ;
0%
#31225000
b1010001 7
1%
#31230000
b1010001 ;
0%
#31235000
b1010010 7
1%
#31240000
b1010010 ;
0%
#31245000
b1010011 7
1%
#31250000
b1010011 ;
0%
#31255000
b1010100 7
1%
#31260000
b1010100 ;
0%
#31265000
b1010101 7
1%
#31270000
b1010101 ;
0%
#31275000
b1010110 7
1%
#31280000
b1010110 ;
0%
#31285000
b1010111 7
1%
#31290000
b1010111 ;
0%
#31295000
b1011000 7
1%
#31300000
b1011000 ;
0%
#31305000
b1011001 7
1%
#31310000
b1011001 ;
0%
#31315000
b1011010 7
1%
#31320000
b1011010 ;
0%
#31325000
b1011011 7
1%
#31330000
b1011011 ;
0%
#31335000
b1011100 7
1%
#31340000
b1011100 ;
0%
#31345000
b1011101 7
1%
#31350000
b1011101 ;
0%
#31355000
b1011110 7
1%
#31360000
b1011110 ;
0%
#31365000
b1011111 7
1%
#31370000
b1011111 ;
0%
#31375000
b1100000 7
1%
#31380000
b1100000 ;
0%
#31385000
b1100001 7
1%
#31390000
b1100001 ;
0%
#31395000
b1100010 7
1%
#31400000
b1100010 ;
0%
#31405000
b1100011 7
1%
#31410000
b1100011 ;
0%
#31415000
b1100100 7
1%
#31420000
b1100100 ;
0%
#31425000
b1100101 7
1%
#31430000
b1100101 ;
0%
#31435000
b1100110 7
1%
#31440000
b1100110 ;
0%
#31445000
b1100111 7
1%
#31450000
b1100111 ;
0%
#31455000
b1101000 7
1%
#31460000
b1101000 ;
0%
#31465000
b1101001 7
1%
#31470000
b1101001 ;
0%
#31475000
b1101010 7
1%
#31480000
b1101010 ;
0%
#31485000
b1101011 7
1%
#31490000
b1101011 ;
0%
#31495000
b1101100 7
1%
#31500000
b1101100 ;
0%
#31505000
b1101101 7
1%
#31510000
b1101101 ;
0%
#31515000
b1101110 7
1%
#31520000
b1101110 ;
0%
#31525000
b1101111 7
1%
#31530000
b1101111 ;
0%
#31535000
b1110000 7
1%
#31540000
b1110000 ;
0%
#31545000
b1110001 7
1%
#31550000
b1110001 ;
0%
#31555000
b1110010 7
1%
#31560000
b1110010 ;
0%
#31565000
b1110011 7
1%
#31570000
b1110011 ;
0%
#31575000
b1110100 7
1%
#31580000
b1110100 ;
0%
#31585000
b1110101 7
1%
#31590000
b1110101 ;
0%
#31595000
b1110110 7
1%
#31600000
b1110110 ;
0%
#31605000
b1110111 7
1%
#31610000
b1110111 ;
0%
#31615000
b1111000 7
1%
#31620000
b1111000 ;
0%
#31625000
b1111001 7
1%
#31630000
b1111001 ;
0%
#31635000
b1111010 7
1%
#31640000
b1111010 ;
0%
#31645000
b1111011 7
1%
#31650000
b1111011 ;
0%
#31655000
b1111100 7
1%
#31660000
b1111100 ;
0%
#31665000
b1111101 7
1%
#31670000
b1111101 ;
0%
#31675000
b1111110 7
1%
#31680000
b1111110 ;
0%
#31685000
b1111111 7
1%
#31690000
b1111111 ;
0%
#31695000
b10000000 7
1%
#31700000
b10000000 ;
0%
#31705000
b10000001 7
1%
#31710000
b10000001 ;
0%
#31715000
b10000010 7
1%
#31720000
b10000010 ;
0%
#31725000
b10000011 7
1%
#31730000
b10000011 ;
0%
#31735000
b10000100 7
1%
#31740000
b10000100 ;
0%
#31745000
b10000101 7
1%
#31750000
b10000101 ;
0%
#31755000
b10000110 7
1%
#31760000
b10000110 ;
0%
#31765000
b10000111 7
1%
#31770000
b10000111 ;
0%
#31775000
b10001000 7
1%
#31780000
b10001000 ;
0%
#31785000
b10001001 7
1%
#31790000
b10001001 ;
0%
#31795000
b10001010 7
1%
#31800000
b10001010 ;
0%
#31805000
b10001011 7
1%
#31810000
b10001011 ;
0%
#31815000
b10001100 7
1%
#31820000
b10001100 ;
0%
#31825000
b10001101 7
1%
#31830000
b10001101 ;
0%
#31835000
b10001110 7
1%
#31840000
b10001110 ;
0%
#31845000
b10001111 7
1%
#31850000
b10001111 ;
0%
#31855000
b10010000 7
1%
#31860000
b10010000 ;
0%
#31865000
b10010001 7
1%
#31870000
b10010001 ;
0%
#31875000
b10010010 7
1%
#31880000
b10010010 ;
0%
#31885000
b10010011 7
1%
#31890000
b10010011 ;
0%
#31895000
b10010100 7
1%
#31900000
b10010100 ;
0%
#31905000
b10010101 7
1%
#31910000
b10010101 ;
0%
#31915000
b10010110 7
1%
#31920000
b10010110 ;
0%
#31925000
b10010111 7
1%
#31930000
b10010111 ;
0%
#31935000
b10011000 7
1%
#31940000
b10011000 ;
0%
#31945000
b10011001 7
1%
#31950000
b10011001 ;
0%
#31955000
b10011010 7
1%
#31960000
b10011010 ;
0%
#31965000
b10011011 7
1%
#31970000
b10011011 ;
0%
#31975000
b10011100 7
1%
#31980000
b10011100 ;
0%
#31985000
b10011101 7
1%
#31990000
b10011101 ;
0%
#31995000
b10011110 7
1%
#32000000
b10011110 ;
0%
#32005000
b10011111 7
1%
#32010000
b10011111 ;
0%
#32015000
b10100000 7
1%
#32020000
b10100000 ;
0%
#32025000
b10100001 7
1%
#32030000
b10100001 ;
0%
#32035000
b10100010 7
1%
#32040000
b10100010 ;
0%
#32045000
b10100011 7
1%
#32050000
b10100011 ;
0%
#32055000
b10100100 7
1%
#32060000
b10100100 ;
0%
#32065000
b10100101 7
1%
#32070000
b10100101 ;
0%
#32075000
b10100110 7
1%
#32080000
b10100110 ;
0%
#32085000
b10100111 7
1%
#32090000
b10100111 ;
0%
#32095000
b10101000 7
1%
#32100000
b10101000 ;
0%
#32105000
b10101001 7
1%
#32110000
b10101001 ;
0%
#32115000
b10101010 7
1%
#32120000
b10101010 ;
0%
#32125000
b10101011 7
1%
#32130000
b10101011 ;
0%
#32135000
b10101100 7
1%
#32140000
b10101100 ;
0%
#32145000
b10101101 7
1%
#32150000
b10101101 ;
0%
#32155000
b10101110 7
1%
#32160000
b10101110 ;
0%
#32165000
b10101111 7
1%
#32170000
b10101111 ;
0%
#32175000
b10110000 7
1%
#32180000
b10110000 ;
0%
#32185000
b10110001 7
1%
#32190000
b10110001 ;
0%
#32195000
b10110010 7
1%
#32200000
b10110010 ;
0%
#32205000
b10110011 7
1%
#32210000
b10110011 ;
0%
#32215000
b10110100 7
1%
#32220000
b10110100 ;
0%
#32225000
b10110101 7
1%
#32230000
b10110101 ;
0%
#32235000
b10110110 7
1%
#32240000
b10110110 ;
0%
#32245000
b10110111 7
1%
#32250000
b10110111 ;
0%
#32255000
b10111000 7
1%
#32260000
b10111000 ;
0%
#32265000
b10111001 7
1%
#32270000
b10111001 ;
0%
#32275000
b10111010 7
1%
#32280000
b10111010 ;
0%
#32285000
b10111011 7
1%
#32290000
b10111011 ;
0%
#32295000
b10111100 7
1%
#32300000
b10111100 ;
0%
#32305000
b10111101 7
1%
#32310000
b10111101 ;
0%
#32315000
b10111110 7
1%
#32320000
b10111110 ;
0%
#32325000
b10111111 7
1%
#32330000
b10111111 ;
0%
#32335000
b11000000 7
1%
#32340000
b11000000 ;
0%
#32345000
b11000001 7
1%
#32350000
b11000001 ;
0%
#32355000
b11000010 7
1%
#32360000
b11000010 ;
0%
#32365000
b11000011 7
1%
#32370000
b11000011 ;
0%
#32375000
b11000100 7
1%
#32380000
b11000100 ;
0%
#32385000
b11000101 7
1%
#32390000
b11000101 ;
0%
#32395000
b11000110 7
1%
#32400000
b11000110 ;
0%
#32405000
b11000111 7
1%
#32410000
b11000111 ;
0%
#32415000
b11001000 7
1%
#32420000
b11001000 ;
0%
#32425000
b11001001 7
1%
#32430000
b11001001 ;
0%
#32435000
b11001010 7
1%
#32440000
b11001010 ;
0%
#32445000
b11001011 7
1%
#32450000
b11001011 ;
0%
#32455000
b11001100 7
1%
#32460000
b11001100 ;
0%
#32465000
b11001101 7
1%
#32470000
b11001101 ;
0%
#32475000
b11001110 7
1%
#32480000
b11001110 ;
0%
#32485000
b11001111 7
1%
#32490000
b11001111 ;
0%
#32495000
b11010000 7
1%
#32500000
b11010000 ;
0%
#32505000
b11010001 7
1%
#32510000
b11010001 ;
0%
#32515000
b11010010 7
1%
#32520000
b11010010 ;
0%
#32525000
b11010011 7
1%
#32530000
b11010011 ;
0%
#32535000
b11010100 7
1%
#32540000
b11010100 ;
0%
#32545000
b11010101 7
1%
#32550000
b11010101 ;
0%
#32555000
b11010110 7
1%
#32560000
b11010110 ;
0%
#32565000
b11010111 7
1%
#32570000
b11010111 ;
0%
#32575000
b11011000 7
1%
#32580000
b11011000 ;
0%
#32585000
b11011001 7
1%
#32590000
b11011001 ;
0%
#32595000
b11011010 7
1%
#32600000
b11011010 ;
0%
#32605000
b11011011 7
1%
#32610000
b11011011 ;
0%
#32615000
b11011100 7
1%
#32620000
b11011100 ;
0%
#32625000
b11011101 7
1%
#32630000
b11011101 ;
0%
#32635000
b11011110 7
1%
#32640000
b11011110 ;
0%
#32645000
b11011111 7
1%
#32650000
b11011111 ;
0%
#32655000
b11100000 7
1%
#32660000
b11100000 ;
0%
#32665000
b11100001 7
1%
#32670000
b11100001 ;
0%
#32675000
b11100010 7
1%
#32680000
b11100010 ;
0%
#32685000
b11100011 7
1%
#32690000
b11100011 ;
0%
#32695000
b11100100 7
1%
#32700000
b11100100 ;
0%
#32705000
b11100101 7
1%
#32710000
b11100101 ;
0%
#32715000
b11100110 7
1%
#32720000
b11100110 ;
0%
#32725000
b11100111 7
1%
#32730000
b11100111 ;
0%
#32735000
b11101000 7
1%
#32740000
b11101000 ;
0%
#32745000
b11101001 7
1%
#32750000
b11101001 ;
0%
#32755000
b11101010 7
1%
#32760000
b11101010 ;
0%
#32765000
b11101011 7
1%
#32770000
b11101011 ;
0%
#32775000
b11101100 7
1%
#32780000
b11101100 ;
0%
#32785000
b11101101 7
1%
#32790000
b11101101 ;
0%
#32795000
b11101110 7
1%
#32800000
b11101110 ;
0%
#32805000
b11101111 7
1%
#32810000
b11101111 ;
0%
#32815000
b11110000 7
1%
#32820000
b11110000 ;
0%
#32825000
b11110001 7
1%
#32830000
b11110001 ;
0%
#32835000
b11110010 7
1%
#32840000
b11110010 ;
0%
#32845000
b11110011 7
1%
#32850000
b11110011 ;
0%
#32855000
b11110100 7
1%
#32860000
b11110100 ;
0%
#32865000
b11110101 7
1%
#32870000
b11110101 ;
0%
#32875000
b11110110 7
1%
#32880000
b11110110 ;
0%
#32885000
b11110111 7
1%
#32890000
b11110111 ;
0%
#32895000
b11111000 7
1%
#32900000
b11111000 ;
0%
#32905000
b11111001 7
1%
#32910000
b11111001 ;
0%
#32915000
b11111010 7
1%
#32920000
b11111010 ;
0%
#32925000
b11111011 7
1%
#32930000
b11111011 ;
0%
#32935000
b11111100 7
1%
#32940000
b11111100 ;
0%
#32945000
b11111101 7
1%
#32950000
b11111101 ;
0%
#32955000
b11111110 7
1%
#32960000
b11111110 ;
0%
#32965000
b11111111 7
1%
#32970000
b11111111 ;
0%
#32975000
b100000000 7
1%
#32980000
b100000000 ;
0%
#32985000
b100000001 7
1%
#32990000
b100000001 ;
0%
#32995000
b100000010 7
1%
#33000000
b100000010 ;
0%
#33005000
b100000011 7
1%
#33010000
b100000011 ;
0%
#33015000
b100000100 7
1%
#33020000
b100000100 ;
0%
#33025000
b100000101 7
1%
#33030000
b100000101 ;
0%
#33035000
b100000110 7
1%
#33040000
b100000110 ;
0%
#33045000
b100000111 7
1%
#33050000
b100000111 ;
0%
#33055000
b100001000 7
1%
#33060000
b100001000 ;
0%
#33065000
b100001001 7
1%
#33070000
b100001001 ;
0%
#33075000
b100001010 7
1%
#33080000
b100001010 ;
0%
#33085000
b100001011 7
1%
#33090000
b100001011 ;
0%
#33095000
b100001100 7
1%
#33100000
b100001100 ;
0%
#33105000
b100001101 7
1%
#33110000
b100001101 ;
0%
#33115000
b100001110 7
1%
#33120000
b100001110 ;
0%
#33125000
b100001111 7
1%
#33130000
b100001111 ;
0%
#33135000
b100010000 7
1%
#33140000
b100010000 ;
0%
#33145000
b100010001 7
1%
#33150000
b100010001 ;
0%
#33155000
b100010010 7
1%
#33160000
b100010010 ;
0%
#33165000
b100010011 7
1%
#33170000
b100010011 ;
0%
#33175000
b100010100 7
1%
#33180000
b100010100 ;
0%
#33185000
b100010101 7
1%
#33190000
b100010101 ;
0%
#33195000
b100010110 7
1%
#33200000
b100010110 ;
0%
#33205000
b100010111 7
1%
#33210000
b100010111 ;
0%
#33215000
b100011000 7
1%
#33220000
b100011000 ;
0%
#33225000
b100011001 7
1%
#33230000
b100011001 ;
0%
#33235000
b100011010 7
1%
#33240000
b100011010 ;
0%
#33245000
b100011011 7
1%
#33250000
b100011011 ;
0%
#33255000
b100011100 7
1%
#33260000
b100011100 ;
0%
#33265000
b100011101 7
1%
#33270000
b100011101 ;
0%
#33275000
b100011110 7
1%
#33280000
b100011110 ;
0%
#33285000
b100011111 7
1%
#33290000
b100011111 ;
0%
#33295000
b100100000 7
1%
#33300000
b100100000 ;
0%
#33305000
b100100001 7
1%
#33310000
b100100001 ;
0%
#33315000
b100100010 7
1%
#33320000
b100100010 ;
0%
#33325000
b100100011 7
1%
#33330000
b100100011 ;
0%
#33335000
b100100100 7
1%
#33340000
b100100100 ;
0%
#33345000
b100100101 7
1%
#33350000
b100100101 ;
0%
#33355000
b100100110 7
1%
#33360000
b100100110 ;
0%
#33365000
b100100111 7
1%
#33370000
b100100111 ;
0%
#33375000
b100101000 7
1%
#33380000
b100101000 ;
0%
#33385000
b100101001 7
1%
#33390000
b100101001 ;
0%
#33395000
b100101010 7
1%
#33400000
b100101010 ;
0%
#33405000
b100101011 7
1%
#33410000
b100101011 ;
0%
#33415000
b100101100 7
1%
#33420000
b100101100 ;
0%
#33425000
b100101101 7
1%
#33430000
b100101101 ;
0%
#33435000
b100101110 7
1%
#33440000
b100101110 ;
0%
#33445000
b100101111 7
1%
#33450000
b100101111 ;
0%
#33455000
b100110000 7
1%
#33460000
b100110000 ;
0%
#33465000
b100110001 7
1%
#33470000
b100110001 ;
0%
#33475000
b100110010 7
1%
#33480000
b100110010 ;
0%
#33485000
b100110011 7
1%
#33490000
b100110011 ;
0%
#33495000
b100110100 7
1%
#33500000
b100110100 ;
0%
#33505000
b100110101 7
1%
#33510000
b100110101 ;
0%
#33515000
b100110110 7
1%
#33520000
b100110110 ;
0%
#33525000
b100110111 7
1%
#33530000
b100110111 ;
0%
#33535000
b100111000 7
1%
#33540000
b100111000 ;
0%
#33545000
b100111001 7
1%
#33550000
b100111001 ;
0%
#33555000
b100111010 7
1%
#33560000
b100111010 ;
0%
#33565000
b100111011 7
1%
#33570000
b100111011 ;
0%
#33575000
b100111100 7
1%
#33580000
b100111100 ;
0%
#33585000
b100111101 7
1%
#33590000
b100111101 ;
0%
#33595000
b100111110 7
1%
#33600000
b100111110 ;
0%
#33605000
b100111111 7
1%
#33610000
b100111111 ;
0%
#33615000
b101000000 7
1%
#33620000
b101000000 ;
0%
#33625000
b101000001 7
1%
#33630000
b101000001 ;
0%
#33635000
b101000010 7
1%
#33640000
b101000010 ;
0%
#33645000
b101000011 7
1%
#33650000
b101000011 ;
0%
#33655000
b101000100 7
1%
#33660000
b101000100 ;
0%
#33665000
b101000101 7
1%
#33670000
b101000101 ;
0%
#33675000
b101000110 7
1%
#33680000
b101000110 ;
0%
#33685000
b101000111 7
1%
#33690000
b101000111 ;
0%
#33695000
b101001000 7
1%
#33700000
b101001000 ;
0%
#33705000
b101001001 7
1%
#33710000
b101001001 ;
0%
#33715000
b101001010 7
1%
#33720000
b101001010 ;
0%
#33725000
b101001011 7
1%
#33730000
b101001011 ;
0%
#33735000
b101001100 7
1%
#33740000
b101001100 ;
0%
#33745000
b101001101 7
1%
#33750000
b101001101 ;
0%
#33755000
b101001110 7
1%
#33760000
b101001110 ;
0%
#33765000
b101001111 7
1%
#33770000
b101001111 ;
0%
#33775000
b101010000 7
1%
#33780000
b101010000 ;
0%
#33785000
b101010001 7
1%
#33790000
b101010001 ;
0%
#33795000
b101010010 7
1%
#33800000
b101010010 ;
0%
#33805000
b101010011 7
1%
#33810000
b101010011 ;
0%
#33815000
b101010100 7
1%
#33820000
b101010100 ;
0%
#33825000
b101010101 7
1%
#33830000
b101010101 ;
0%
#33835000
b101010110 7
1%
#33840000
b101010110 ;
0%
#33845000
b101010111 7
1%
#33850000
b101010111 ;
0%
#33855000
b101011000 7
1%
#33860000
b101011000 ;
0%
#33865000
b101011001 7
1%
#33870000
b101011001 ;
0%
#33875000
b101011010 7
1%
#33880000
b101011010 ;
0%
#33885000
b101011011 7
1%
#33890000
b101011011 ;
0%
#33895000
b101011100 7
1%
#33900000
b101011100 ;
0%
#33905000
b101011101 7
1%
#33910000
b101011101 ;
0%
#33915000
b101011110 7
1%
#33920000
b101011110 ;
0%
#33925000
b101011111 7
1%
#33930000
b101011111 ;
0%
#33935000
b101100000 7
1%
#33940000
b101100000 ;
0%
#33945000
b101100001 7
1%
#33950000
b101100001 ;
0%
#33955000
b101100010 7
1%
#33960000
b101100010 ;
0%
#33965000
b101100011 7
1%
#33970000
b101100011 ;
0%
#33975000
b101100100 7
1%
#33980000
b101100100 ;
0%
#33985000
b101100101 7
1%
#33990000
b101100101 ;
0%
#33995000
b101100110 7
1%
#34000000
b101100110 ;
0%
#34005000
b101100111 7
1%
#34010000
b101100111 ;
0%
#34015000
b101101000 7
1%
#34020000
b101101000 ;
0%
#34025000
b101101001 7
1%
#34030000
b101101001 ;
0%
#34035000
b101101010 7
1%
#34040000
b101101010 ;
0%
#34045000
b101101011 7
1%
#34050000
b101101011 ;
0%
#34055000
b101101100 7
1%
#34060000
b101101100 ;
0%
#34065000
b101101101 7
1%
#34070000
b101101101 ;
0%
#34075000
b101101110 7
1%
#34080000
b101101110 ;
0%
#34085000
b101101111 7
1%
#34090000
b101101111 ;
0%
#34095000
b101110000 7
1%
#34100000
b101110000 ;
0%
#34105000
b101110001 7
1%
#34110000
b101110001 ;
0%
#34115000
b101110010 7
1%
#34120000
b101110010 ;
0%
#34125000
b101110011 7
1%
#34130000
b101110011 ;
0%
#34135000
b101110100 7
1%
#34140000
b101110100 ;
0%
#34145000
b101110101 7
1%
#34150000
b101110101 ;
0%
#34155000
b101110110 7
1%
#34160000
b101110110 ;
0%
#34165000
b101110111 7
1%
#34170000
b101110111 ;
0%
#34175000
b101111000 7
1%
#34180000
b101111000 ;
0%
#34185000
b101111001 7
1%
#34190000
b101111001 ;
0%
#34195000
b101111010 7
1%
#34200000
b101111010 ;
0%
#34205000
b101111011 7
1%
#34210000
b101111011 ;
0%
#34215000
b101111100 7
1%
#34220000
b101111100 ;
0%
#34225000
b101111101 7
1%
#34230000
b101111101 ;
0%
#34235000
b101111110 7
1%
#34240000
b101111110 ;
0%
#34245000
b101111111 7
1%
#34250000
b101111111 ;
0%
#34255000
b110000000 7
1%
#34260000
b110000000 ;
0%
#34265000
b110000001 7
1%
#34270000
b110000001 ;
0%
#34275000
b110000010 7
1%
#34280000
b110000010 ;
0%
#34285000
b110000011 7
1%
#34290000
b110000011 ;
0%
#34295000
b110000100 7
1%
#34300000
b110000100 ;
0%
#34305000
b110000101 7
1%
#34310000
b110000101 ;
0%
#34315000
b110000110 7
1%
#34320000
b110000110 ;
0%
#34325000
b110000111 7
1%
#34330000
b110000111 ;
0%
#34335000
b110001000 7
1%
#34340000
b110001000 ;
0%
#34345000
b110001001 7
1%
#34350000
b110001001 ;
0%
#34355000
b110001010 7
1%
#34360000
b110001010 ;
0%
#34365000
b110001011 7
1%
#34370000
b110001011 ;
0%
#34375000
b110001100 7
1%
#34380000
b110001100 ;
0%
#34385000
b110001101 7
1%
#34390000
b110001101 ;
0%
#34395000
b110001110 7
1%
#34400000
b110001110 ;
0%
#34405000
b110001111 7
1%
#34410000
b110001111 ;
0%
#34415000
b110010000 7
1%
#34420000
b110010000 ;
0%
#34425000
b110010001 7
1%
#34430000
b110010001 ;
0%
#34435000
b110010010 7
1%
#34440000
b110010010 ;
0%
#34445000
b110010011 7
1%
#34450000
b110010011 ;
0%
#34455000
b110010100 7
1%
#34460000
b110010100 ;
0%
#34465000
b110010101 7
1%
#34470000
b110010101 ;
0%
#34475000
b110010110 7
1%
#34480000
b110010110 ;
0%
#34485000
b110010111 7
1%
#34490000
b110010111 ;
0%
#34495000
b110011000 7
1%
#34500000
b110011000 ;
0%
#34505000
b110011001 7
1%
#34510000
b110011001 ;
0%
#34515000
b110011010 7
1%
#34520000
b110011010 ;
0%
#34525000
b110011011 7
1%
#34530000
b110011011 ;
0%
#34535000
b110011100 7
1%
#34540000
b110011100 ;
0%
#34545000
b110011101 7
1%
#34550000
b110011101 ;
0%
#34555000
b110011110 7
1%
#34560000
b110011110 ;
0%
#34565000
b110011111 7
1%
#34570000
b110011111 ;
0%
#34575000
b110100000 7
1%
#34580000
b110100000 ;
0%
#34585000
b110100001 7
1%
#34590000
b110100001 ;
0%
#34595000
b110100010 7
1%
#34600000
b110100010 ;
0%
#34605000
b110100011 7
1%
#34610000
b110100011 ;
0%
#34615000
b110100100 7
1%
#34620000
b110100100 ;
0%
#34625000
b110100101 7
1%
#34630000
b110100101 ;
0%
#34635000
b110100110 7
1%
#34640000
b110100110 ;
0%
#34645000
b110100111 7
1%
#34650000
b110100111 ;
0%
#34655000
b110101000 7
1%
#34660000
b110101000 ;
0%
#34665000
b110101001 7
1%
#34670000
b110101001 ;
0%
#34675000
b110101010 7
1%
#34680000
b110101010 ;
0%
#34685000
b110101011 7
1%
#34690000
b110101011 ;
0%
#34695000
b110101100 7
1%
#34700000
b110101100 ;
0%
#34705000
b110101101 7
1%
#34710000
b110101101 ;
0%
#34715000
b110101110 7
1%
#34720000
b110101110 ;
0%
#34725000
b110101111 7
1%
#34730000
b110101111 ;
0%
#34735000
b110110000 7
1%
#34740000
b110110000 ;
0%
#34745000
b110110001 7
1%
#34750000
b110110001 ;
0%
#34755000
1!
b110 3
b0 7
1%
#34760000
1:
b110 )
b0 ;
0%
#34765000
b1 7
1%
#34770000
b1 ;
0%
#34775000
b10 7
1%
#34780000
b10 ;
0%
#34785000
b11 7
1%
#34790000
b11 ;
0%
#34795000
b100 7
1%
#34800000
b100 ;
0%
#34805000
b101 7
1%
#34810000
b101 ;
0%
#34815000
b110 7
1%
#34820000
b110 ;
0%
#34825000
b111 7
1%
#34830000
b111 ;
0%
#34835000
b1000 7
1%
#34840000
b1000 ;
0%
#34845000
b1001 7
1%
#34850000
b1001 ;
0%
#34855000
b1010 7
1%
#34860000
b1010 ;
0%
#34865000
b1011 7
1%
#34870000
b1011 ;
0%
#34875000
b1100 7
1%
#34880000
b1100 ;
0%
#34885000
b1101 7
1%
#34890000
b1101 ;
0%
#34895000
b1110 7
1%
#34900000
b1110 ;
0%
#34905000
b1111 7
1%
#34910000
b1111 ;
0%
#34915000
b10000 7
1%
#34920000
b10000 ;
0%
#34925000
b10001 7
1%
#34930000
b10001 ;
0%
#34935000
b10010 7
1%
#34940000
b10010 ;
0%
#34945000
b10011 7
1%
#34950000
b10011 ;
0%
#34955000
b10100 7
1%
#34960000
b10100 ;
0%
#34965000
b10101 7
1%
#34970000
b10101 ;
0%
#34975000
b10110 7
1%
#34980000
b10110 ;
0%
#34985000
b10111 7
1%
#34990000
b10111 ;
0%
#34995000
b11000 7
1%
#35000000
b11000 ;
0%
#35005000
b11001 7
1%
#35010000
b11001 ;
0%
#35015000
b11010 7
1%
#35020000
b11010 ;
0%
#35025000
b11011 7
1%
#35030000
b11011 ;
0%
#35035000
b11100 7
1%
#35040000
b11100 ;
0%
#35045000
b11101 7
1%
#35050000
b11101 ;
0%
#35055000
b11110 7
1%
#35060000
b11110 ;
0%
#35065000
b11111 7
1%
#35070000
b11111 ;
0%
#35075000
b100000 7
1%
#35080000
b100000 ;
0%
#35085000
b100001 7
1%
#35090000
b100001 ;
0%
#35095000
b100010 7
1%
#35100000
b100010 ;
0%
#35105000
b100011 7
1%
#35110000
b100011 ;
0%
#35115000
b100100 7
1%
#35120000
b100100 ;
0%
#35125000
b100101 7
1%
#35130000
b100101 ;
0%
#35135000
b100110 7
1%
#35140000
b100110 ;
0%
#35145000
b100111 7
1%
#35150000
b100111 ;
0%
#35155000
b101000 7
1%
#35160000
b101000 ;
0%
#35165000
b101001 7
1%
#35170000
b101001 ;
0%
#35175000
b101010 7
1%
#35180000
b101010 ;
0%
#35185000
b101011 7
1%
#35190000
b101011 ;
0%
#35195000
b101100 7
1%
#35200000
b101100 ;
0%
#35205000
b101101 7
1%
#35210000
b101101 ;
0%
#35215000
b101110 7
1%
#35220000
b101110 ;
0%
#35225000
b101111 7
1%
#35230000
b101111 ;
0%
#35235000
b110000 7
1%
#35240000
b110000 ;
0%
#35245000
b110001 7
1%
#35250000
b110001 ;
0%
#35255000
b110010 7
1%
#35260000
b110010 ;
0%
#35265000
b110011 7
1%
#35270000
b110011 ;
0%
#35275000
b110100 7
1%
#35280000
b110100 ;
0%
#35285000
b110101 7
1%
#35290000
b110101 ;
0%
#35295000
b110110 7
1%
#35300000
b110110 ;
0%
#35305000
b110111 7
1%
#35310000
b110111 ;
0%
#35315000
b111000 7
1%
#35320000
b111000 ;
0%
#35325000
b111001 7
1%
#35330000
b111001 ;
0%
#35335000
b111010 7
1%
#35340000
b111010 ;
0%
#35345000
b111011 7
1%
#35350000
b111011 ;
0%
#35355000
b111100 7
1%
#35360000
b111100 ;
0%
#35365000
b111101 7
1%
#35370000
b111101 ;
0%
#35375000
b111110 7
1%
#35380000
b111110 ;
0%
#35385000
b111111 7
1%
#35390000
b111111 ;
0%
#35395000
b1000000 7
1%
#35400000
b1000000 ;
0%
#35405000
b1000001 7
1%
#35410000
b1000001 ;
0%
#35415000
b1000010 7
1%
#35420000
b1000010 ;
0%
#35425000
b1000011 7
1%
#35430000
b1000011 ;
0%
#35435000
b1000100 7
1%
#35440000
b1000100 ;
0%
#35445000
b1000101 7
1%
#35450000
b1000101 ;
0%
#35455000
b1000110 7
1%
#35460000
b1000110 ;
0%
#35465000
b1000111 7
1%
#35470000
b1000111 ;
0%
#35475000
b1001000 7
1%
#35480000
b1001000 ;
0%
#35485000
b1001001 7
1%
#35490000
b1001001 ;
0%
#35495000
b1001010 7
1%
#35500000
b1001010 ;
0%
#35505000
b1001011 7
1%
#35510000
b1001011 ;
0%
#35515000
b1001100 7
1%
#35520000
b1001100 ;
0%
#35525000
b1001101 7
1%
#35530000
b1001101 ;
0%
#35535000
b1001110 7
1%
#35540000
b1001110 ;
0%
#35545000
b1001111 7
1%
#35550000
b1001111 ;
0%
#35555000
b1010000 7
1%
#35560000
b1010000 ;
0%
#35565000
b1010001 7
1%
#35570000
b1010001 ;
0%
#35575000
b1010010 7
1%
#35580000
b1010010 ;
0%
#35585000
b1010011 7
1%
#35590000
b1010011 ;
0%
#35595000
b1010100 7
1%
#35600000
b1010100 ;
0%
#35605000
b1010101 7
1%
#35610000
b1010101 ;
0%
#35615000
b1010110 7
1%
#35620000
b1010110 ;
0%
#35625000
b1010111 7
1%
#35630000
b1010111 ;
0%
#35635000
b1011000 7
1%
#35640000
b1011000 ;
0%
#35645000
b1011001 7
1%
#35650000
b1011001 ;
0%
#35655000
b1011010 7
1%
#35660000
b1011010 ;
0%
#35665000
b1011011 7
1%
#35670000
b1011011 ;
0%
#35675000
b1011100 7
1%
#35680000
b1011100 ;
0%
#35685000
b1011101 7
1%
#35690000
b1011101 ;
0%
#35695000
b1011110 7
1%
#35700000
b1011110 ;
0%
#35705000
b1011111 7
1%
#35710000
b1011111 ;
0%
#35715000
b1100000 7
1%
#35720000
b1100000 ;
0%
#35725000
b1100001 7
1%
#35730000
b1100001 ;
0%
#35735000
b1100010 7
1%
#35740000
b1100010 ;
0%
#35745000
b1100011 7
1%
#35750000
b1100011 ;
0%
#35755000
b1100100 7
1%
#35760000
b1100100 ;
0%
#35765000
b1100101 7
1%
#35770000
b1100101 ;
0%
#35775000
b1100110 7
1%
#35780000
b1100110 ;
0%
#35785000
b1100111 7
1%
#35790000
b1100111 ;
0%
#35795000
b1101000 7
1%
#35800000
b1101000 ;
0%
#35805000
b1101001 7
1%
#35810000
b1101001 ;
0%
#35815000
b1101010 7
1%
#35820000
b1101010 ;
0%
#35825000
b1101011 7
1%
#35830000
b1101011 ;
0%
#35835000
b1101100 7
1%
#35840000
b1101100 ;
0%
#35845000
b1101101 7
1%
#35850000
b1101101 ;
0%
#35855000
b1101110 7
1%
#35860000
b1101110 ;
0%
#35865000
b1101111 7
1%
#35870000
b1101111 ;
0%
#35875000
b1110000 7
1%
#35880000
b1110000 ;
0%
#35885000
b1110001 7
1%
#35890000
b1110001 ;
0%
#35895000
b1110010 7
1%
#35900000
b1110010 ;
0%
#35905000
b1110011 7
1%
#35910000
b1110011 ;
0%
#35915000
b1110100 7
1%
#35920000
b1110100 ;
0%
#35925000
b1110101 7
1%
#35930000
b1110101 ;
0%
#35935000
b1110110 7
1%
#35940000
b1110110 ;
0%
#35945000
b1110111 7
1%
#35950000
b1110111 ;
0%
#35955000
b1111000 7
1%
#35960000
b1111000 ;
0%
#35965000
b1111001 7
1%
#35970000
b1111001 ;
0%
#35975000
b1111010 7
1%
#35980000
b1111010 ;
0%
#35985000
b1111011 7
1%
#35990000
b1111011 ;
0%
#35995000
b1111100 7
1%
#36000000
b1111100 ;
0%
#36005000
b1111101 7
1%
#36010000
b1111101 ;
0%
#36015000
b1111110 7
1%
#36020000
b1111110 ;
0%
#36025000
b1111111 7
1%
#36030000
b1111111 ;
0%
#36035000
b10000000 7
1%
#36040000
b10000000 ;
0%
#36045000
b10000001 7
1%
#36050000
b10000001 ;
0%
#36055000
b10000010 7
1%
#36060000
b10000010 ;
0%
#36065000
b10000011 7
1%
#36070000
b10000011 ;
0%
#36075000
b10000100 7
1%
#36080000
b10000100 ;
0%
#36085000
b10000101 7
1%
#36090000
b10000101 ;
0%
#36095000
b10000110 7
1%
#36100000
b10000110 ;
0%
#36105000
b10000111 7
1%
#36110000
b10000111 ;
0%
#36115000
b10001000 7
1%
#36120000
b10001000 ;
0%
#36125000
b10001001 7
1%
#36130000
b10001001 ;
0%
#36135000
b10001010 7
1%
#36140000
b10001010 ;
0%
#36145000
b10001011 7
1%
#36150000
b10001011 ;
0%
#36155000
b10001100 7
1%
#36160000
b10001100 ;
0%
#36165000
b10001101 7
1%
#36170000
b10001101 ;
0%
#36175000
b10001110 7
1%
#36180000
b10001110 ;
0%
#36185000
b10001111 7
1%
#36190000
b10001111 ;
0%
#36195000
b10010000 7
1%
#36200000
b10010000 ;
0%
#36205000
b10010001 7
1%
#36210000
b10010001 ;
0%
#36215000
b10010010 7
1%
#36220000
b10010010 ;
0%
#36225000
b10010011 7
1%
#36230000
b10010011 ;
0%
#36235000
b10010100 7
1%
#36240000
b10010100 ;
0%
#36245000
b10010101 7
1%
#36250000
b10010101 ;
0%
#36255000
b10010110 7
1%
#36260000
b10010110 ;
0%
#36265000
b10010111 7
1%
#36270000
b10010111 ;
0%
#36275000
b10011000 7
1%
#36280000
b10011000 ;
0%
#36285000
b10011001 7
1%
#36290000
b10011001 ;
0%
#36295000
b10011010 7
1%
#36300000
b10011010 ;
0%
#36305000
b10011011 7
1%
#36310000
b10011011 ;
0%
#36315000
b10011100 7
1%
#36320000
b10011100 ;
0%
#36325000
b10011101 7
1%
#36330000
b10011101 ;
0%
#36335000
b10011110 7
1%
#36340000
b10011110 ;
0%
#36345000
b10011111 7
1%
#36350000
b10011111 ;
0%
#36355000
b10100000 7
1%
#36360000
b10100000 ;
0%
#36365000
b10100001 7
1%
#36370000
b10100001 ;
0%
#36375000
b10100010 7
1%
#36380000
b10100010 ;
0%
#36385000
b10100011 7
1%
#36390000
b10100011 ;
0%
#36395000
b10100100 7
1%
#36400000
b10100100 ;
0%
#36405000
b10100101 7
1%
#36410000
b10100101 ;
0%
#36415000
b10100110 7
1%
#36420000
b10100110 ;
0%
#36425000
b10100111 7
1%
#36430000
b10100111 ;
0%
#36435000
b10101000 7
1%
#36440000
b10101000 ;
0%
#36445000
b10101001 7
1%
#36450000
b10101001 ;
0%
#36455000
b10101010 7
1%
#36460000
b10101010 ;
0%
#36465000
b10101011 7
1%
#36470000
b10101011 ;
0%
#36475000
b10101100 7
1%
#36480000
b10101100 ;
0%
#36485000
b10101101 7
1%
#36490000
b10101101 ;
0%
#36495000
b10101110 7
1%
#36500000
b10101110 ;
0%
#36505000
b10101111 7
1%
#36510000
b10101111 ;
0%
#36515000
b10110000 7
1%
#36520000
b10110000 ;
0%
#36525000
b10110001 7
1%
#36530000
b10110001 ;
0%
#36535000
b10110010 7
1%
#36540000
b10110010 ;
0%
#36545000
b10110011 7
1%
#36550000
b10110011 ;
0%
#36555000
b10110100 7
1%
#36560000
b10110100 ;
0%
#36565000
b10110101 7
1%
#36570000
b10110101 ;
0%
#36575000
b10110110 7
1%
#36580000
b10110110 ;
0%
#36585000
b10110111 7
1%
#36590000
b10110111 ;
0%
#36595000
b10111000 7
1%
#36600000
b10111000 ;
0%
#36605000
b10111001 7
1%
#36610000
b10111001 ;
0%
#36615000
b10111010 7
1%
#36620000
b10111010 ;
0%
#36625000
b10111011 7
1%
#36630000
b10111011 ;
0%
#36635000
b10111100 7
1%
#36640000
b10111100 ;
0%
#36645000
b10111101 7
1%
#36650000
b10111101 ;
0%
#36655000
b10111110 7
1%
#36660000
b10111110 ;
0%
#36665000
b10111111 7
1%
#36670000
b10111111 ;
0%
#36675000
b11000000 7
1%
#36680000
b11000000 ;
0%
#36685000
b11000001 7
1%
#36690000
b11000001 ;
0%
#36695000
b11000010 7
1%
#36700000
b11000010 ;
0%
#36705000
b11000011 7
1%
#36710000
b11000011 ;
0%
#36715000
b11000100 7
1%
#36720000
b11000100 ;
0%
#36725000
b11000101 7
1%
#36730000
b11000101 ;
0%
#36735000
b11000110 7
1%
#36740000
b11000110 ;
0%
#36745000
b11000111 7
1%
#36750000
b11000111 ;
0%
#36755000
b11001000 7
1%
#36760000
b11001000 ;
0%
#36765000
b11001001 7
1%
#36770000
b11001001 ;
0%
#36775000
b11001010 7
1%
#36780000
b11001010 ;
0%
#36785000
b11001011 7
1%
#36790000
b11001011 ;
0%
#36795000
b11001100 7
1%
#36800000
b11001100 ;
0%
#36805000
b11001101 7
1%
#36810000
b11001101 ;
0%
#36815000
b11001110 7
1%
#36820000
b11001110 ;
0%
#36825000
b11001111 7
1%
#36830000
b11001111 ;
0%
#36835000
b11010000 7
1%
#36840000
b11010000 ;
0%
#36845000
b11010001 7
1%
#36850000
b11010001 ;
0%
#36855000
b11010010 7
1%
#36860000
b11010010 ;
0%
#36865000
b11010011 7
1%
#36870000
b11010011 ;
0%
#36875000
b11010100 7
1%
#36880000
b11010100 ;
0%
#36885000
b11010101 7
1%
#36890000
b11010101 ;
0%
#36895000
b11010110 7
1%
#36900000
b11010110 ;
0%
#36905000
b11010111 7
1%
#36910000
b11010111 ;
0%
#36915000
b11011000 7
1%
#36920000
b11011000 ;
0%
#36925000
b11011001 7
1%
#36930000
b11011001 ;
0%
#36935000
b11011010 7
1%
#36940000
b11011010 ;
0%
#36945000
b11011011 7
1%
#36950000
b11011011 ;
0%
#36955000
b11011100 7
1%
#36960000
b11011100 ;
0%
#36965000
b11011101 7
1%
#36970000
b11011101 ;
0%
#36975000
b11011110 7
1%
#36980000
b11011110 ;
0%
#36985000
b11011111 7
1%
#36990000
b11011111 ;
0%
#36995000
b11100000 7
1%
#37000000
b11100000 ;
0%
#37005000
b11100001 7
1%
#37010000
b11100001 ;
0%
#37015000
b11100010 7
1%
#37020000
b11100010 ;
0%
#37025000
b11100011 7
1%
#37030000
b11100011 ;
0%
#37035000
b11100100 7
1%
#37040000
b11100100 ;
0%
#37045000
b11100101 7
1%
#37050000
b11100101 ;
0%
#37055000
b11100110 7
1%
#37060000
b11100110 ;
0%
#37065000
b11100111 7
1%
#37070000
b11100111 ;
0%
#37075000
b11101000 7
1%
#37080000
b11101000 ;
0%
#37085000
b11101001 7
1%
#37090000
b11101001 ;
0%
#37095000
b11101010 7
1%
#37100000
b11101010 ;
0%
#37105000
b11101011 7
1%
#37110000
b11101011 ;
0%
#37115000
b11101100 7
1%
#37120000
b11101100 ;
0%
#37125000
b11101101 7
1%
#37130000
b11101101 ;
0%
#37135000
b11101110 7
1%
#37140000
b11101110 ;
0%
#37145000
b11101111 7
1%
#37150000
b11101111 ;
0%
#37155000
b11110000 7
1%
#37160000
b11110000 ;
0%
#37165000
b11110001 7
1%
#37170000
b11110001 ;
0%
#37175000
b11110010 7
1%
#37180000
b11110010 ;
0%
#37185000
b11110011 7
1%
#37190000
b11110011 ;
0%
#37195000
b11110100 7
1%
#37200000
b11110100 ;
0%
#37205000
b11110101 7
1%
#37210000
b11110101 ;
0%
#37215000
b11110110 7
1%
#37220000
b11110110 ;
0%
#37225000
b11110111 7
1%
#37230000
b11110111 ;
0%
#37235000
b11111000 7
1%
#37240000
b11111000 ;
0%
#37245000
b11111001 7
1%
#37250000
b11111001 ;
0%
#37255000
b11111010 7
1%
#37260000
b11111010 ;
0%
#37265000
b11111011 7
1%
#37270000
b11111011 ;
0%
#37275000
b11111100 7
1%
#37280000
b11111100 ;
0%
#37285000
b11111101 7
1%
#37290000
b11111101 ;
0%
#37295000
b11111110 7
1%
#37300000
b11111110 ;
0%
#37305000
b11111111 7
1%
#37310000
b11111111 ;
0%
#37315000
b100000000 7
1%
#37320000
b100000000 ;
0%
#37325000
b100000001 7
1%
#37330000
b100000001 ;
0%
#37335000
b100000010 7
1%
#37340000
b100000010 ;
0%
#37345000
b100000011 7
1%
#37350000
b100000011 ;
0%
#37355000
b100000100 7
1%
#37360000
b100000100 ;
0%
#37365000
b100000101 7
1%
#37370000
b100000101 ;
0%
#37375000
b100000110 7
1%
#37380000
b100000110 ;
0%
#37385000
b100000111 7
1%
#37390000
b100000111 ;
0%
#37395000
b100001000 7
1%
#37400000
b100001000 ;
0%
#37405000
b100001001 7
1%
#37410000
b100001001 ;
0%
#37415000
b100001010 7
1%
#37420000
b100001010 ;
0%
#37425000
b100001011 7
1%
#37430000
b100001011 ;
0%
#37435000
b100001100 7
1%
#37440000
b100001100 ;
0%
#37445000
b100001101 7
1%
#37450000
b100001101 ;
0%
#37455000
b100001110 7
1%
#37460000
b100001110 ;
0%
#37465000
b100001111 7
1%
#37470000
b100001111 ;
0%
#37475000
b100010000 7
1%
#37480000
b100010000 ;
0%
#37485000
b100010001 7
1%
#37490000
b100010001 ;
0%
#37495000
b100010010 7
1%
#37500000
b100010010 ;
0%
#37505000
b100010011 7
1%
#37510000
b100010011 ;
0%
#37515000
b100010100 7
1%
#37520000
b100010100 ;
0%
#37525000
b100010101 7
1%
#37530000
b100010101 ;
0%
#37535000
b100010110 7
1%
#37540000
b100010110 ;
0%
#37545000
b100010111 7
1%
#37550000
b100010111 ;
0%
#37555000
b100011000 7
1%
#37560000
b100011000 ;
0%
#37565000
b100011001 7
1%
#37570000
b100011001 ;
0%
#37575000
b100011010 7
1%
#37580000
b100011010 ;
0%
#37585000
b100011011 7
1%
#37590000
b100011011 ;
0%
#37595000
b100011100 7
1%
#37600000
b100011100 ;
0%
#37605000
b100011101 7
1%
#37610000
b100011101 ;
0%
#37615000
b100011110 7
1%
#37620000
b100011110 ;
0%
#37625000
b100011111 7
1%
#37630000
b100011111 ;
0%
#37635000
b100100000 7
1%
#37640000
b100100000 ;
0%
#37645000
b100100001 7
1%
#37650000
b100100001 ;
0%
#37655000
b100100010 7
1%
#37660000
b100100010 ;
0%
#37665000
b100100011 7
1%
#37670000
b100100011 ;
0%
#37675000
b100100100 7
1%
#37680000
b100100100 ;
0%
#37685000
b100100101 7
1%
#37690000
b100100101 ;
0%
#37695000
b100100110 7
1%
#37700000
b100100110 ;
0%
#37705000
b100100111 7
1%
#37710000
b100100111 ;
0%
#37715000
b100101000 7
1%
#37720000
b100101000 ;
0%
#37725000
b100101001 7
1%
#37730000
b100101001 ;
0%
#37735000
b100101010 7
1%
#37740000
b100101010 ;
0%
#37745000
b100101011 7
1%
#37750000
b100101011 ;
0%
#37755000
b100101100 7
1%
#37760000
b100101100 ;
0%
#37765000
b100101101 7
1%
#37770000
b100101101 ;
0%
#37775000
b100101110 7
1%
#37780000
b100101110 ;
0%
#37785000
b100101111 7
1%
#37790000
b100101111 ;
0%
#37795000
b100110000 7
1%
#37800000
b100110000 ;
0%
#37805000
b100110001 7
1%
#37810000
b100110001 ;
0%
#37815000
b100110010 7
1%
#37820000
b100110010 ;
0%
#37825000
b100110011 7
1%
#37830000
b100110011 ;
0%
#37835000
b100110100 7
1%
#37840000
b100110100 ;
0%
#37845000
b100110101 7
1%
#37850000
b100110101 ;
0%
#37855000
b100110110 7
1%
#37860000
b100110110 ;
0%
#37865000
b100110111 7
1%
#37870000
b100110111 ;
0%
#37875000
b100111000 7
1%
#37880000
b100111000 ;
0%
#37885000
b100111001 7
1%
#37890000
b100111001 ;
0%
#37895000
b100111010 7
1%
#37900000
b100111010 ;
0%
#37905000
b100111011 7
1%
#37910000
b100111011 ;
0%
#37915000
b100111100 7
1%
#37920000
b100111100 ;
0%
#37925000
b100111101 7
1%
#37930000
b100111101 ;
0%
#37935000
b100111110 7
1%
#37940000
b100111110 ;
0%
#37945000
b100111111 7
1%
#37950000
b100111111 ;
0%
#37955000
b101000000 7
1%
#37960000
b101000000 ;
0%
#37965000
b101000001 7
1%
#37970000
b101000001 ;
0%
#37975000
b101000010 7
1%
#37980000
b101000010 ;
0%
#37985000
b101000011 7
1%
#37990000
b101000011 ;
0%
#37995000
b101000100 7
1%
#38000000
b101000100 ;
0%
#38005000
b101000101 7
1%
#38010000
b101000101 ;
0%
#38015000
b101000110 7
1%
#38020000
b101000110 ;
0%
#38025000
b101000111 7
1%
#38030000
b101000111 ;
0%
#38035000
b101001000 7
1%
#38040000
b101001000 ;
0%
#38045000
b101001001 7
1%
#38050000
b101001001 ;
0%
#38055000
b101001010 7
1%
#38060000
b101001010 ;
0%
#38065000
b101001011 7
1%
#38070000
b101001011 ;
0%
#38075000
b101001100 7
1%
#38080000
b101001100 ;
0%
#38085000
b101001101 7
1%
#38090000
b101001101 ;
0%
#38095000
b101001110 7
1%
#38100000
b101001110 ;
0%
#38105000
b101001111 7
1%
#38110000
b101001111 ;
0%
#38115000
b101010000 7
1%
#38120000
b101010000 ;
0%
#38125000
b101010001 7
1%
#38130000
b101010001 ;
0%
#38135000
b101010010 7
1%
#38140000
b101010010 ;
0%
#38145000
b101010011 7
1%
#38150000
b101010011 ;
0%
#38155000
b101010100 7
1%
#38160000
b101010100 ;
0%
#38165000
b101010101 7
1%
#38170000
b101010101 ;
0%
#38175000
b101010110 7
1%
#38180000
b101010110 ;
0%
#38185000
b101010111 7
1%
#38190000
b101010111 ;
0%
#38195000
b101011000 7
1%
#38200000
b101011000 ;
0%
#38205000
b101011001 7
1%
#38210000
b101011001 ;
0%
#38215000
b101011010 7
1%
#38220000
b101011010 ;
0%
#38225000
b101011011 7
1%
#38230000
b101011011 ;
0%
#38235000
b101011100 7
1%
#38240000
b101011100 ;
0%
#38245000
b101011101 7
1%
#38250000
b101011101 ;
0%
#38255000
b101011110 7
1%
#38260000
b101011110 ;
0%
#38265000
b101011111 7
1%
#38270000
b101011111 ;
0%
#38275000
b101100000 7
1%
#38280000
b101100000 ;
0%
#38285000
b101100001 7
1%
#38290000
b101100001 ;
0%
#38295000
b101100010 7
1%
#38300000
b101100010 ;
0%
#38305000
b101100011 7
1%
#38310000
b101100011 ;
0%
#38315000
b101100100 7
1%
#38320000
b101100100 ;
0%
#38325000
b101100101 7
1%
#38330000
b101100101 ;
0%
#38335000
b101100110 7
1%
#38340000
b101100110 ;
0%
#38345000
b101100111 7
1%
#38350000
b101100111 ;
0%
#38355000
b101101000 7
1%
#38360000
b101101000 ;
0%
#38365000
b101101001 7
1%
#38370000
b101101001 ;
0%
#38375000
b101101010 7
1%
#38380000
b101101010 ;
0%
#38385000
b101101011 7
1%
#38390000
b101101011 ;
0%
#38395000
b101101100 7
1%
#38400000
b101101100 ;
0%
#38405000
b101101101 7
1%
#38410000
b101101101 ;
0%
#38415000
b101101110 7
1%
#38420000
b101101110 ;
0%
#38425000
b101101111 7
1%
#38430000
b101101111 ;
0%
#38435000
b101110000 7
1%
#38440000
b101110000 ;
0%
#38445000
b101110001 7
1%
#38450000
b101110001 ;
0%
#38455000
b101110010 7
1%
#38460000
b101110010 ;
0%
#38465000
b101110011 7
1%
#38470000
b101110011 ;
0%
#38475000
b101110100 7
1%
#38480000
b101110100 ;
0%
#38485000
b101110101 7
1%
#38490000
b101110101 ;
0%
#38495000
b101110110 7
1%
#38500000
b101110110 ;
0%
#38505000
b101110111 7
1%
#38510000
b101110111 ;
0%
#38515000
b101111000 7
1%
#38520000
b101111000 ;
0%
#38525000
b101111001 7
1%
#38530000
b101111001 ;
0%
#38535000
b101111010 7
1%
#38540000
b101111010 ;
0%
#38545000
b101111011 7
1%
#38550000
b101111011 ;
0%
#38555000
b101111100 7
1%
#38560000
b101111100 ;
0%
#38565000
b101111101 7
1%
#38570000
b101111101 ;
0%
#38575000
b101111110 7
1%
#38580000
b101111110 ;
0%
#38585000
b101111111 7
1%
#38590000
b101111111 ;
0%
#38595000
b110000000 7
1%
#38600000
b110000000 ;
0%
#38605000
b110000001 7
1%
#38610000
b110000001 ;
0%
#38615000
b110000010 7
1%
#38620000
b110000010 ;
0%
#38625000
b110000011 7
1%
#38630000
b110000011 ;
0%
#38635000
b110000100 7
1%
#38640000
b110000100 ;
0%
#38645000
b110000101 7
1%
#38650000
b110000101 ;
0%
#38655000
b110000110 7
1%
#38660000
b110000110 ;
0%
#38665000
b110000111 7
1%
#38670000
b110000111 ;
0%
#38675000
b110001000 7
1%
#38680000
b110001000 ;
0%
#38685000
b110001001 7
1%
#38690000
b110001001 ;
0%
#38695000
b110001010 7
1%
#38700000
b110001010 ;
0%
#38705000
b110001011 7
1%
#38710000
b110001011 ;
0%
#38715000
b110001100 7
1%
#38720000
b110001100 ;
0%
#38725000
b110001101 7
1%
#38730000
b110001101 ;
0%
#38735000
b110001110 7
1%
#38740000
b110001110 ;
0%
#38745000
b110001111 7
1%
#38750000
b110001111 ;
0%
#38755000
b110010000 7
1%
#38760000
b110010000 ;
0%
#38765000
b110010001 7
1%
#38770000
b110010001 ;
0%
#38775000
b110010010 7
1%
#38780000
b110010010 ;
0%
#38785000
b110010011 7
1%
#38790000
b110010011 ;
0%
#38795000
b110010100 7
1%
#38800000
b110010100 ;
0%
#38805000
b110010101 7
1%
#38810000
b110010101 ;
0%
#38815000
b110010110 7
1%
#38820000
b110010110 ;
0%
#38825000
b110010111 7
1%
#38830000
b110010111 ;
0%
#38835000
b110011000 7
1%
#38840000
b110011000 ;
0%
#38845000
b110011001 7
1%
#38850000
b110011001 ;
0%
#38855000
b110011010 7
1%
#38860000
b110011010 ;
0%
#38865000
b110011011 7
1%
#38870000
b110011011 ;
0%
#38875000
b110011100 7
1%
#38880000
b110011100 ;
0%
#38885000
b110011101 7
1%
#38890000
b110011101 ;
0%
#38895000
b110011110 7
1%
#38900000
b110011110 ;
0%
#38905000
b110011111 7
1%
#38910000
b110011111 ;
0%
#38915000
b110100000 7
1%
#38920000
b110100000 ;
0%
#38925000
b110100001 7
1%
#38930000
b110100001 ;
0%
#38935000
b110100010 7
1%
#38940000
b110100010 ;
0%
#38945000
b110100011 7
1%
#38950000
b110100011 ;
0%
#38955000
b110100100 7
1%
#38960000
b110100100 ;
0%
#38965000
b110100101 7
1%
#38970000
b110100101 ;
0%
#38975000
b110100110 7
1%
#38980000
b110100110 ;
0%
#38985000
b110100111 7
1%
#38990000
b110100111 ;
0%
#38995000
b110101000 7
1%
#39000000
b110101000 ;
0%
#39005000
b110101001 7
1%
#39010000
b110101001 ;
0%
#39015000
b110101010 7
1%
#39020000
b110101010 ;
0%
#39025000
b110101011 7
1%
#39030000
b110101011 ;
0%
#39035000
b110101100 7
1%
#39040000
b110101100 ;
0%
#39045000
b110101101 7
1%
#39050000
b110101101 ;
0%
#39055000
b110101110 7
1%
#39060000
b110101110 ;
0%
#39065000
b110101111 7
1%
#39070000
b110101111 ;
0%
#39075000
b110110000 7
1%
#39080000
b110110000 ;
0%
#39085000
b110110001 7
1%
#39090000
b110110001 ;
0%
#39095000
b100 6
b0 7
1%
#39100000
b111 )
b0 ;
0%
#39105000
b1 7
1%
#39110000
b1 ;
0%
#39115000
b10 7
1%
#39120000
b10 ;
0%
#39125000
b11 7
1%
#39130000
b11 ;
0%
#39135000
b100 7
1%
#39140000
b100 ;
0%
#39145000
b101 7
1%
#39150000
b101 ;
0%
#39155000
b110 7
1%
#39160000
b110 ;
0%
#39165000
b111 7
1%
#39170000
b111 ;
0%
#39175000
b1000 7
1%
#39180000
b1000 ;
0%
#39185000
b1001 7
1%
#39190000
b1001 ;
0%
#39195000
b1010 7
1%
#39200000
b1010 ;
0%
#39205000
b1011 7
1%
#39210000
b1011 ;
0%
#39215000
b1100 7
1%
#39220000
b1100 ;
0%
#39225000
b1101 7
1%
#39230000
b1101 ;
0%
#39235000
b1110 7
1%
#39240000
b1110 ;
0%
#39245000
b1111 7
1%
#39250000
b1111 ;
0%
#39255000
b10000 7
1%
#39260000
b10000 ;
0%
#39265000
b10001 7
1%
#39270000
b10001 ;
0%
#39275000
b10010 7
1%
#39280000
b10010 ;
0%
#39285000
b10011 7
1%
#39290000
b10011 ;
0%
#39295000
b10100 7
1%
#39300000
b10100 ;
0%
#39305000
b10101 7
1%
#39310000
b10101 ;
0%
#39315000
b10110 7
1%
#39320000
b10110 ;
0%
#39325000
b10111 7
1%
#39330000
b10111 ;
0%
#39335000
b11000 7
1%
#39340000
b11000 ;
0%
#39345000
b11001 7
1%
#39350000
b11001 ;
0%
#39355000
b11010 7
1%
#39360000
b11010 ;
0%
#39365000
b11011 7
1%
#39370000
b11011 ;
0%
#39375000
b11100 7
1%
#39380000
b11100 ;
0%
#39385000
b11101 7
1%
#39390000
b11101 ;
0%
#39395000
b11110 7
1%
#39400000
b11110 ;
0%
#39405000
b11111 7
1%
#39410000
b11111 ;
0%
#39415000
b100000 7
1%
#39420000
b100000 ;
0%
#39425000
b100001 7
1%
#39430000
b100001 ;
0%
#39435000
b100010 7
1%
#39440000
b100010 ;
0%
#39445000
b100011 7
1%
#39450000
b100011 ;
0%
#39455000
b100100 7
1%
#39460000
b100100 ;
0%
#39465000
b100101 7
1%
#39470000
b100101 ;
0%
#39475000
b100110 7
1%
#39480000
b100110 ;
0%
#39485000
b100111 7
1%
#39490000
b100111 ;
0%
#39495000
b101000 7
1%
#39500000
b101000 ;
0%
#39505000
b101001 7
1%
#39510000
b101001 ;
0%
#39515000
b101010 7
1%
#39520000
b101010 ;
0%
#39525000
b101011 7
1%
#39530000
b101011 ;
0%
#39535000
b101100 7
1%
#39540000
b101100 ;
0%
#39545000
b101101 7
1%
#39550000
b101101 ;
0%
#39555000
b101110 7
1%
#39560000
b101110 ;
0%
#39565000
b101111 7
1%
#39570000
b101111 ;
0%
#39575000
b110000 7
1%
#39580000
b110000 ;
0%
#39585000
b110001 7
1%
#39590000
b110001 ;
0%
#39595000
b110010 7
1%
#39600000
b110010 ;
0%
#39605000
b110011 7
1%
#39610000
b110011 ;
0%
#39615000
b110100 7
1%
#39620000
b110100 ;
0%
#39625000
b110101 7
1%
#39630000
b110101 ;
0%
#39635000
b110110 7
1%
#39640000
b110110 ;
0%
#39645000
b110111 7
1%
#39650000
b110111 ;
0%
#39655000
b111000 7
1%
#39660000
b111000 ;
0%
#39665000
b111001 7
1%
#39670000
b111001 ;
0%
#39675000
b111010 7
1%
#39680000
b111010 ;
0%
#39685000
b111011 7
1%
#39690000
b111011 ;
0%
#39695000
b111100 7
1%
#39700000
b111100 ;
0%
#39705000
b111101 7
1%
#39710000
b111101 ;
0%
#39715000
b111110 7
1%
#39720000
b111110 ;
0%
#39725000
b111111 7
1%
#39730000
b111111 ;
0%
#39735000
b1000000 7
1%
#39740000
b1000000 ;
0%
#39745000
b1000001 7
1%
#39750000
b1000001 ;
0%
#39755000
b1000010 7
1%
#39760000
b1000010 ;
0%
#39765000
b1000011 7
1%
#39770000
b1000011 ;
0%
#39775000
b1000100 7
1%
#39780000
b1000100 ;
0%
#39785000
b1000101 7
1%
#39790000
b1000101 ;
0%
#39795000
b1000110 7
1%
#39800000
b1000110 ;
0%
#39805000
b1000111 7
1%
#39810000
b1000111 ;
0%
#39815000
b1001000 7
1%
#39820000
b1001000 ;
0%
#39825000
b1001001 7
1%
#39830000
b1001001 ;
0%
#39835000
b1001010 7
1%
#39840000
b1001010 ;
0%
#39845000
b1001011 7
1%
#39850000
b1001011 ;
0%
#39855000
b1001100 7
1%
#39860000
b1001100 ;
0%
#39865000
b1001101 7
1%
#39870000
b1001101 ;
0%
#39875000
b1001110 7
1%
#39880000
b1001110 ;
0%
#39885000
b1001111 7
1%
#39890000
b1001111 ;
0%
#39895000
b1010000 7
1%
#39900000
b1010000 ;
0%
#39905000
b1010001 7
1%
#39910000
b1010001 ;
0%
#39915000
b1010010 7
1%
#39920000
b1010010 ;
0%
#39925000
b1010011 7
1%
#39930000
b1010011 ;
0%
#39935000
b1010100 7
1%
#39940000
b1010100 ;
0%
#39945000
b1010101 7
1%
#39950000
b1010101 ;
0%
#39955000
b1010110 7
1%
#39960000
b1010110 ;
0%
#39965000
b1010111 7
1%
#39970000
b1010111 ;
0%
#39975000
b1011000 7
1%
#39980000
b1011000 ;
0%
#39985000
b1011001 7
1%
#39990000
b1011001 ;
0%
#39995000
b1011010 7
1%
#40000000
b1011010 ;
0%
#40005000
b1011011 7
1%
#40010000
b1011011 ;
0%
#40015000
b1011100 7
1%
#40020000
b1011100 ;
0%
#40025000
b1011101 7
1%
#40030000
b1011101 ;
0%
#40035000
b1011110 7
1%
#40040000
b1011110 ;
0%
#40045000
b1011111 7
1%
#40050000
b1011111 ;
0%
#40055000
b1100000 7
1%
#40060000
b1100000 ;
0%
#40065000
b1100001 7
1%
#40070000
b1100001 ;
0%
#40075000
b1100010 7
1%
#40080000
b1100010 ;
0%
#40085000
b1100011 7
1%
#40090000
b1100011 ;
0%
#40095000
b1100100 7
1%
#40100000
b1100100 ;
0%
#40105000
b1100101 7
1%
#40110000
b1100101 ;
0%
#40115000
b1100110 7
1%
#40120000
b1100110 ;
0%
#40125000
b1100111 7
1%
#40130000
b1100111 ;
0%
#40135000
b1101000 7
1%
#40140000
b1101000 ;
0%
#40145000
b1101001 7
1%
#40150000
b1101001 ;
0%
#40155000
b1101010 7
1%
#40160000
b1101010 ;
0%
#40165000
b1101011 7
1%
#40170000
b1101011 ;
0%
#40175000
b1101100 7
1%
#40180000
b1101100 ;
0%
#40185000
b1101101 7
1%
#40190000
b1101101 ;
0%
#40195000
b1101110 7
1%
#40200000
b1101110 ;
0%
#40205000
b1101111 7
1%
#40210000
b1101111 ;
0%
#40215000
b1110000 7
1%
#40220000
b1110000 ;
0%
#40225000
b1110001 7
1%
#40230000
b1110001 ;
0%
#40235000
b1110010 7
1%
#40240000
b1110010 ;
0%
#40245000
b1110011 7
1%
#40250000
b1110011 ;
0%
#40255000
b1110100 7
1%
#40260000
b1110100 ;
0%
#40265000
b1110101 7
1%
#40270000
b1110101 ;
0%
#40275000
b1110110 7
1%
#40280000
b1110110 ;
0%
#40285000
b1110111 7
1%
#40290000
b1110111 ;
0%
#40295000
b1111000 7
1%
#40300000
b1111000 ;
0%
#40305000
b1111001 7
1%
#40310000
b1111001 ;
0%
#40315000
b1111010 7
1%
#40320000
b1111010 ;
0%
#40325000
b1111011 7
1%
#40330000
b1111011 ;
0%
#40335000
b1111100 7
1%
#40340000
b1111100 ;
0%
#40345000
b1111101 7
1%
#40350000
b1111101 ;
0%
#40355000
b1111110 7
1%
#40360000
b1111110 ;
0%
#40365000
b1111111 7
1%
#40370000
b1111111 ;
0%
#40375000
b10000000 7
1%
#40380000
b10000000 ;
0%
#40385000
b10000001 7
1%
#40390000
b10000001 ;
0%
#40395000
b10000010 7
1%
#40400000
b10000010 ;
0%
#40405000
b10000011 7
1%
#40410000
b10000011 ;
0%
#40415000
b10000100 7
1%
#40420000
b10000100 ;
0%
#40425000
b10000101 7
1%
#40430000
b10000101 ;
0%
#40435000
b10000110 7
1%
#40440000
b10000110 ;
0%
#40445000
b10000111 7
1%
#40450000
b10000111 ;
0%
#40455000
b10001000 7
1%
#40460000
b10001000 ;
0%
#40465000
b10001001 7
1%
#40470000
b10001001 ;
0%
#40475000
b10001010 7
1%
#40480000
b10001010 ;
0%
#40485000
b10001011 7
1%
#40490000
b10001011 ;
0%
#40495000
b10001100 7
1%
#40500000
b10001100 ;
0%
#40505000
b10001101 7
1%
#40510000
b10001101 ;
0%
#40515000
b10001110 7
1%
#40520000
b10001110 ;
0%
#40525000
b10001111 7
1%
#40530000
b10001111 ;
0%
#40535000
b10010000 7
1%
#40540000
b10010000 ;
0%
#40545000
b10010001 7
1%
#40550000
b10010001 ;
0%
#40555000
b10010010 7
1%
#40560000
b10010010 ;
0%
#40565000
b10010011 7
1%
#40570000
b10010011 ;
0%
#40575000
b10010100 7
1%
#40580000
b10010100 ;
0%
#40585000
b10010101 7
1%
#40590000
b10010101 ;
0%
#40595000
b10010110 7
1%
#40600000
b10010110 ;
0%
#40605000
b10010111 7
1%
#40610000
b10010111 ;
0%
#40615000
b10011000 7
1%
#40620000
b10011000 ;
0%
#40625000
b10011001 7
1%
#40630000
b10011001 ;
0%
#40635000
b10011010 7
1%
#40640000
b10011010 ;
0%
#40645000
b10011011 7
1%
#40650000
b10011011 ;
0%
#40655000
b10011100 7
1%
#40660000
b10011100 ;
0%
#40665000
b10011101 7
1%
#40670000
b10011101 ;
0%
#40675000
b10011110 7
1%
#40680000
b10011110 ;
0%
#40685000
b10011111 7
1%
#40690000
b10011111 ;
0%
#40695000
b10100000 7
1%
#40700000
b10100000 ;
0%
#40705000
b10100001 7
1%
#40710000
b10100001 ;
0%
#40715000
b10100010 7
1%
#40720000
b10100010 ;
0%
#40725000
b10100011 7
1%
#40730000
b10100011 ;
0%
#40735000
b10100100 7
1%
#40740000
b10100100 ;
0%
#40745000
b10100101 7
1%
#40750000
b10100101 ;
0%
#40755000
b10100110 7
1%
#40760000
b10100110 ;
0%
#40765000
b10100111 7
1%
#40770000
b10100111 ;
0%
#40775000
b10101000 7
1%
#40780000
b10101000 ;
0%
#40785000
b10101001 7
1%
#40790000
b10101001 ;
0%
#40795000
b10101010 7
1%
#40800000
b10101010 ;
0%
#40805000
b10101011 7
1%
#40810000
b10101011 ;
0%
#40815000
b10101100 7
1%
#40820000
b10101100 ;
0%
#40825000
b10101101 7
1%
#40830000
b10101101 ;
0%
#40835000
b10101110 7
1%
#40840000
b10101110 ;
0%
#40845000
b10101111 7
1%
#40850000
b10101111 ;
0%
#40855000
b10110000 7
1%
#40860000
b10110000 ;
0%
#40865000
b10110001 7
1%
#40870000
b10110001 ;
0%
#40875000
b10110010 7
1%
#40880000
b10110010 ;
0%
#40885000
b10110011 7
1%
#40890000
b10110011 ;
0%
#40895000
b10110100 7
1%
#40900000
b10110100 ;
0%
#40905000
b10110101 7
1%
#40910000
b10110101 ;
0%
#40915000
b10110110 7
1%
#40920000
b10110110 ;
0%
#40925000
b10110111 7
1%
#40930000
b10110111 ;
0%
#40935000
b10111000 7
1%
#40940000
b10111000 ;
0%
#40945000
b10111001 7
1%
#40950000
b10111001 ;
0%
#40955000
b10111010 7
1%
#40960000
b10111010 ;
0%
#40965000
b10111011 7
1%
#40970000
b10111011 ;
0%
#40975000
b10111100 7
1%
#40980000
b10111100 ;
0%
#40985000
b10111101 7
1%
#40990000
b10111101 ;
0%
#40995000
b10111110 7
1%
#41000000
b10111110 ;
0%
#41005000
b10111111 7
1%
#41010000
b10111111 ;
0%
#41015000
b11000000 7
1%
#41020000
b11000000 ;
0%
#41025000
b11000001 7
1%
#41030000
b11000001 ;
0%
#41035000
b11000010 7
1%
#41040000
b11000010 ;
0%
#41045000
b11000011 7
1%
#41050000
b11000011 ;
0%
#41055000
b11000100 7
1%
#41060000
b11000100 ;
0%
#41065000
b11000101 7
1%
#41070000
b11000101 ;
0%
#41075000
b11000110 7
1%
#41080000
b11000110 ;
0%
#41085000
b11000111 7
1%
#41090000
b11000111 ;
0%
#41095000
b11001000 7
1%
#41100000
b11001000 ;
0%
#41105000
b11001001 7
1%
#41110000
b11001001 ;
0%
#41115000
b11001010 7
1%
#41120000
b11001010 ;
0%
#41125000
b11001011 7
1%
#41130000
b11001011 ;
0%
#41135000
b11001100 7
1%
#41140000
b11001100 ;
0%
#41145000
b11001101 7
1%
#41150000
b11001101 ;
0%
#41155000
b11001110 7
1%
#41160000
b11001110 ;
0%
#41165000
b11001111 7
1%
#41170000
b11001111 ;
0%
#41175000
b11010000 7
1%
#41180000
b11010000 ;
0%
#41185000
b11010001 7
1%
#41190000
b11010001 ;
0%
#41195000
b11010010 7
1%
#41200000
b11010010 ;
0%
#41205000
b11010011 7
1%
#41210000
b11010011 ;
0%
#41215000
b11010100 7
1%
#41220000
b11010100 ;
0%
#41225000
b11010101 7
1%
#41230000
b11010101 ;
0%
#41235000
b11010110 7
1%
#41240000
b11010110 ;
0%
#41245000
b11010111 7
1%
#41250000
b11010111 ;
0%
#41255000
b11011000 7
1%
#41260000
b11011000 ;
0%
#41265000
b11011001 7
1%
#41270000
b11011001 ;
0%
#41275000
b11011010 7
1%
#41280000
b11011010 ;
0%
#41285000
b11011011 7
1%
#41290000
b11011011 ;
0%
#41295000
b11011100 7
1%
#41300000
b11011100 ;
0%
#41305000
b11011101 7
1%
#41310000
b11011101 ;
0%
#41315000
b11011110 7
1%
#41320000
b11011110 ;
0%
#41325000
b11011111 7
1%
#41330000
b11011111 ;
0%
#41335000
b11100000 7
1%
#41340000
b11100000 ;
0%
#41345000
b11100001 7
1%
#41350000
b11100001 ;
0%
#41355000
b11100010 7
1%
#41360000
b11100010 ;
0%
#41365000
b11100011 7
1%
#41370000
b11100011 ;
0%
#41375000
b11100100 7
1%
#41380000
b11100100 ;
0%
#41385000
b11100101 7
1%
#41390000
b11100101 ;
0%
#41395000
b11100110 7
1%
#41400000
b11100110 ;
0%
#41405000
b11100111 7
1%
#41410000
b11100111 ;
0%
#41415000
b11101000 7
1%
#41420000
b11101000 ;
0%
#41425000
b11101001 7
1%
#41430000
b11101001 ;
0%
#41435000
b11101010 7
1%
#41440000
b11101010 ;
0%
#41445000
b11101011 7
1%
#41450000
b11101011 ;
0%
#41455000
b11101100 7
1%
#41460000
b11101100 ;
0%
#41465000
b11101101 7
1%
#41470000
b11101101 ;
0%
#41475000
b11101110 7
1%
#41480000
b11101110 ;
0%
#41485000
b11101111 7
1%
#41490000
b11101111 ;
0%
#41495000
b11110000 7
1%
#41500000
b11110000 ;
0%
#41505000
b11110001 7
1%
#41510000
b11110001 ;
0%
#41515000
b11110010 7
1%
#41520000
b11110010 ;
0%
#41525000
b11110011 7
1%
#41530000
b11110011 ;
0%
#41535000
b11110100 7
1%
#41540000
b11110100 ;
0%
#41545000
b11110101 7
1%
#41550000
b11110101 ;
0%
#41555000
b11110110 7
1%
#41560000
b11110110 ;
0%
#41565000
b11110111 7
1%
#41570000
b11110111 ;
0%
#41575000
b11111000 7
1%
#41580000
b11111000 ;
0%
#41585000
b11111001 7
1%
#41590000
b11111001 ;
0%
#41595000
b11111010 7
1%
#41600000
b11111010 ;
0%
#41605000
b11111011 7
1%
#41610000
b11111011 ;
0%
#41615000
b11111100 7
1%
#41620000
b11111100 ;
0%
#41625000
b11111101 7
1%
#41630000
b11111101 ;
0%
#41635000
b11111110 7
1%
#41640000
b11111110 ;
0%
#41645000
b11111111 7
1%
#41650000
b11111111 ;
0%
#41655000
b100000000 7
1%
#41660000
b100000000 ;
0%
#41665000
b100000001 7
1%
#41670000
b100000001 ;
0%
#41675000
b100000010 7
1%
#41680000
b100000010 ;
0%
#41685000
b100000011 7
1%
#41690000
b100000011 ;
0%
#41695000
b100000100 7
1%
#41700000
b100000100 ;
0%
#41705000
b100000101 7
1%
#41710000
b100000101 ;
0%
#41715000
b100000110 7
1%
#41720000
b100000110 ;
0%
#41725000
b100000111 7
1%
#41730000
b100000111 ;
0%
#41735000
b100001000 7
1%
#41740000
b100001000 ;
0%
#41745000
b100001001 7
1%
#41750000
b100001001 ;
0%
#41755000
b100001010 7
1%
#41760000
b100001010 ;
0%
#41765000
b100001011 7
1%
#41770000
b100001011 ;
0%
#41775000
b100001100 7
1%
#41780000
b100001100 ;
0%
#41785000
b100001101 7
1%
#41790000
b100001101 ;
0%
#41795000
b100001110 7
1%
#41800000
b100001110 ;
0%
#41805000
b100001111 7
1%
#41810000
b100001111 ;
0%
#41815000
b100010000 7
1%
#41820000
b100010000 ;
0%
#41825000
b100010001 7
1%
#41830000
b100010001 ;
0%
#41835000
b100010010 7
1%
#41840000
b100010010 ;
0%
#41845000
b100010011 7
1%
#41850000
b100010011 ;
0%
#41855000
b100010100 7
1%
#41860000
b100010100 ;
0%
#41865000
b100010101 7
1%
#41870000
b100010101 ;
0%
#41875000
b100010110 7
1%
#41880000
b100010110 ;
0%
#41885000
b100010111 7
1%
#41890000
b100010111 ;
0%
#41895000
b100011000 7
1%
#41900000
b100011000 ;
0%
#41905000
b100011001 7
1%
#41910000
b100011001 ;
0%
#41915000
b100011010 7
1%
#41920000
b100011010 ;
0%
#41925000
b100011011 7
1%
#41930000
b100011011 ;
0%
#41935000
b100011100 7
1%
#41940000
b100011100 ;
0%
#41945000
b100011101 7
1%
#41950000
b100011101 ;
0%
#41955000
b100011110 7
1%
#41960000
b100011110 ;
0%
#41965000
b100011111 7
1%
#41970000
b100011111 ;
0%
#41975000
b100100000 7
1%
#41980000
b100100000 ;
0%
#41985000
b100100001 7
1%
#41990000
b100100001 ;
0%
#41995000
b100100010 7
1%
#42000000
b100100010 ;
0%
#42005000
b100100011 7
1%
#42010000
b100100011 ;
0%
#42015000
b100100100 7
1%
#42020000
b100100100 ;
0%
#42025000
b100100101 7
1%
#42030000
b100100101 ;
0%
#42035000
b100100110 7
1%
#42040000
b100100110 ;
0%
#42045000
b100100111 7
1%
#42050000
b100100111 ;
0%
#42055000
b100101000 7
1%
#42060000
b100101000 ;
0%
#42065000
b100101001 7
1%
#42070000
b100101001 ;
0%
#42075000
b100101010 7
1%
#42080000
b100101010 ;
0%
#42085000
b100101011 7
1%
#42090000
b100101011 ;
0%
#42095000
b100101100 7
1%
#42100000
b100101100 ;
0%
#42105000
b100101101 7
1%
#42110000
b100101101 ;
0%
#42115000
b100101110 7
1%
#42120000
b100101110 ;
0%
#42125000
b100101111 7
1%
#42130000
b100101111 ;
0%
#42135000
b100110000 7
1%
#42140000
b100110000 ;
0%
#42145000
b100110001 7
1%
#42150000
b100110001 ;
0%
#42155000
b100110010 7
1%
#42160000
b100110010 ;
0%
#42165000
b100110011 7
1%
#42170000
b100110011 ;
0%
#42175000
b100110100 7
1%
#42180000
b100110100 ;
0%
#42185000
b100110101 7
1%
#42190000
b100110101 ;
0%
#42195000
b100110110 7
1%
#42200000
b100110110 ;
0%
#42205000
b100110111 7
1%
#42210000
b100110111 ;
0%
#42215000
b100111000 7
1%
#42220000
b100111000 ;
0%
#42225000
b100111001 7
1%
#42230000
b100111001 ;
0%
#42235000
b100111010 7
1%
#42240000
b100111010 ;
0%
#42245000
b100111011 7
1%
#42250000
b100111011 ;
0%
#42255000
b100111100 7
1%
#42260000
b100111100 ;
0%
#42265000
b100111101 7
1%
#42270000
b100111101 ;
0%
#42275000
b100111110 7
1%
#42280000
b100111110 ;
0%
#42285000
b100111111 7
1%
#42290000
b100111111 ;
0%
#42295000
b101000000 7
1%
#42300000
b101000000 ;
0%
#42305000
b101000001 7
1%
#42310000
b101000001 ;
0%
#42315000
b101000010 7
1%
#42320000
b101000010 ;
0%
#42325000
b101000011 7
1%
#42330000
b101000011 ;
0%
#42335000
b101000100 7
1%
#42340000
b101000100 ;
0%
#42345000
b101000101 7
1%
#42350000
b101000101 ;
0%
#42355000
b101000110 7
1%
#42360000
b101000110 ;
0%
#42365000
b101000111 7
1%
#42370000
b101000111 ;
0%
#42375000
b101001000 7
1%
#42380000
b101001000 ;
0%
#42385000
b101001001 7
1%
#42390000
b101001001 ;
0%
#42395000
b101001010 7
1%
#42400000
b101001010 ;
0%
#42405000
b101001011 7
1%
#42410000
b101001011 ;
0%
#42415000
b101001100 7
1%
#42420000
b101001100 ;
0%
#42425000
b101001101 7
1%
#42430000
b101001101 ;
0%
#42435000
b101001110 7
1%
#42440000
b101001110 ;
0%
#42445000
b101001111 7
1%
#42450000
b101001111 ;
0%
#42455000
b101010000 7
1%
#42460000
b101010000 ;
0%
#42465000
b101010001 7
1%
#42470000
b101010001 ;
0%
#42475000
b101010010 7
1%
#42480000
b101010010 ;
0%
#42485000
b101010011 7
1%
#42490000
b101010011 ;
0%
#42495000
b101010100 7
1%
#42500000
b101010100 ;
0%
#42505000
b101010101 7
1%
#42510000
b101010101 ;
0%
#42515000
b101010110 7
1%
#42520000
b101010110 ;
0%
#42525000
b101010111 7
1%
#42530000
b101010111 ;
0%
#42535000
b101011000 7
1%
#42540000
b101011000 ;
0%
#42545000
b101011001 7
1%
#42550000
b101011001 ;
0%
#42555000
b101011010 7
1%
#42560000
b101011010 ;
0%
#42565000
b101011011 7
1%
#42570000
b101011011 ;
0%
#42575000
b101011100 7
1%
#42580000
b101011100 ;
0%
#42585000
b101011101 7
1%
#42590000
b101011101 ;
0%
#42595000
b101011110 7
1%
#42600000
b101011110 ;
0%
#42605000
b101011111 7
1%
#42610000
b101011111 ;
0%
#42615000
b101100000 7
1%
#42620000
b101100000 ;
0%
#42625000
b101100001 7
1%
#42630000
b101100001 ;
0%
#42635000
b101100010 7
1%
#42640000
b101100010 ;
0%
#42645000
b101100011 7
1%
#42650000
b101100011 ;
0%
#42655000
b101100100 7
1%
#42660000
b101100100 ;
0%
#42665000
b101100101 7
1%
#42670000
b101100101 ;
0%
#42675000
b101100110 7
1%
#42680000
b101100110 ;
0%
#42685000
b101100111 7
1%
#42690000
b101100111 ;
0%
#42695000
b101101000 7
1%
#42700000
b101101000 ;
0%
#42705000
b101101001 7
1%
#42710000
b101101001 ;
0%
#42715000
b101101010 7
1%
#42720000
b101101010 ;
0%
#42725000
b101101011 7
1%
#42730000
b101101011 ;
0%
#42735000
b101101100 7
1%
#42740000
b101101100 ;
0%
#42745000
b101101101 7
1%
#42750000
b101101101 ;
0%
#42755000
b101101110 7
1%
#42760000
b101101110 ;
0%
#42765000
b101101111 7
1%
#42770000
b101101111 ;
0%
#42775000
b101110000 7
1%
#42780000
b101110000 ;
0%
#42785000
b101110001 7
1%
#42790000
b101110001 ;
0%
#42795000
b101110010 7
1%
#42800000
b101110010 ;
0%
#42805000
b101110011 7
1%
#42810000
b101110011 ;
0%
#42815000
b101110100 7
1%
#42820000
b101110100 ;
0%
#42825000
b101110101 7
1%
#42830000
b101110101 ;
0%
#42835000
b101110110 7
1%
#42840000
b101110110 ;
0%
#42845000
b101110111 7
1%
#42850000
b101110111 ;
0%
#42855000
b101111000 7
1%
#42860000
b101111000 ;
0%
#42865000
b101111001 7
1%
#42870000
b101111001 ;
0%
#42875000
b101111010 7
1%
#42880000
b101111010 ;
0%
#42885000
b101111011 7
1%
#42890000
b101111011 ;
0%
#42895000
b101111100 7
1%
#42900000
b101111100 ;
0%
#42905000
b101111101 7
1%
#42910000
b101111101 ;
0%
#42915000
b101111110 7
1%
#42920000
b101111110 ;
0%
#42925000
b101111111 7
1%
#42930000
b101111111 ;
0%
#42935000
b110000000 7
1%
#42940000
b110000000 ;
0%
#42945000
b110000001 7
1%
#42950000
b110000001 ;
0%
#42955000
b110000010 7
1%
#42960000
b110000010 ;
0%
#42965000
b110000011 7
1%
#42970000
b110000011 ;
0%
#42975000
b110000100 7
1%
#42980000
b110000100 ;
0%
#42985000
b110000101 7
1%
#42990000
b110000101 ;
0%
#42995000
b110000110 7
1%
#43000000
b110000110 ;
0%
#43005000
b110000111 7
1%
#43010000
b110000111 ;
0%
#43015000
b110001000 7
1%
#43020000
b110001000 ;
0%
#43025000
b110001001 7
1%
#43030000
b110001001 ;
0%
#43035000
b110001010 7
1%
#43040000
b110001010 ;
0%
#43045000
b110001011 7
1%
#43050000
b110001011 ;
0%
#43055000
b110001100 7
1%
#43060000
b110001100 ;
0%
#43065000
b110001101 7
1%
#43070000
b110001101 ;
0%
#43075000
b110001110 7
1%
#43080000
b110001110 ;
0%
#43085000
b110001111 7
1%
#43090000
b110001111 ;
0%
#43095000
b110010000 7
1%
#43100000
b110010000 ;
0%
#43105000
b110010001 7
1%
#43110000
b110010001 ;
0%
#43115000
b110010010 7
1%
#43120000
b110010010 ;
0%
#43125000
b110010011 7
1%
#43130000
b110010011 ;
0%
#43135000
b110010100 7
1%
#43140000
b110010100 ;
0%
#43145000
b110010101 7
1%
#43150000
b110010101 ;
0%
#43155000
b110010110 7
1%
#43160000
b110010110 ;
0%
#43165000
b110010111 7
1%
#43170000
b110010111 ;
0%
#43175000
b110011000 7
1%
#43180000
b110011000 ;
0%
#43185000
b110011001 7
1%
#43190000
b110011001 ;
0%
#43195000
b110011010 7
1%
#43200000
b110011010 ;
0%
#43205000
b110011011 7
1%
#43210000
b110011011 ;
0%
#43215000
b110011100 7
1%
#43220000
b110011100 ;
0%
#43225000
b110011101 7
1%
#43230000
b110011101 ;
0%
#43235000
b110011110 7
1%
#43240000
b110011110 ;
0%
#43245000
b110011111 7
1%
#43250000
b110011111 ;
0%
#43255000
b110100000 7
1%
#43260000
b110100000 ;
0%
#43265000
b110100001 7
1%
#43270000
b110100001 ;
0%
#43275000
b110100010 7
1%
#43280000
b110100010 ;
0%
#43285000
b110100011 7
1%
#43290000
b110100011 ;
0%
#43295000
b110100100 7
1%
#43300000
b110100100 ;
0%
#43305000
b110100101 7
1%
#43310000
b110100101 ;
0%
#43315000
b110100110 7
1%
#43320000
b110100110 ;
0%
#43325000
b110100111 7
1%
#43330000
b110100111 ;
0%
#43335000
b110101000 7
1%
#43340000
b110101000 ;
0%
#43345000
b110101001 7
1%
#43350000
b110101001 ;
0%
#43355000
b110101010 7
1%
#43360000
b110101010 ;
0%
#43365000
b110101011 7
1%
#43370000
b110101011 ;
0%
#43375000
b110101100 7
1%
#43380000
b110101100 ;
0%
#43385000
b110101101 7
1%
#43390000
b110101101 ;
0%
#43395000
b110101110 7
1%
#43400000
b110101110 ;
0%
#43405000
b110101111 7
1%
#43410000
b110101111 ;
0%
#43415000
b110110000 7
1%
#43420000
b110110000 ;
0%
#43425000
b110110001 7
1%
#43430000
b110110001 ;
0%
#43435000
0"
b0 6
b0 7
1%
#43440000
b110110010 ;
0%
