TimeQuest Timing Analyzer report for exp9
Sat Sep 12 20:59:22 2026
Quartus II 64-Bit Version 13.0.1 Build 232 06/12/2013 Service Pack 1 SJ Web Edition


---------------------
; Table of Contents ;
---------------------
  1. Legal Notice
  2. TimeQuest Timing Analyzer Summary
  3. Parallel Compilation
  4. Clocks
  5. Slow 1200mV 85C Model Fmax Summary
  6. Timing Closure Recommendations
  7. Slow 1200mV 85C Model Setup Summary
  8. Slow 1200mV 85C Model Hold Summary
  9. Slow 1200mV 85C Model Recovery Summary
 10. Slow 1200mV 85C Model Removal Summary
 11. Slow 1200mV 85C Model Minimum Pulse Width Summary
 12. Slow 1200mV 85C Model Setup: 'clk'
 13. Slow 1200mV 85C Model Hold: 'clk'
 14. Slow 1200mV 85C Model Minimum Pulse Width: 'clk'
 15. Setup Times
 16. Hold Times
 17. Clock to Output Times
 18. Minimum Clock to Output Times
 19. Propagation Delay
 20. Minimum Propagation Delay
 21. Slow 1200mV 85C Model Metastability Report
 22. Slow 1200mV 0C Model Fmax Summary
 23. Slow 1200mV 0C Model Setup Summary
 24. Slow 1200mV 0C Model Hold Summary
 25. Slow 1200mV 0C Model Recovery Summary
 26. Slow 1200mV 0C Model Removal Summary
 27. Slow 1200mV 0C Model Minimum Pulse Width Summary
 28. Slow 1200mV 0C Model Setup: 'clk'
 29. Slow 1200mV 0C Model Hold: 'clk'
 30. Slow 1200mV 0C Model Minimum Pulse Width: 'clk'
 31. Setup Times
 32. Hold Times
 33. Clock to Output Times
 34. Minimum Clock to Output Times
 35. Propagation Delay
 36. Minimum Propagation Delay
 37. Slow 1200mV 0C Model Metastability Report
 38. Fast 1200mV 0C Model Setup Summary
 39. Fast 1200mV 0C Model Hold Summary
 40. Fast 1200mV 0C Model Recovery Summary
 41. Fast 1200mV 0C Model Removal Summary
 42. Fast 1200mV 0C Model Minimum Pulse Width Summary
 43. Fast 1200mV 0C Model Setup: 'clk'
 44. Fast 1200mV 0C Model Hold: 'clk'
 45. Fast 1200mV 0C Model Minimum Pulse Width: 'clk'
 46. Setup Times
 47. Hold Times
 48. Clock to Output Times
 49. Minimum Clock to Output Times
 50. Propagation Delay
 51. Minimum Propagation Delay
 52. Fast 1200mV 0C Model Metastability Report
 53. Multicorner Timing Analysis Summary
 54. Setup Times
 55. Hold Times
 56. Clock to Output Times
 57. Minimum Clock to Output Times
 58. Progagation Delay
 59. Minimum Progagation Delay
 60. Board Trace Model Assignments
 61. Input Transition Times
 62. Signal Integrity Metrics (Slow 1200mv 0c Model)
 63. Signal Integrity Metrics (Slow 1200mv 85c Model)
 64. Signal Integrity Metrics (Fast 1200mv 0c Model)
 65. Setup Transfers
 66. Hold Transfers
 67. Report TCCS
 68. Report RSKM
 69. Unconstrained Paths
 70. TimeQuest Timing Analyzer Messages



----------------
; Legal Notice ;
----------------
Copyright (C) 1991-2013 Altera Corporation
Your use of Altera Corporation's design tools, logic functions 
and other software and tools, and its AMPP partner logic 
functions, and any output files from any of the foregoing 
(including device programming or simulation files), and any 
associated documentation or information are expressly subject 
to the terms and conditions of the Altera Program License 
Subscription Agreement, Altera MegaCore Function License 
Agreement, or other applicable license agreement, including, 
without limitation, that your use is for the sole purpose of 
programming logic devices manufactured by Altera and sold by 
Altera or its authorized distributors.  Please refer to the 
applicable agreement for further details.



+----------------------------------------------------------------------------------------+
; TimeQuest Timing Analyzer Summary                                                      ;
+--------------------+-------------------------------------------------------------------+
; Quartus II Version ; Version 13.0.1 Build 232 06/12/2013 Service Pack 1 SJ Web Edition ;
; Revision Name      ; exp9                                                              ;
; Device Family      ; Cyclone IV GX                                                     ;
; Device Name        ; EP4CGX22CF19C6                                                    ;
; Timing Models      ; Final                                                             ;
; Delay Model        ; Combined                                                          ;
; Rise/Fall Delays   ; Enabled                                                           ;
+--------------------+-------------------------------------------------------------------+


Parallel compilation was disabled, but you have multiple processors available. Enable parallel compilation to reduce compilation time.
+-------------------------------------+
; Parallel Compilation                ;
+----------------------------+--------+
; Processors                 ; Number ;
+----------------------------+--------+
; Number detected on machine ; 8      ;
; Maximum allowed            ; 1      ;
+----------------------------+--------+


+---------------------------------------------------------------------------------------------------------------------------------------------------------------------------------+
; Clocks                                                                                                                                                                          ;
+------------+------+--------+------------+-------+-------+------------+-----------+-------------+-------+--------+-----------+------------+----------+--------+--------+---------+
; Clock Name ; Type ; Period ; Frequency  ; Rise  ; Fall  ; Duty Cycle ; Divide by ; Multiply by ; Phase ; Offset ; Edge List ; Edge Shift ; Inverted ; Master ; Source ; Targets ;
+------------+------+--------+------------+-------+-------+------------+-----------+-------------+-------+--------+-----------+------------+----------+--------+--------+---------+
; clk        ; Base ; 1.000  ; 1000.0 MHz ; 0.000 ; 0.500 ;            ;           ;             ;       ;        ;           ;            ;          ;        ;        ; { clk } ;
+------------+------+--------+------------+-------+-------+------------+-----------+-------------+-------+--------+-----------+------------+----------+--------+--------+---------+


+------------------------------------------------------------------------------------------------------------+
; Slow 1200mV 85C Model Fmax Summary                                                                         ;
+-------------+-----------------+------------+---------------------------------------------------------------+
; Fmax        ; Restricted Fmax ; Clock Name ; Note                                                          ;
+-------------+-----------------+------------+---------------------------------------------------------------+
; 1414.43 MHz ; 250.0 MHz       ; clk        ; limit due to minimum period restriction (max I/O toggle rate) ;
+-------------+-----------------+------------+---------------------------------------------------------------+
This panel reports FMAX for every clock in the design, regardless of the user-specified clock periods.  FMAX is only computed for paths where the source and destination registers or ports are driven by the same clock.  Paths of different clocks, including generated clocks, are ignored.  For paths between a clock and its inversion, FMAX is computed as if the rising and falling edges are scaled along with FMAX, such that the duty cycle (in terms of a percentage) is maintained. Altera recommends that you always use clock constraints and other slack reports for sign-off analysis.


----------------------------------
; Timing Closure Recommendations ;
----------------------------------
HTML report is unavailable in plain text report export.


+-------------------------------------+
; Slow 1200mV 85C Model Setup Summary ;
+-------+-------+---------------------+
; Clock ; Slack ; End Point TNS       ;
+-------+-------+---------------------+
; clk   ; 0.293 ; 0.000               ;
+-------+-------+---------------------+


+------------------------------------+
; Slow 1200mV 85C Model Hold Summary ;
+-------+-------+--------------------+
; Clock ; Slack ; End Point TNS      ;
+-------+-------+--------------------+
; clk   ; 0.355 ; 0.000              ;
+-------+-------+--------------------+


------------------------------------------
; Slow 1200mV 85C Model Recovery Summary ;
------------------------------------------
No paths to report.


-----------------------------------------
; Slow 1200mV 85C Model Removal Summary ;
-----------------------------------------
No paths to report.


+---------------------------------------------------+
; Slow 1200mV 85C Model Minimum Pulse Width Summary ;
+-------+--------+----------------------------------+
; Clock ; Slack  ; End Point TNS                    ;
+-------+--------+----------------------------------+
; clk   ; -3.000 ; -531.000                         ;
+-------+--------+----------------------------------+


+-------------------------------------------------------------------------------------------------------------------------------------------------------------------------------------------------------------+
; Slow 1200mV 85C Model Setup: 'clk'                                                                                                                                                                          ;
+-------+---------------------------------------------------------------+---------------------------------------------------------------+--------------+-------------+--------------+------------+------------+
; Slack ; From Node                                                     ; To Node                                                       ; Launch Clock ; Latch Clock ; Relationship ; Clock Skew ; Data Delay ;
+-------+---------------------------------------------------------------+---------------------------------------------------------------+--------------+-------------+--------------+------------+------------+
; 0.293 ; tcam:core|tcam_entry:valid_parameters.entries[0].entry|valid  ; tcam:core|tcam_entry:valid_parameters.entries[0].entry|valid  ; clk          ; clk         ; 1.000        ; -0.065     ; 0.637      ;
; 0.293 ; tcam:core|tcam_entry:valid_parameters.entries[1].entry|valid  ; tcam:core|tcam_entry:valid_parameters.entries[1].entry|valid  ; clk          ; clk         ; 1.000        ; -0.065     ; 0.637      ;
; 0.293 ; tcam:core|tcam_entry:valid_parameters.entries[8].entry|valid  ; tcam:core|tcam_entry:valid_parameters.entries[8].entry|valid  ; clk          ; clk         ; 1.000        ; -0.065     ; 0.637      ;
; 0.293 ; tcam:core|tcam_entry:valid_parameters.entries[9].entry|valid  ; tcam:core|tcam_entry:valid_parameters.entries[9].entry|valid  ; clk          ; clk         ; 1.000        ; -0.065     ; 0.637      ;
; 0.293 ; tcam:core|tcam_entry:valid_parameters.entries[2].entry|valid  ; tcam:core|tcam_entry:valid_parameters.entries[2].entry|valid  ; clk          ; clk         ; 1.000        ; -0.065     ; 0.637      ;
; 0.293 ; tcam:core|tcam_entry:valid_parameters.entries[3].entry|valid  ; tcam:core|tcam_entry:valid_parameters.entries[3].entry|valid  ; clk          ; clk         ; 1.000        ; -0.065     ; 0.637      ;
; 0.293 ; tcam:core|tcam_entry:valid_parameters.entries[4].entry|valid  ; tcam:core|tcam_entry:valid_parameters.entries[4].entry|valid  ; clk          ; clk         ; 1.000        ; -0.065     ; 0.637      ;
; 0.293 ; tcam:core|tcam_entry:valid_parameters.entries[5].entry|valid  ; tcam:core|tcam_entry:valid_parameters.entries[5].entry|valid  ; clk          ; clk         ; 1.000        ; -0.065     ; 0.637      ;
; 0.293 ; tcam:core|tcam_entry:valid_parameters.entries[6].entry|valid  ; tcam:core|tcam_entry:valid_parameters.entries[6].entry|valid  ; clk          ; clk         ; 1.000        ; -0.065     ; 0.637      ;
; 0.293 ; tcam:core|tcam_entry:valid_parameters.entries[7].entry|valid  ; tcam:core|tcam_entry:valid_parameters.entries[7].entry|valid  ; clk          ; clk         ; 1.000        ; -0.065     ; 0.637      ;
; 0.293 ; tcam:core|tcam_entry:valid_parameters.entries[10].entry|valid ; tcam:core|tcam_entry:valid_parameters.entries[10].entry|valid ; clk          ; clk         ; 1.000        ; -0.065     ; 0.637      ;
; 0.293 ; tcam:core|tcam_entry:valid_parameters.entries[12].entry|valid ; tcam:core|tcam_entry:valid_parameters.entries[12].entry|valid ; clk          ; clk         ; 1.000        ; -0.065     ; 0.637      ;
; 0.293 ; tcam:core|tcam_entry:valid_parameters.entries[13].entry|valid ; tcam:core|tcam_entry:valid_parameters.entries[13].entry|valid ; clk          ; clk         ; 1.000        ; -0.065     ; 0.637      ;
; 0.293 ; tcam:core|tcam_entry:valid_parameters.entries[14].entry|valid ; tcam:core|tcam_entry:valid_parameters.entries[14].entry|valid ; clk          ; clk         ; 1.000        ; -0.065     ; 0.637      ;
; 0.294 ; tcam:core|tcam_entry:valid_parameters.entries[11].entry|valid ; tcam:core|tcam_entry:valid_parameters.entries[11].entry|valid ; clk          ; clk         ; 1.000        ; -0.064     ; 0.637      ;
; 0.294 ; tcam:core|tcam_entry:valid_parameters.entries[15].entry|valid ; tcam:core|tcam_entry:valid_parameters.entries[15].entry|valid ; clk          ; clk         ; 1.000        ; -0.064     ; 0.637      ;
+-------+---------------------------------------------------------------+---------------------------------------------------------------+--------------+-------------+--------------+------------+------------+


+-------------------------------------------------------------------------------------------------------------------------------------------------------------------------------------------------------------+
; Slow 1200mV 85C Model Hold: 'clk'                                                                                                                                                                           ;
+-------+---------------------------------------------------------------+---------------------------------------------------------------+--------------+-------------+--------------+------------+------------+
; Slack ; From Node                                                     ; To Node                                                       ; Launch Clock ; Latch Clock ; Relationship ; Clock Skew ; Data Delay ;
+-------+---------------------------------------------------------------+---------------------------------------------------------------+--------------+-------------+--------------+------------+------------+
; 0.355 ; tcam:core|tcam_entry:valid_parameters.entries[0].entry|valid  ; tcam:core|tcam_entry:valid_parameters.entries[0].entry|valid  ; clk          ; clk         ; 0.000        ; 0.065      ; 0.577      ;
; 0.355 ; tcam:core|tcam_entry:valid_parameters.entries[1].entry|valid  ; tcam:core|tcam_entry:valid_parameters.entries[1].entry|valid  ; clk          ; clk         ; 0.000        ; 0.065      ; 0.577      ;
; 0.355 ; tcam:core|tcam_entry:valid_parameters.entries[8].entry|valid  ; tcam:core|tcam_entry:valid_parameters.entries[8].entry|valid  ; clk          ; clk         ; 0.000        ; 0.065      ; 0.577      ;
; 0.355 ; tcam:core|tcam_entry:valid_parameters.entries[9].entry|valid  ; tcam:core|tcam_entry:valid_parameters.entries[9].entry|valid  ; clk          ; clk         ; 0.000        ; 0.065      ; 0.577      ;
; 0.355 ; tcam:core|tcam_entry:valid_parameters.entries[2].entry|valid  ; tcam:core|tcam_entry:valid_parameters.entries[2].entry|valid  ; clk          ; clk         ; 0.000        ; 0.065      ; 0.577      ;
; 0.355 ; tcam:core|tcam_entry:valid_parameters.entries[3].entry|valid  ; tcam:core|tcam_entry:valid_parameters.entries[3].entry|valid  ; clk          ; clk         ; 0.000        ; 0.065      ; 0.577      ;
; 0.355 ; tcam:core|tcam_entry:valid_parameters.entries[4].entry|valid  ; tcam:core|tcam_entry:valid_parameters.entries[4].entry|valid  ; clk          ; clk         ; 0.000        ; 0.065      ; 0.577      ;
; 0.355 ; tcam:core|tcam_entry:valid_parameters.entries[5].entry|valid  ; tcam:core|tcam_entry:valid_parameters.entries[5].entry|valid  ; clk          ; clk         ; 0.000        ; 0.065      ; 0.577      ;
; 0.355 ; tcam:core|tcam_entry:valid_parameters.entries[6].entry|valid  ; tcam:core|tcam_entry:valid_parameters.entries[6].entry|valid  ; clk          ; clk         ; 0.000        ; 0.065      ; 0.577      ;
; 0.355 ; tcam:core|tcam_entry:valid_parameters.entries[7].entry|valid  ; tcam:core|tcam_entry:valid_parameters.entries[7].entry|valid  ; clk          ; clk         ; 0.000        ; 0.065      ; 0.577      ;
; 0.355 ; tcam:core|tcam_entry:valid_parameters.entries[10].entry|valid ; tcam:core|tcam_entry:valid_parameters.entries[10].entry|valid ; clk          ; clk         ; 0.000        ; 0.065      ; 0.577      ;
; 0.355 ; tcam:core|tcam_entry:valid_parameters.entries[12].entry|valid ; tcam:core|tcam_entry:valid_parameters.entries[12].entry|valid ; clk          ; clk         ; 0.000        ; 0.065      ; 0.577      ;
; 0.355 ; tcam:core|tcam_entry:valid_parameters.entries[13].entry|valid ; tcam:core|tcam_entry:valid_parameters.entries[13].entry|valid ; clk          ; clk         ; 0.000        ; 0.065      ; 0.577      ;
; 0.355 ; tcam:core|tcam_entry:valid_parameters.entries[14].entry|valid ; tcam:core|tcam_entry:valid_parameters.entries[14].entry|valid ; clk          ; clk         ; 0.000        ; 0.065      ; 0.577      ;
; 0.356 ; tcam:core|tcam_entry:valid_parameters.entries[11].entry|valid ; tcam:core|tcam_entry:valid_parameters.entries[11].entry|valid ; clk          ; clk         ; 0.000        ; 0.064      ; 0.577      ;
; 0.356 ; tcam:core|tcam_entry:valid_parameters.entries[15].entry|valid ; tcam:core|tcam_entry:valid_parameters.entries[15].entry|valid ; clk          ; clk         ; 0.000        ; 0.064      ; 0.577      ;
+-------+---------------------------------------------------------------+---------------------------------------------------------------+--------------+-------------+--------------+------------+------------+


+------------------------------------------------------------------------------------------------------------------------------------------------------+
; Slow 1200mV 85C Model Minimum Pulse Width: 'clk'                                                                                                     ;
+--------+--------------+----------------+------------+-------+------------+---------------------------------------------------------------------------+
; Slack  ; Actual Width ; Required Width ; Type       ; Clock ; Clock Edge ; Target                                                                    ;
+--------+--------------+----------------+------------+-------+------------+---------------------------------------------------------------------------+
; -3.000 ; 1.000        ; 4.000          ; Port Rate  ; clk   ; Rise       ; clk                                                                       ;
; -1.000 ; 1.000        ; 2.000          ; Min Period ; clk   ; Rise       ; tcam:core|tcam_entry:valid_parameters.entries[0].entry|stored_data[0]     ;
; -1.000 ; 1.000        ; 2.000          ; Min Period ; clk   ; Rise       ; tcam:core|tcam_entry:valid_parameters.entries[0].entry|stored_data[10]    ;
; -1.000 ; 1.000        ; 2.000          ; Min Period ; clk   ; Rise       ; tcam:core|tcam_entry:valid_parameters.entries[0].entry|stored_data[11]    ;
; -1.000 ; 1.000        ; 2.000          ; Min Period ; clk   ; Rise       ; tcam:core|tcam_entry:valid_parameters.entries[0].entry|stored_data[12]    ;
; -1.000 ; 1.000        ; 2.000          ; Min Period ; clk   ; Rise       ; tcam:core|tcam_entry:valid_parameters.entries[0].entry|stored_data[13]    ;
; -1.000 ; 1.000        ; 2.000          ; Min Period ; clk   ; Rise       ; tcam:core|tcam_entry:valid_parameters.entries[0].entry|stored_data[14]    ;
; -1.000 ; 1.000        ; 2.000          ; Min Period ; clk   ; Rise       ; tcam:core|tcam_entry:valid_parameters.entries[0].entry|stored_data[15]    ;
; -1.000 ; 1.000        ; 2.000          ; Min Period ; clk   ; Rise       ; tcam:core|tcam_entry:valid_parameters.entries[0].entry|stored_data[1]     ;
; -1.000 ; 1.000        ; 2.000          ; Min Period ; clk   ; Rise       ; tcam:core|tcam_entry:valid_parameters.entries[0].entry|stored_data[2]     ;
; -1.000 ; 1.000        ; 2.000          ; Min Period ; clk   ; Rise       ; tcam:core|tcam_entry:valid_parameters.entries[0].entry|stored_data[3]     ;
; -1.000 ; 1.000        ; 2.000          ; Min Period ; clk   ; Rise       ; tcam:core|tcam_entry:valid_parameters.entries[0].entry|stored_data[4]     ;
; -1.000 ; 1.000        ; 2.000          ; Min Period ; clk   ; Rise       ; tcam:core|tcam_entry:valid_parameters.entries[0].entry|stored_data[5]     ;
; -1.000 ; 1.000        ; 2.000          ; Min Period ; clk   ; Rise       ; tcam:core|tcam_entry:valid_parameters.entries[0].entry|stored_data[6]     ;
; -1.000 ; 1.000        ; 2.000          ; Min Period ; clk   ; Rise       ; tcam:core|tcam_entry:valid_parameters.entries[0].entry|stored_data[7]     ;
; -1.000 ; 1.000        ; 2.000          ; Min Period ; clk   ; Rise       ; tcam:core|tcam_entry:valid_parameters.entries[0].entry|stored_data[8]     ;
; -1.000 ; 1.000        ; 2.000          ; Min Period ; clk   ; Rise       ; tcam:core|tcam_entry:valid_parameters.entries[0].entry|stored_data[9]     ;
; -1.000 ; 1.000        ; 2.000          ; Min Period ; clk   ; Rise       ; tcam:core|tcam_entry:valid_parameters.entries[0].entry|stored_x_mask[0]   ;
; -1.000 ; 1.000        ; 2.000          ; Min Period ; clk   ; Rise       ; tcam:core|tcam_entry:valid_parameters.entries[0].entry|stored_x_mask[10]  ;
; -1.000 ; 1.000        ; 2.000          ; Min Period ; clk   ; Rise       ; tcam:core|tcam_entry:valid_parameters.entries[0].entry|stored_x_mask[11]  ;
; -1.000 ; 1.000        ; 2.000          ; Min Period ; clk   ; Rise       ; tcam:core|tcam_entry:valid_parameters.entries[0].entry|stored_x_mask[12]  ;
; -1.000 ; 1.000        ; 2.000          ; Min Period ; clk   ; Rise       ; tcam:core|tcam_entry:valid_parameters.entries[0].entry|stored_x_mask[13]  ;
; -1.000 ; 1.000        ; 2.000          ; Min Period ; clk   ; Rise       ; tcam:core|tcam_entry:valid_parameters.entries[0].entry|stored_x_mask[14]  ;
; -1.000 ; 1.000        ; 2.000          ; Min Period ; clk   ; Rise       ; tcam:core|tcam_entry:valid_parameters.entries[0].entry|stored_x_mask[15]  ;
; -1.000 ; 1.000        ; 2.000          ; Min Period ; clk   ; Rise       ; tcam:core|tcam_entry:valid_parameters.entries[0].entry|stored_x_mask[1]   ;
; -1.000 ; 1.000        ; 2.000          ; Min Period ; clk   ; Rise       ; tcam:core|tcam_entry:valid_parameters.entries[0].entry|stored_x_mask[2]   ;
; -1.000 ; 1.000        ; 2.000          ; Min Period ; clk   ; Rise       ; tcam:core|tcam_entry:valid_parameters.entries[0].entry|stored_x_mask[3]   ;
; -1.000 ; 1.000        ; 2.000          ; Min Period ; clk   ; Rise       ; tcam:core|tcam_entry:valid_parameters.entries[0].entry|stored_x_mask[4]   ;
; -1.000 ; 1.000        ; 2.000          ; Min Period ; clk   ; Rise       ; tcam:core|tcam_entry:valid_parameters.entries[0].entry|stored_x_mask[5]   ;
; -1.000 ; 1.000        ; 2.000          ; Min Period ; clk   ; Rise       ; tcam:core|tcam_entry:valid_parameters.entries[0].entry|stored_x_mask[6]   ;
; -1.000 ; 1.000        ; 2.000          ; Min Period ; clk   ; Rise       ; tcam:core|tcam_entry:valid_parameters.entries[0].entry|stored_x_mask[7]   ;
; -1.000 ; 1.000        ; 2.000          ; Min Period ; clk   ; Rise       ; tcam:core|tcam_entry:valid_parameters.entries[0].entry|stored_x_mask[8]   ;
; -1.000 ; 1.000        ; 2.000          ; Min Period ; clk   ; Rise       ; tcam:core|tcam_entry:valid_parameters.entries[0].entry|stored_x_mask[9]   ;
; -1.000 ; 1.000        ; 2.000          ; Min Period ; clk   ; Rise       ; tcam:core|tcam_entry:valid_parameters.entries[0].entry|valid              ;
; -1.000 ; 1.000        ; 2.000          ; Min Period ; clk   ; Rise       ; tcam:core|tcam_entry:valid_parameters.entries[10].entry|stored_data[0]    ;
; -1.000 ; 1.000        ; 2.000          ; Min Period ; clk   ; Rise       ; tcam:core|tcam_entry:valid_parameters.entries[10].entry|stored_data[10]   ;
; -1.000 ; 1.000        ; 2.000          ; Min Period ; clk   ; Rise       ; tcam:core|tcam_entry:valid_parameters.entries[10].entry|stored_data[11]   ;
; -1.000 ; 1.000        ; 2.000          ; Min Period ; clk   ; Rise       ; tcam:core|tcam_entry:valid_parameters.entries[10].entry|stored_data[12]   ;
; -1.000 ; 1.000        ; 2.000          ; Min Period ; clk   ; Rise       ; tcam:core|tcam_entry:valid_parameters.entries[10].entry|stored_data[13]   ;
; -1.000 ; 1.000        ; 2.000          ; Min Period ; clk   ; Rise       ; tcam:core|tcam_entry:valid_parameters.entries[10].entry|stored_data[14]   ;
; -1.000 ; 1.000        ; 2.000          ; Min Period ; clk   ; Rise       ; tcam:core|tcam_entry:valid_parameters.entries[10].entry|stored_data[15]   ;
; -1.000 ; 1.000        ; 2.000          ; Min Period ; clk   ; Rise       ; tcam:core|tcam_entry:valid_parameters.entries[10].entry|stored_data[1]    ;
; -1.000 ; 1.000        ; 2.000          ; Min Period ; clk   ; Rise       ; tcam:core|tcam_entry:valid_parameters.entries[10].entry|stored_data[2]    ;
; -1.000 ; 1.000        ; 2.000          ; Min Period ; clk   ; Rise       ; tcam:core|tcam_entry:valid_parameters.entries[10].entry|stored_data[3]    ;
; -1.000 ; 1.000        ; 2.000          ; Min Period ; clk   ; Rise       ; tcam:core|tcam_entry:valid_parameters.entries[10].entry|stored_data[4]    ;
; -1.000 ; 1.000        ; 2.000          ; Min Period ; clk   ; Rise       ; tcam:core|tcam_entry:valid_parameters.entries[10].entry|stored_data[5]    ;
; -1.000 ; 1.000        ; 2.000          ; Min Period ; clk   ; Rise       ; tcam:core|tcam_entry:valid_parameters.entries[10].entry|stored_data[6]    ;
; -1.000 ; 1.000        ; 2.000          ; Min Period ; clk   ; Rise       ; tcam:core|tcam_entry:valid_parameters.entries[10].entry|stored_data[7]    ;
; -1.000 ; 1.000        ; 2.000          ; Min Period ; clk   ; Rise       ; tcam:core|tcam_entry:valid_parameters.entries[10].entry|stored_data[8]    ;
; -1.000 ; 1.000        ; 2.000          ; Min Period ; clk   ; Rise       ; tcam:core|tcam_entry:valid_parameters.entries[10].entry|stored_data[9]    ;
; -1.000 ; 1.000        ; 2.000          ; Min Period ; clk   ; Rise       ; tcam:core|tcam_entry:valid_parameters.entries[10].entry|stored_x_mask[0]  ;
; -1.000 ; 1.000        ; 2.000          ; Min Period ; clk   ; Rise       ; tcam:core|tcam_entry:valid_parameters.entries[10].entry|stored_x_mask[10] ;
; -1.000 ; 1.000        ; 2.000          ; Min Period ; clk   ; Rise       ; tcam:core|tcam_entry:valid_parameters.entries[10].entry|stored_x_mask[11] ;
; -1.000 ; 1.000        ; 2.000          ; Min Period ; clk   ; Rise       ; tcam:core|tcam_entry:valid_parameters.entries[10].entry|stored_x_mask[12] ;
; -1.000 ; 1.000        ; 2.000          ; Min Period ; clk   ; Rise       ; tcam:core|tcam_entry:valid_parameters.entries[10].entry|stored_x_mask[13] ;
; -1.000 ; 1.000        ; 2.000          ; Min Period ; clk   ; Rise       ; tcam:core|tcam_entry:valid_parameters.entries[10].entry|stored_x_mask[14] ;
; -1.000 ; 1.000        ; 2.000          ; Min Period ; clk   ; Rise       ; tcam:core|tcam_entry:valid_parameters.entries[10].entry|stored_x_mask[15] ;
; -1.000 ; 1.000        ; 2.000          ; Min Period ; clk   ; Rise       ; tcam:core|tcam_entry:valid_parameters.entries[10].entry|stored_x_mask[1]  ;
; -1.000 ; 1.000        ; 2.000          ; Min Period ; clk   ; Rise       ; tcam:core|tcam_entry:valid_parameters.entries[10].entry|stored_x_mask[2]  ;
; -1.000 ; 1.000        ; 2.000          ; Min Period ; clk   ; Rise       ; tcam:core|tcam_entry:valid_parameters.entries[10].entry|stored_x_mask[3]  ;
; -1.000 ; 1.000        ; 2.000          ; Min Period ; clk   ; Rise       ; tcam:core|tcam_entry:valid_parameters.entries[10].entry|stored_x_mask[4]  ;
; -1.000 ; 1.000        ; 2.000          ; Min Period ; clk   ; Rise       ; tcam:core|tcam_entry:valid_parameters.entries[10].entry|stored_x_mask[5]  ;
; -1.000 ; 1.000        ; 2.000          ; Min Period ; clk   ; Rise       ; tcam:core|tcam_entry:valid_parameters.entries[10].entry|stored_x_mask[6]  ;
; -1.000 ; 1.000        ; 2.000          ; Min Period ; clk   ; Rise       ; tcam:core|tcam_entry:valid_parameters.entries[10].entry|stored_x_mask[7]  ;
; -1.000 ; 1.000        ; 2.000          ; Min Period ; clk   ; Rise       ; tcam:core|tcam_entry:valid_parameters.entries[10].entry|stored_x_mask[8]  ;
; -1.000 ; 1.000        ; 2.000          ; Min Period ; clk   ; Rise       ; tcam:core|tcam_entry:valid_parameters.entries[10].entry|stored_x_mask[9]  ;
; -1.000 ; 1.000        ; 2.000          ; Min Period ; clk   ; Rise       ; tcam:core|tcam_entry:valid_parameters.entries[10].entry|valid             ;
; -1.000 ; 1.000        ; 2.000          ; Min Period ; clk   ; Rise       ; tcam:core|tcam_entry:valid_parameters.entries[11].entry|stored_data[0]    ;
; -1.000 ; 1.000        ; 2.000          ; Min Period ; clk   ; Rise       ; tcam:core|tcam_entry:valid_parameters.entries[11].entry|stored_data[10]   ;
; -1.000 ; 1.000        ; 2.000          ; Min Period ; clk   ; Rise       ; tcam:core|tcam_entry:valid_parameters.entries[11].entry|stored_data[11]   ;
; -1.000 ; 1.000        ; 2.000          ; Min Period ; clk   ; Rise       ; tcam:core|tcam_entry:valid_parameters.entries[11].entry|stored_data[12]   ;
; -1.000 ; 1.000        ; 2.000          ; Min Period ; clk   ; Rise       ; tcam:core|tcam_entry:valid_parameters.entries[11].entry|stored_data[13]   ;
; -1.000 ; 1.000        ; 2.000          ; Min Period ; clk   ; Rise       ; tcam:core|tcam_entry:valid_parameters.entries[11].entry|stored_data[14]   ;
; -1.000 ; 1.000        ; 2.000          ; Min Period ; clk   ; Rise       ; tcam:core|tcam_entry:valid_parameters.entries[11].entry|stored_data[15]   ;
; -1.000 ; 1.000        ; 2.000          ; Min Period ; clk   ; Rise       ; tcam:core|tcam_entry:valid_parameters.entries[11].entry|stored_data[1]    ;
; -1.000 ; 1.000        ; 2.000          ; Min Period ; clk   ; Rise       ; tcam:core|tcam_entry:valid_parameters.entries[11].entry|stored_data[2]    ;
; -1.000 ; 1.000        ; 2.000          ; Min Period ; clk   ; Rise       ; tcam:core|tcam_entry:valid_parameters.entries[11].entry|stored_data[3]    ;
; -1.000 ; 1.000        ; 2.000          ; Min Period ; clk   ; Rise       ; tcam:core|tcam_entry:valid_parameters.entries[11].entry|stored_data[4]    ;
; -1.000 ; 1.000        ; 2.000          ; Min Period ; clk   ; Rise       ; tcam:core|tcam_entry:valid_parameters.entries[11].entry|stored_data[5]    ;
; -1.000 ; 1.000        ; 2.000          ; Min Period ; clk   ; Rise       ; tcam:core|tcam_entry:valid_parameters.entries[11].entry|stored_data[6]    ;
; -1.000 ; 1.000        ; 2.000          ; Min Period ; clk   ; Rise       ; tcam:core|tcam_entry:valid_parameters.entries[11].entry|stored_data[7]    ;
; -1.000 ; 1.000        ; 2.000          ; Min Period ; clk   ; Rise       ; tcam:core|tcam_entry:valid_parameters.entries[11].entry|stored_data[8]    ;
; -1.000 ; 1.000        ; 2.000          ; Min Period ; clk   ; Rise       ; tcam:core|tcam_entry:valid_parameters.entries[11].entry|stored_data[9]    ;
; -1.000 ; 1.000        ; 2.000          ; Min Period ; clk   ; Rise       ; tcam:core|tcam_entry:valid_parameters.entries[11].entry|stored_x_mask[0]  ;
; -1.000 ; 1.000        ; 2.000          ; Min Period ; clk   ; Rise       ; tcam:core|tcam_entry:valid_parameters.entries[11].entry|stored_x_mask[10] ;
; -1.000 ; 1.000        ; 2.000          ; Min Period ; clk   ; Rise       ; tcam:core|tcam_entry:valid_parameters.entries[11].entry|stored_x_mask[11] ;
; -1.000 ; 1.000        ; 2.000          ; Min Period ; clk   ; Rise       ; tcam:core|tcam_entry:valid_parameters.entries[11].entry|stored_x_mask[12] ;
; -1.000 ; 1.000        ; 2.000          ; Min Period ; clk   ; Rise       ; tcam:core|tcam_entry:valid_parameters.entries[11].entry|stored_x_mask[13] ;
; -1.000 ; 1.000        ; 2.000          ; Min Period ; clk   ; Rise       ; tcam:core|tcam_entry:valid_parameters.entries[11].entry|stored_x_mask[14] ;
; -1.000 ; 1.000        ; 2.000          ; Min Period ; clk   ; Rise       ; tcam:core|tcam_entry:valid_parameters.entries[11].entry|stored_x_mask[15] ;
; -1.000 ; 1.000        ; 2.000          ; Min Period ; clk   ; Rise       ; tcam:core|tcam_entry:valid_parameters.entries[11].entry|stored_x_mask[1]  ;
; -1.000 ; 1.000        ; 2.000          ; Min Period ; clk   ; Rise       ; tcam:core|tcam_entry:valid_parameters.entries[11].entry|stored_x_mask[2]  ;
; -1.000 ; 1.000        ; 2.000          ; Min Period ; clk   ; Rise       ; tcam:core|tcam_entry:valid_parameters.entries[11].entry|stored_x_mask[3]  ;
; -1.000 ; 1.000        ; 2.000          ; Min Period ; clk   ; Rise       ; tcam:core|tcam_entry:valid_parameters.entries[11].entry|stored_x_mask[4]  ;
; -1.000 ; 1.000        ; 2.000          ; Min Period ; clk   ; Rise       ; tcam:core|tcam_entry:valid_parameters.entries[11].entry|stored_x_mask[5]  ;
; -1.000 ; 1.000        ; 2.000          ; Min Period ; clk   ; Rise       ; tcam:core|tcam_entry:valid_parameters.entries[11].entry|stored_x_mask[6]  ;
; -1.000 ; 1.000        ; 2.000          ; Min Period ; clk   ; Rise       ; tcam:core|tcam_entry:valid_parameters.entries[11].entry|stored_x_mask[7]  ;
; -1.000 ; 1.000        ; 2.000          ; Min Period ; clk   ; Rise       ; tcam:core|tcam_entry:valid_parameters.entries[11].entry|stored_x_mask[8]  ;
; -1.000 ; 1.000        ; 2.000          ; Min Period ; clk   ; Rise       ; tcam:core|tcam_entry:valid_parameters.entries[11].entry|stored_x_mask[9]  ;
; -1.000 ; 1.000        ; 2.000          ; Min Period ; clk   ; Rise       ; tcam:core|tcam_entry:valid_parameters.entries[11].entry|valid             ;
+--------+--------------+----------------+------------+-------+------------+---------------------------------------------------------------------------+


+-------------------------------------------------------------------------------+
; Setup Times                                                                   ;
+-------------------+------------+-------+-------+------------+-----------------+
; Data Port         ; Clock Port ; Rise  ; Fall  ; Clock Edge ; Clock Reference ;
+-------------------+------------+-------+-------+------------+-----------------+
; reset             ; clk        ; 4.387 ; 4.861 ; Rise       ; clk             ;
; write_address[*]  ; clk        ; 4.899 ; 5.431 ; Rise       ; clk             ;
;  write_address[0] ; clk        ; 4.899 ; 5.431 ; Rise       ; clk             ;
;  write_address[1] ; clk        ; 4.824 ; 5.367 ; Rise       ; clk             ;
;  write_address[2] ; clk        ; 4.817 ; 5.365 ; Rise       ; clk             ;
;  write_address[3] ; clk        ; 4.645 ; 5.138 ; Rise       ; clk             ;
; write_data[*]     ; clk        ; 3.320 ; 3.793 ; Rise       ; clk             ;
;  write_data[0]    ; clk        ; 2.920 ; 3.390 ; Rise       ; clk             ;
;  write_data[1]    ; clk        ; 1.056 ; 1.080 ; Rise       ; clk             ;
;  write_data[2]    ; clk        ; 3.320 ; 3.793 ; Rise       ; clk             ;
;  write_data[3]    ; clk        ; 2.403 ; 2.883 ; Rise       ; clk             ;
;  write_data[4]    ; clk        ; 2.609 ; 3.116 ; Rise       ; clk             ;
;  write_data[5]    ; clk        ; 3.014 ; 3.501 ; Rise       ; clk             ;
;  write_data[6]    ; clk        ; 2.564 ; 3.018 ; Rise       ; clk             ;
;  write_data[7]    ; clk        ; 2.555 ; 3.049 ; Rise       ; clk             ;
;  write_data[8]    ; clk        ; 2.511 ; 3.009 ; Rise       ; clk             ;
;  write_data[9]    ; clk        ; 2.414 ; 2.896 ; Rise       ; clk             ;
;  write_data[10]   ; clk        ; 1.918 ; 2.348 ; Rise       ; clk             ;
;  write_data[11]   ; clk        ; 2.923 ; 3.420 ; Rise       ; clk             ;
;  write_data[12]   ; clk        ; 3.214 ; 3.660 ; Rise       ; clk             ;
;  write_data[13]   ; clk        ; 2.592 ; 3.066 ; Rise       ; clk             ;
;  write_data[14]   ; clk        ; 2.587 ; 3.094 ; Rise       ; clk             ;
;  write_data[15]   ; clk        ; 2.302 ; 2.766 ; Rise       ; clk             ;
; write_enable      ; clk        ; 4.652 ; 5.147 ; Rise       ; clk             ;
; write_x_mask[*]   ; clk        ; 3.284 ; 3.749 ; Rise       ; clk             ;
;  write_x_mask[0]  ; clk        ; 2.875 ; 3.329 ; Rise       ; clk             ;
;  write_x_mask[1]  ; clk        ; 3.284 ; 3.749 ; Rise       ; clk             ;
;  write_x_mask[2]  ; clk        ; 3.016 ; 3.516 ; Rise       ; clk             ;
;  write_x_mask[3]  ; clk        ; 0.881 ; 0.922 ; Rise       ; clk             ;
;  write_x_mask[4]  ; clk        ; 3.153 ; 3.654 ; Rise       ; clk             ;
;  write_x_mask[5]  ; clk        ; 2.619 ; 3.137 ; Rise       ; clk             ;
;  write_x_mask[6]  ; clk        ; 2.384 ; 2.844 ; Rise       ; clk             ;
;  write_x_mask[7]  ; clk        ; 2.602 ; 3.047 ; Rise       ; clk             ;
;  write_x_mask[8]  ; clk        ; 2.978 ; 3.485 ; Rise       ; clk             ;
;  write_x_mask[9]  ; clk        ; 2.590 ; 3.057 ; Rise       ; clk             ;
;  write_x_mask[10] ; clk        ; 1.992 ; 2.434 ; Rise       ; clk             ;
;  write_x_mask[11] ; clk        ; 2.740 ; 3.196 ; Rise       ; clk             ;
;  write_x_mask[12] ; clk        ; 2.343 ; 2.865 ; Rise       ; clk             ;
;  write_x_mask[13] ; clk        ; 2.269 ; 2.716 ; Rise       ; clk             ;
;  write_x_mask[14] ; clk        ; 2.547 ; 3.031 ; Rise       ; clk             ;
;  write_x_mask[15] ; clk        ; 2.878 ; 3.347 ; Rise       ; clk             ;
+-------------------+------------+-------+-------+------------+-----------------+


+---------------------------------------------------------------------------------+
; Hold Times                                                                      ;
+-------------------+------------+--------+--------+------------+-----------------+
; Data Port         ; Clock Port ; Rise   ; Fall   ; Clock Edge ; Clock Reference ;
+-------------------+------------+--------+--------+------------+-----------------+
; reset             ; clk        ; -1.767 ; -2.197 ; Rise       ; clk             ;
; write_address[*]  ; clk        ; -1.532 ; -2.053 ; Rise       ; clk             ;
;  write_address[0] ; clk        ; -1.732 ; -2.215 ; Rise       ; clk             ;
;  write_address[1] ; clk        ; -1.879 ; -2.316 ; Rise       ; clk             ;
;  write_address[2] ; clk        ; -1.532 ; -2.053 ; Rise       ; clk             ;
;  write_address[3] ; clk        ; -1.801 ; -2.336 ; Rise       ; clk             ;
; write_data[*]     ; clk        ; 0.005  ; -0.009 ; Rise       ; clk             ;
;  write_data[0]    ; clk        ; -1.492 ; -1.925 ; Rise       ; clk             ;
;  write_data[1]    ; clk        ; 0.005  ; -0.009 ; Rise       ; clk             ;
;  write_data[2]    ; clk        ; -1.645 ; -2.090 ; Rise       ; clk             ;
;  write_data[3]    ; clk        ; -0.990 ; -1.408 ; Rise       ; clk             ;
;  write_data[4]    ; clk        ; -1.391 ; -1.864 ; Rise       ; clk             ;
;  write_data[5]    ; clk        ; -1.628 ; -2.062 ; Rise       ; clk             ;
;  write_data[6]    ; clk        ; -1.146 ; -1.578 ; Rise       ; clk             ;
;  write_data[7]    ; clk        ; -1.461 ; -1.928 ; Rise       ; clk             ;
;  write_data[8]    ; clk        ; -1.637 ; -2.125 ; Rise       ; clk             ;
;  write_data[9]    ; clk        ; -1.554 ; -1.999 ; Rise       ; clk             ;
;  write_data[10]   ; clk        ; -0.884 ; -1.309 ; Rise       ; clk             ;
;  write_data[11]   ; clk        ; -1.667 ; -2.118 ; Rise       ; clk             ;
;  write_data[12]   ; clk        ; -1.621 ; -2.039 ; Rise       ; clk             ;
;  write_data[13]   ; clk        ; -1.507 ; -1.938 ; Rise       ; clk             ;
;  write_data[14]   ; clk        ; -1.557 ; -2.032 ; Rise       ; clk             ;
;  write_data[15]   ; clk        ; -0.957 ; -1.359 ; Rise       ; clk             ;
; write_enable      ; clk        ; -1.929 ; -2.407 ; Rise       ; clk             ;
; write_x_mask[*]   ; clk        ; 0.335  ; 0.246  ; Rise       ; clk             ;
;  write_x_mask[0]  ; clk        ; -1.367 ; -1.781 ; Rise       ; clk             ;
;  write_x_mask[1]  ; clk        ; -1.685 ; -2.130 ; Rise       ; clk             ;
;  write_x_mask[2]  ; clk        ; -1.598 ; -2.056 ; Rise       ; clk             ;
;  write_x_mask[3]  ; clk        ; 0.335  ; 0.246  ; Rise       ; clk             ;
;  write_x_mask[4]  ; clk        ; -1.502 ; -1.973 ; Rise       ; clk             ;
;  write_x_mask[5]  ; clk        ; -1.613 ; -2.090 ; Rise       ; clk             ;
;  write_x_mask[6]  ; clk        ; -1.480 ; -1.915 ; Rise       ; clk             ;
;  write_x_mask[7]  ; clk        ; -1.851 ; -2.282 ; Rise       ; clk             ;
;  write_x_mask[8]  ; clk        ; -1.750 ; -2.218 ; Rise       ; clk             ;
;  write_x_mask[9]  ; clk        ; -1.586 ; -2.038 ; Rise       ; clk             ;
;  write_x_mask[10] ; clk        ; -0.716 ; -1.123 ; Rise       ; clk             ;
;  write_x_mask[11] ; clk        ; -1.199 ; -1.608 ; Rise       ; clk             ;
;  write_x_mask[12] ; clk        ; -1.466 ; -1.932 ; Rise       ; clk             ;
;  write_x_mask[13] ; clk        ; -1.325 ; -1.744 ; Rise       ; clk             ;
;  write_x_mask[14] ; clk        ; -1.419 ; -1.857 ; Rise       ; clk             ;
;  write_x_mask[15] ; clk        ; -1.456 ; -1.903 ; Rise       ; clk             ;
+-------------------+------------+--------+--------+------------+-----------------+


+--------------------------------------------------------------------------------+
; Clock to Output Times                                                          ;
+------------------+------------+--------+--------+------------+-----------------+
; Data Port        ; Clock Port ; Rise   ; Fall   ; Clock Edge ; Clock Reference ;
+------------------+------------+--------+--------+------------+-----------------+
; match_lines[*]   ; clk        ; 11.289 ; 11.422 ; Rise       ; clk             ;
;  match_lines[0]  ; clk        ; 9.599  ; 9.632  ; Rise       ; clk             ;
;  match_lines[1]  ; clk        ; 10.428 ; 10.552 ; Rise       ; clk             ;
;  match_lines[2]  ; clk        ; 9.034  ; 9.049  ; Rise       ; clk             ;
;  match_lines[3]  ; clk        ; 10.753 ; 10.784 ; Rise       ; clk             ;
;  match_lines[4]  ; clk        ; 9.224  ; 9.306  ; Rise       ; clk             ;
;  match_lines[5]  ; clk        ; 9.941  ; 10.065 ; Rise       ; clk             ;
;  match_lines[6]  ; clk        ; 10.212 ; 10.228 ; Rise       ; clk             ;
;  match_lines[7]  ; clk        ; 10.449 ; 10.521 ; Rise       ; clk             ;
;  match_lines[8]  ; clk        ; 10.278 ; 10.336 ; Rise       ; clk             ;
;  match_lines[9]  ; clk        ; 10.025 ; 10.100 ; Rise       ; clk             ;
;  match_lines[10] ; clk        ; 11.289 ; 11.422 ; Rise       ; clk             ;
;  match_lines[11] ; clk        ; 10.151 ; 10.273 ; Rise       ; clk             ;
;  match_lines[12] ; clk        ; 9.415  ; 9.488  ; Rise       ; clk             ;
;  match_lines[13] ; clk        ; 9.963  ; 10.028 ; Rise       ; clk             ;
;  match_lines[14] ; clk        ; 9.564  ; 9.550  ; Rise       ; clk             ;
;  match_lines[15] ; clk        ; 9.650  ; 9.676  ; Rise       ; clk             ;
+------------------+------------+--------+--------+------------+-----------------+


+------------------------------------------------------------------------------+
; Minimum Clock to Output Times                                                ;
+------------------+------------+-------+-------+------------+-----------------+
; Data Port        ; Clock Port ; Rise  ; Fall  ; Clock Edge ; Clock Reference ;
+------------------+------------+-------+-------+------------+-----------------+
; match_lines[*]   ; clk        ; 6.990 ; 6.959 ; Rise       ; clk             ;
;  match_lines[0]  ; clk        ; 7.184 ; 7.126 ; Rise       ; clk             ;
;  match_lines[1]  ; clk        ; 7.504 ; 7.487 ; Rise       ; clk             ;
;  match_lines[2]  ; clk        ; 6.990 ; 6.959 ; Rise       ; clk             ;
;  match_lines[3]  ; clk        ; 8.139 ; 8.132 ; Rise       ; clk             ;
;  match_lines[4]  ; clk        ; 7.182 ; 7.163 ; Rise       ; clk             ;
;  match_lines[5]  ; clk        ; 7.375 ; 7.373 ; Rise       ; clk             ;
;  match_lines[6]  ; clk        ; 7.829 ; 7.807 ; Rise       ; clk             ;
;  match_lines[7]  ; clk        ; 7.592 ; 7.580 ; Rise       ; clk             ;
;  match_lines[8]  ; clk        ; 8.185 ; 8.198 ; Rise       ; clk             ;
;  match_lines[9]  ; clk        ; 7.435 ; 7.392 ; Rise       ; clk             ;
;  match_lines[10] ; clk        ; 8.745 ; 8.784 ; Rise       ; clk             ;
;  match_lines[11] ; clk        ; 7.680 ; 7.707 ; Rise       ; clk             ;
;  match_lines[12] ; clk        ; 7.347 ; 7.272 ; Rise       ; clk             ;
;  match_lines[13] ; clk        ; 7.689 ; 7.612 ; Rise       ; clk             ;
;  match_lines[14] ; clk        ; 7.730 ; 7.666 ; Rise       ; clk             ;
;  match_lines[15] ; clk        ; 7.764 ; 7.743 ; Rise       ; clk             ;
+------------------+------------+-------+-------+------------+-----------------+


+-----------------------------------------------------------------------+
; Propagation Delay                                                     ;
+-----------------+-----------------+--------+--------+--------+--------+
; Input Port      ; Output Port     ; RR     ; RF     ; FR     ; FF     ;
+-----------------+-----------------+--------+--------+--------+--------+
; search_data[0]  ; match_lines[0]  ; 10.351 ; 10.316 ; 10.799 ; 10.755 ;
; search_data[0]  ; match_lines[1]  ; 11.092 ; 11.158 ; 11.564 ; 11.621 ;
; search_data[0]  ; match_lines[2]  ; 9.850  ; 9.799  ; 10.307 ; 10.247 ;
; search_data[0]  ; match_lines[3]  ; 11.829 ; 11.853 ; 12.312 ; 12.324 ;
; search_data[0]  ; match_lines[4]  ; 10.669 ; 10.725 ; 11.147 ; 11.195 ;
; search_data[0]  ; match_lines[5]  ; 9.772  ; 9.840  ; 10.212 ; 10.271 ;
; search_data[0]  ; match_lines[6]  ; 11.034 ; 10.991 ; 11.491 ; 11.439 ;
; search_data[0]  ; match_lines[7]  ; 11.321 ; 11.327 ; 11.787 ; 11.784 ;
; search_data[0]  ; match_lines[8]  ; 10.881 ; 10.872 ; 11.349 ; 11.331 ;
; search_data[0]  ; match_lines[9]  ; 11.067 ; 11.150 ; 11.540 ; 11.611 ;
; search_data[0]  ; match_lines[10] ; 12.175 ; 12.255 ; 12.643 ; 12.714 ;
; search_data[0]  ; match_lines[11] ; 11.275 ; 11.336 ; 11.736 ; 11.788 ;
; search_data[0]  ; match_lines[12] ; 10.425 ; 10.424 ; 10.881 ; 10.871 ;
; search_data[0]  ; match_lines[13] ; 10.567 ; 10.565 ; 11.034 ; 11.023 ;
; search_data[0]  ; match_lines[14] ; 10.324 ; 10.285 ; 10.792 ; 10.744 ;
; search_data[0]  ; match_lines[15] ; 9.989  ; 10.010 ; 10.453 ; 10.466 ;
; search_data[1]  ; match_lines[0]  ; 9.488  ; 9.527  ; 10.015 ; 9.902  ;
; search_data[1]  ; match_lines[1]  ; 8.913  ; 8.970  ; 9.421  ; 9.390  ;
; search_data[1]  ; match_lines[2]  ; 9.895  ; 9.869  ; 10.373 ; 10.335 ;
; search_data[1]  ; match_lines[3]  ; 11.199 ; 11.194 ; 11.684 ; 11.670 ;
; search_data[1]  ; match_lines[4]  ; 9.451  ; 9.452  ; 9.915  ; 9.907  ;
; search_data[1]  ; match_lines[5]  ; 8.613  ; 8.640  ; 9.065  ; 9.068  ;
; search_data[1]  ; match_lines[6]  ; 10.290 ; 10.235 ; 10.756 ; 10.692 ;
; search_data[1]  ; match_lines[7]  ; 11.030 ; 11.024 ; 11.515 ; 11.500 ;
; search_data[1]  ; match_lines[8]  ; 10.999 ; 11.016 ; 11.500 ; 11.505 ;
; search_data[1]  ; match_lines[9]  ; 9.923  ; 9.938  ; 10.458 ; 10.400 ;
; search_data[1]  ; match_lines[10] ; 10.799 ; 10.851 ; 11.243 ; 11.286 ;
; search_data[1]  ; match_lines[11] ; 9.410  ; 9.445  ; 9.854  ; 9.880  ;
; search_data[1]  ; match_lines[12] ; 10.094 ; 10.119 ; 10.581 ; 10.594 ;
; search_data[1]  ; match_lines[13] ; 10.186 ; 10.158 ; 10.656 ; 10.619 ;
; search_data[1]  ; match_lines[14] ; 10.444 ; 10.431 ; 10.945 ; 10.920 ;
; search_data[1]  ; match_lines[15] ; 9.917  ; 9.936  ; 10.374 ; 10.381 ;
; search_data[2]  ; match_lines[0]  ; 11.045 ; 11.006 ; 11.538 ; 11.471 ;
; search_data[2]  ; match_lines[1]  ; 9.183  ; 9.223  ; 9.624  ; 9.641  ;
; search_data[2]  ; match_lines[2]  ; 10.016 ; 10.023 ; 10.497 ; 10.410 ;
; search_data[2]  ; match_lines[3]  ; 11.177 ; 11.195 ; 11.625 ; 11.652 ;
; search_data[2]  ; match_lines[4]  ; 10.106 ; 10.017 ; 10.555 ; 10.480 ;
; search_data[2]  ; match_lines[5]  ; 8.655  ; 8.685  ; 9.097  ; 9.104  ;
; search_data[2]  ; match_lines[6]  ; 11.131 ; 11.085 ; 11.570 ; 11.538 ;
; search_data[2]  ; match_lines[7]  ; 10.686 ; 10.659 ; 11.135 ; 11.117 ;
; search_data[2]  ; match_lines[8]  ; 11.295 ; 11.293 ; 11.747 ; 11.759 ;
; search_data[2]  ; match_lines[9]  ; 9.190  ; 9.171  ; 9.634  ; 9.606  ;
; search_data[2]  ; match_lines[10] ; 12.633 ; 12.707 ; 13.103 ; 13.186 ;
; search_data[2]  ; match_lines[11] ; 10.082 ; 10.090 ; 10.511 ; 10.528 ;
; search_data[2]  ; match_lines[12] ; 10.795 ; 10.795 ; 11.260 ; 11.269 ;
; search_data[2]  ; match_lines[13] ; 10.209 ; 10.210 ; 10.648 ; 10.658 ;
; search_data[2]  ; match_lines[14] ; 10.420 ; 10.329 ; 10.877 ; 10.767 ;
; search_data[2]  ; match_lines[15] ; 9.610  ; 9.555  ; 10.033 ; 9.987  ;
; search_data[3]  ; match_lines[0]  ; 9.383  ; 9.339  ; 9.826  ; 9.773  ;
; search_data[3]  ; match_lines[1]  ; 10.215 ; 10.236 ; 10.663 ; 10.675 ;
; search_data[3]  ; match_lines[2]  ; 9.167  ; 9.185  ; 9.601  ; 9.614  ;
; search_data[3]  ; match_lines[3]  ; 10.215 ; 10.234 ; 10.642 ; 10.652 ;
; search_data[3]  ; match_lines[4]  ; 9.220  ; 9.207  ; 9.677  ; 9.659  ;
; search_data[3]  ; match_lines[5]  ; 9.390  ; 9.410  ; 9.854  ; 9.865  ;
; search_data[3]  ; match_lines[6]  ; 9.243  ; 9.228  ; 9.680  ; 9.656  ;
; search_data[3]  ; match_lines[7]  ; 9.703  ; 9.679  ; 10.123 ; 10.090 ;
; search_data[3]  ; match_lines[8]  ; 10.417 ; 10.446 ; 10.864 ; 10.884 ;
; search_data[3]  ; match_lines[9]  ; 10.002 ; 10.088 ; 10.505 ; 10.518 ;
; search_data[3]  ; match_lines[10] ; 11.198 ; 11.275 ; 11.645 ; 11.713 ;
; search_data[3]  ; match_lines[11] ; 9.314  ; 9.325  ; 9.766  ; 9.768  ;
; search_data[3]  ; match_lines[12] ; 9.376  ; 9.380  ; 9.819  ; 9.814  ;
; search_data[3]  ; match_lines[13] ; 10.128 ; 10.206 ; 10.640 ; 10.591 ;
; search_data[3]  ; match_lines[14] ; 9.448  ; 9.349  ; 9.894  ; 9.786  ;
; search_data[3]  ; match_lines[15] ; 9.569  ; 9.518  ; 10.008 ; 9.948  ;
; search_data[4]  ; match_lines[0]  ; 10.817 ; 10.736 ; 11.325 ; 11.216 ;
; search_data[4]  ; match_lines[1]  ; 10.100 ; 10.133 ; 10.633 ; 10.571 ;
; search_data[4]  ; match_lines[2]  ; 10.517 ; 10.471 ; 10.998 ; 10.966 ;
; search_data[4]  ; match_lines[3]  ; 11.306 ; 11.297 ; 11.780 ; 11.785 ;
; search_data[4]  ; match_lines[4]  ; 10.821 ; 10.810 ; 11.321 ; 11.319 ;
; search_data[4]  ; match_lines[5]  ; 9.996  ; 9.967  ; 10.472 ; 10.446 ;
; search_data[4]  ; match_lines[6]  ; 11.046 ; 10.984 ; 11.528 ; 11.480 ;
; search_data[4]  ; match_lines[7]  ; 11.228 ; 11.147 ; 11.720 ; 11.642 ;
; search_data[4]  ; match_lines[8]  ; 11.355 ; 11.336 ; 11.827 ; 11.811 ;
; search_data[4]  ; match_lines[9]  ; 9.492  ; 9.436  ; 9.963  ; 9.910  ;
; search_data[4]  ; match_lines[10] ; 12.073 ; 12.162 ; 12.551 ; 12.649 ;
; search_data[4]  ; match_lines[11] ; 10.790 ; 10.816 ; 11.253 ; 11.282 ;
; search_data[4]  ; match_lines[12] ; 10.384 ; 10.349 ; 10.875 ; 10.849 ;
; search_data[4]  ; match_lines[13] ; 10.307 ; 10.280 ; 10.795 ; 10.771 ;
; search_data[4]  ; match_lines[14] ; 10.608 ; 10.509 ; 11.079 ; 10.983 ;
; search_data[4]  ; match_lines[15] ; 11.104 ; 11.074 ; 11.595 ; 11.568 ;
; search_data[5]  ; match_lines[0]  ; 9.552  ; 9.468  ; 10.070 ; 9.977  ;
; search_data[5]  ; match_lines[1]  ; 9.062  ; 9.061  ; 9.563  ; 9.553  ;
; search_data[5]  ; match_lines[2]  ; 9.923  ; 9.981  ; 10.483 ; 10.414 ;
; search_data[5]  ; match_lines[3]  ; 11.804 ; 11.870 ; 12.338 ; 12.399 ;
; search_data[5]  ; match_lines[4]  ; 9.484  ; 9.477  ; 10.001 ; 9.985  ;
; search_data[5]  ; match_lines[5]  ; 9.301  ; 9.338  ; 9.824  ; 9.851  ;
; search_data[5]  ; match_lines[6]  ; 10.452 ; 10.494 ; 11.012 ; 10.927 ;
; search_data[5]  ; match_lines[7]  ; 10.921 ; 10.869 ; 11.434 ; 11.373 ;
; search_data[5]  ; match_lines[8]  ; 11.127 ; 11.136 ; 11.640 ; 11.640 ;
; search_data[5]  ; match_lines[9]  ; 9.729  ; 9.743  ; 10.254 ; 10.263 ;
; search_data[5]  ; match_lines[10] ; 11.342 ; 11.433 ; 11.862 ; 11.944 ;
; search_data[5]  ; match_lines[11] ; 10.693 ; 10.818 ; 11.253 ; 11.249 ;
; search_data[5]  ; match_lines[12] ; 10.138 ; 10.151 ; 10.672 ; 10.680 ;
; search_data[5]  ; match_lines[13] ; 9.726  ; 9.773  ; 10.241 ; 10.278 ;
; search_data[5]  ; match_lines[14] ; 10.595 ; 10.596 ; 11.161 ; 11.035 ;
; search_data[5]  ; match_lines[15] ; 10.799 ; 10.796 ; 11.313 ; 11.301 ;
; search_data[6]  ; match_lines[0]  ; 10.824 ; 10.759 ; 11.312 ; 11.261 ;
; search_data[6]  ; match_lines[1]  ; 8.981  ; 8.949  ; 9.409  ; 9.358  ;
; search_data[6]  ; match_lines[2]  ; 9.754  ; 9.720  ; 10.211 ; 10.186 ;
; search_data[6]  ; match_lines[3]  ; 11.473 ; 11.500 ; 11.938 ; 11.946 ;
; search_data[6]  ; match_lines[4]  ; 9.960  ; 9.924  ; 10.435 ; 10.408 ;
; search_data[6]  ; match_lines[5]  ; 8.659  ; 8.655  ; 9.084  ; 9.089  ;
; search_data[6]  ; match_lines[6]  ; 10.973 ; 10.925 ; 11.433 ; 11.399 ;
; search_data[6]  ; match_lines[7]  ; 10.719 ; 10.711 ; 11.177 ; 11.178 ;
; search_data[6]  ; match_lines[8]  ; 11.335 ; 11.356 ; 11.774 ; 11.776 ;
; search_data[6]  ; match_lines[9]  ; 10.047 ; 10.016 ; 10.504 ; 10.482 ;
; search_data[6]  ; match_lines[10] ; 11.516 ; 11.611 ; 11.948 ; 12.015 ;
; search_data[6]  ; match_lines[11] ; 10.091 ; 10.149 ; 10.532 ; 10.599 ;
; search_data[6]  ; match_lines[12] ; 10.398 ; 10.360 ; 10.828 ; 10.799 ;
; search_data[6]  ; match_lines[13] ; 9.689  ; 9.679  ; 10.108 ; 10.107 ;
; search_data[6]  ; match_lines[14] ; 10.590 ; 10.533 ; 11.029 ; 10.953 ;
; search_data[6]  ; match_lines[15] ; 9.973  ; 9.945  ; 10.391 ; 10.372 ;
; search_data[7]  ; match_lines[0]  ; 9.792  ; 9.757  ; 10.297 ; 10.253 ;
; search_data[7]  ; match_lines[1]  ; 9.312  ; 9.330  ; 9.804  ; 9.817  ;
; search_data[7]  ; match_lines[2]  ; 9.450  ; 9.419  ; 9.928  ; 9.888  ;
; search_data[7]  ; match_lines[3]  ; 10.921 ; 10.955 ; 11.396 ; 11.421 ;
; search_data[7]  ; match_lines[4]  ; 9.631  ; 9.645  ; 10.125 ; 10.129 ;
; search_data[7]  ; match_lines[5]  ; 8.874  ; 8.871  ; 9.350  ; 9.338  ;
; search_data[7]  ; match_lines[6]  ; 10.440 ; 10.414 ; 10.918 ; 10.883 ;
; search_data[7]  ; match_lines[7]  ; 10.202 ; 10.195 ; 10.687 ; 10.671 ;
; search_data[7]  ; match_lines[8]  ; 10.854 ; 10.882 ; 11.349 ; 11.368 ;
; search_data[7]  ; match_lines[9]  ; 9.568  ; 9.614  ; 10.099 ; 10.016 ;
; search_data[7]  ; match_lines[10] ; 11.667 ; 11.806 ; 12.184 ; 12.313 ;
; search_data[7]  ; match_lines[11] ; 10.558 ; 10.618 ; 11.035 ; 11.086 ;
; search_data[7]  ; match_lines[12] ; 9.626  ; 9.582  ; 10.128 ; 10.075 ;
; search_data[7]  ; match_lines[13] ; 9.449  ; 9.442  ; 9.928  ; 9.912  ;
; search_data[7]  ; match_lines[14] ; 10.111 ; 10.059 ; 10.606 ; 10.545 ;
; search_data[7]  ; match_lines[15] ; 9.716  ; 9.689  ; 10.190 ; 10.154 ;
; search_data[8]  ; match_lines[0]  ; 9.724  ; 9.709  ; 10.193 ; 10.187 ;
; search_data[8]  ; match_lines[1]  ; 10.733 ; 10.665 ; 11.202 ; 11.148 ;
; search_data[8]  ; match_lines[2]  ; 9.068  ; 9.058  ; 9.523  ; 9.522  ;
; search_data[8]  ; match_lines[3]  ; 10.561 ; 10.524 ; 11.029 ; 11.001 ;
; search_data[8]  ; match_lines[4]  ; 9.312  ; 9.314  ; 9.778  ; 9.789  ;
; search_data[8]  ; match_lines[5]  ; 10.328 ; 10.306 ; 10.790 ; 10.777 ;
; search_data[8]  ; match_lines[6]  ; 10.655 ; 10.546 ; 11.132 ; 11.037 ;
; search_data[8]  ; match_lines[7]  ; 9.438  ; 9.369  ; 9.919  ; 9.822  ;
; search_data[8]  ; match_lines[8]  ; 10.292 ; 10.247 ; 10.760 ; 10.724 ;
; search_data[8]  ; match_lines[9]  ; 10.505 ; 10.470 ; 10.973 ; 10.947 ;
; search_data[8]  ; match_lines[10] ; 10.872 ; 10.906 ; 11.333 ; 11.376 ;
; search_data[8]  ; match_lines[11] ; 10.754 ; 10.785 ; 11.235 ; 11.247 ;
; search_data[8]  ; match_lines[12] ; 9.945  ; 9.891  ; 10.414 ; 10.369 ;
; search_data[8]  ; match_lines[13] ; 9.658  ; 9.589  ; 10.142 ; 10.087 ;
; search_data[8]  ; match_lines[14] ; 10.310 ; 10.247 ; 10.783 ; 10.729 ;
; search_data[8]  ; match_lines[15] ; 9.921  ; 9.900  ; 10.384 ; 10.344 ;
; search_data[9]  ; match_lines[0]  ; 9.362  ; 9.313  ; 9.838  ; 9.798  ;
; search_data[9]  ; match_lines[1]  ; 10.280 ; 10.316 ; 10.803 ; 10.712 ;
; search_data[9]  ; match_lines[2]  ; 9.081  ; 9.069  ; 9.533  ; 9.530  ;
; search_data[9]  ; match_lines[3]  ; 10.571 ; 10.553 ; 11.047 ; 11.038 ;
; search_data[9]  ; match_lines[4]  ; 9.416  ; 9.411  ; 9.884  ; 9.888  ;
; search_data[9]  ; match_lines[5]  ; 9.922  ; 9.976  ; 10.445 ; 10.372 ;
; search_data[9]  ; match_lines[6]  ; 10.669 ; 10.575 ; 11.153 ; 11.073 ;
; search_data[9]  ; match_lines[7]  ; 9.605  ; 9.539  ; 10.101 ; 10.016 ;
; search_data[9]  ; match_lines[8]  ; 10.554 ; 10.530 ; 11.035 ; 11.020 ;
; search_data[9]  ; match_lines[9]  ; 9.926  ; 9.893  ; 10.416 ; 10.374 ;
; search_data[9]  ; match_lines[10] ; 10.674 ; 10.712 ; 11.139 ; 11.168 ;
; search_data[9]  ; match_lines[11] ; 10.756 ; 10.806 ; 11.244 ; 11.275 ;
; search_data[9]  ; match_lines[12] ; 9.940  ; 9.881  ; 10.417 ; 10.367 ;
; search_data[9]  ; match_lines[13] ; 9.874  ; 9.847  ; 10.353 ; 10.335 ;
; search_data[9]  ; match_lines[14] ; 9.841  ; 9.776  ; 10.302 ; 10.246 ;
; search_data[9]  ; match_lines[15] ; 10.180 ; 10.180 ; 10.660 ; 10.669 ;
; search_data[10] ; match_lines[0]  ; 9.146  ; 9.111  ; 9.597  ; 9.571  ;
; search_data[10] ; match_lines[1]  ; 9.835  ; 9.845  ; 10.273 ; 10.292 ;
; search_data[10] ; match_lines[2]  ; 9.421  ; 9.401  ; 9.885  ; 9.846  ;
; search_data[10] ; match_lines[3]  ; 11.059 ; 11.008 ; 11.512 ; 11.475 ;
; search_data[10] ; match_lines[4]  ; 9.291  ; 9.262  ; 9.739  ; 9.724  ;
; search_data[10] ; match_lines[5]  ; 9.674  ; 9.676  ; 10.111 ; 10.122 ;
; search_data[10] ; match_lines[6]  ; 10.535 ; 10.488 ; 10.981 ; 10.943 ;
; search_data[10] ; match_lines[7]  ; 9.414  ; 9.356  ; 9.852  ; 9.775  ;
; search_data[10] ; match_lines[8]  ; 10.027 ; 9.994  ; 10.463 ; 10.439 ;
; search_data[10] ; match_lines[9]  ; 9.787  ; 9.714  ; 10.218 ; 10.154 ;
; search_data[10] ; match_lines[10] ; 10.871 ; 10.878 ; 11.291 ; 11.342 ;
; search_data[10] ; match_lines[11] ; 10.463 ; 10.524 ; 10.909 ; 10.979 ;
; search_data[10] ; match_lines[12] ; 9.518  ; 9.457  ; 9.969  ; 9.917  ;
; search_data[10] ; match_lines[13] ; 9.833  ; 9.798  ; 10.271 ; 10.217 ;
; search_data[10] ; match_lines[14] ; 9.704  ; 9.647  ; 10.140 ; 10.092 ;
; search_data[10] ; match_lines[15] ; 9.736  ; 9.701  ; 10.181 ; 10.160 ;
; search_data[11] ; match_lines[0]  ; 9.715  ; 9.698  ; 10.225 ; 10.217 ;
; search_data[11] ; match_lines[1]  ; 10.222 ; 10.308 ; 10.771 ; 10.728 ;
; search_data[11] ; match_lines[2]  ; 9.361  ; 9.303  ; 9.864  ; 9.820  ;
; search_data[11] ; match_lines[3]  ; 10.675 ; 10.624 ; 11.176 ; 11.128 ;
; search_data[11] ; match_lines[4]  ; 9.307  ; 9.289  ; 9.800  ; 9.791  ;
; search_data[11] ; match_lines[5]  ; 9.564  ; 9.568  ; 10.055 ; 10.050 ;
; search_data[11] ; match_lines[6]  ; 10.483 ; 10.421 ; 10.990 ; 10.900 ;
; search_data[11] ; match_lines[7]  ; 10.207 ; 10.139 ; 10.708 ; 10.643 ;
; search_data[11] ; match_lines[8]  ; 10.990 ; 10.934 ; 11.494 ; 11.452 ;
; search_data[11] ; match_lines[9]  ; 9.688  ; 9.692  ; 10.232 ; 10.107 ;
; search_data[11] ; match_lines[10] ; 10.579 ; 10.669 ; 11.100 ; 11.180 ;
; search_data[11] ; match_lines[11] ; 10.802 ; 10.828 ; 11.298 ; 11.327 ;
; search_data[11] ; match_lines[12] ; 9.679  ; 9.604  ; 10.188 ; 10.122 ;
; search_data[11] ; match_lines[13] ; 9.887  ; 9.844  ; 10.389 ; 10.349 ;
; search_data[11] ; match_lines[14] ; 9.711  ; 9.634  ; 10.204 ; 10.136 ;
; search_data[11] ; match_lines[15] ; 10.209 ; 10.202 ; 10.728 ; 10.702 ;
; search_data[12] ; match_lines[0]  ; 9.547  ; 9.484  ; 9.998  ; 9.944  ;
; search_data[12] ; match_lines[1]  ; 11.153 ; 11.137 ; 11.604 ; 11.597 ;
; search_data[12] ; match_lines[2]  ; 9.790  ; 9.757  ; 10.221 ; 10.197 ;
; search_data[12] ; match_lines[3]  ; 10.607 ; 10.621 ; 11.056 ; 11.079 ;
; search_data[12] ; match_lines[4]  ; 9.944  ; 9.910  ; 10.392 ; 10.367 ;
; search_data[12] ; match_lines[5]  ; 10.982 ; 11.011 ; 11.420 ; 11.458 ;
; search_data[12] ; match_lines[6]  ; 10.413 ; 10.387 ; 10.849 ; 10.832 ;
; search_data[12] ; match_lines[7]  ; 10.167 ; 10.130 ; 10.628 ; 10.600 ;
; search_data[12] ; match_lines[8]  ; 10.226 ; 10.245 ; 10.652 ; 10.680 ;
; search_data[12] ; match_lines[9]  ; 10.737 ; 10.691 ; 11.178 ; 11.141 ;
; search_data[12] ; match_lines[10] ; 11.232 ; 11.246 ; 11.679 ; 11.702 ;
; search_data[12] ; match_lines[11] ; 10.855 ; 10.888 ; 11.333 ; 11.338 ;
; search_data[12] ; match_lines[12] ; 9.941  ; 9.861  ; 10.389 ; 10.318 ;
; search_data[12] ; match_lines[13] ; 10.122 ; 10.031 ; 10.584 ; 10.502 ;
; search_data[12] ; match_lines[14] ; 10.123 ; 10.055 ; 10.577 ; 10.518 ;
; search_data[12] ; match_lines[15] ; 10.832 ; 10.841 ; 11.294 ; 11.312 ;
; search_data[13] ; match_lines[0]  ; 8.911  ; 8.852  ; 9.385  ; 9.317  ;
; search_data[13] ; match_lines[1]  ; 9.790  ; 9.776  ; 10.268 ; 10.245 ;
; search_data[13] ; match_lines[2]  ; 8.825  ; 8.794  ; 9.317  ; 9.277  ;
; search_data[13] ; match_lines[3]  ; 9.978  ; 9.996  ; 10.452 ; 10.461 ;
; search_data[13] ; match_lines[4]  ; 8.898  ; 8.916  ; 9.383  ; 9.391  ;
; search_data[13] ; match_lines[5]  ; 10.025 ; 10.055 ; 10.511 ; 10.532 ;
; search_data[13] ; match_lines[6]  ; 9.677  ; 9.656  ; 10.168 ; 10.138 ;
; search_data[13] ; match_lines[7]  ; 9.222  ; 9.188  ; 9.690  ; 9.647  ;
; search_data[13] ; match_lines[8]  ; 9.955  ; 9.977  ; 10.434 ; 10.447 ;
; search_data[13] ; match_lines[9]  ; 9.609  ; 9.565  ; 10.083 ; 10.030 ;
; search_data[13] ; match_lines[10] ; 10.807 ; 10.794 ; 11.273 ; 11.263 ;
; search_data[13] ; match_lines[11] ; 9.143  ; 9.172  ; 9.609  ; 9.629  ;
; search_data[13] ; match_lines[12] ; 9.111  ; 9.034  ; 9.587  ; 9.501  ;
; search_data[13] ; match_lines[13] ; 9.725  ; 9.683  ; 10.219 ; 10.167 ;
; search_data[13] ; match_lines[14] ; 9.741  ; 9.748  ; 10.272 ; 10.150 ;
; search_data[13] ; match_lines[15] ; 9.768  ; 9.767  ; 10.236 ; 10.226 ;
; search_data[14] ; match_lines[0]  ; 9.232  ; 9.186  ; 9.672  ; 9.635  ;
; search_data[14] ; match_lines[1]  ; 10.877 ; 10.831 ; 11.364 ; 11.332 ;
; search_data[14] ; match_lines[2]  ; 9.907  ; 9.918  ; 10.368 ; 10.388 ;
; search_data[14] ; match_lines[3]  ; 10.194 ; 10.174 ; 10.656 ; 10.645 ;
; search_data[14] ; match_lines[4]  ; 9.563  ; 9.566  ; 10.023 ; 10.035 ;
; search_data[14] ; match_lines[5]  ; 11.123 ; 11.149 ; 11.607 ; 11.636 ;
; search_data[14] ; match_lines[6]  ; 9.816  ; 9.801  ; 10.257 ; 10.251 ;
; search_data[14] ; match_lines[7]  ; 10.144 ; 10.136 ; 10.640 ; 10.604 ;
; search_data[14] ; match_lines[8]  ; 10.162 ; 10.160 ; 10.622 ; 10.629 ;
; search_data[14] ; match_lines[9]  ; 10.299 ; 10.273 ; 10.774 ; 10.729 ;
; search_data[14] ; match_lines[10] ; 11.006 ; 10.982 ; 11.490 ; 11.469 ;
; search_data[14] ; match_lines[11] ; 10.143 ; 10.191 ; 10.634 ; 10.663 ;
; search_data[14] ; match_lines[12] ; 10.063 ; 10.029 ; 10.553 ; 10.491 ;
; search_data[14] ; match_lines[13] ; 9.817  ; 9.749  ; 10.269 ; 10.210 ;
; search_data[14] ; match_lines[14] ; 10.353 ; 10.298 ; 10.827 ; 10.781 ;
; search_data[14] ; match_lines[15] ; 10.063 ; 10.041 ; 10.515 ; 10.502 ;
; search_data[15] ; match_lines[0]  ; 9.333  ; 9.289  ; 9.813  ; 9.760  ;
; search_data[15] ; match_lines[1]  ; 10.228 ; 10.215 ; 10.686 ; 10.664 ;
; search_data[15] ; match_lines[2]  ; 9.329  ; 9.322  ; 9.800  ; 9.784  ;
; search_data[15] ; match_lines[3]  ; 10.448 ; 10.479 ; 10.942 ; 10.963 ;
; search_data[15] ; match_lines[4]  ; 8.992  ; 9.071  ; 9.495  ; 9.447  ;
; search_data[15] ; match_lines[5]  ; 10.636 ; 10.730 ; 11.146 ; 11.111 ;
; search_data[15] ; match_lines[6]  ; 9.861  ; 9.850  ; 10.324 ; 10.304 ;
; search_data[15] ; match_lines[7]  ; 9.844  ; 9.833  ; 10.306 ; 10.286 ;
; search_data[15] ; match_lines[8]  ; 10.969 ; 11.018 ; 11.469 ; 11.508 ;
; search_data[15] ; match_lines[9]  ; 10.199 ; 10.252 ; 10.712 ; 10.638 ;
; search_data[15] ; match_lines[10] ; 11.543 ; 11.559 ; 12.027 ; 12.024 ;
; search_data[15] ; match_lines[11] ; 9.521  ; 9.575  ; 9.979  ; 10.024 ;
; search_data[15] ; match_lines[12] ; 9.830  ; 9.866  ; 10.364 ; 10.271 ;
; search_data[15] ; match_lines[13] ; 9.805  ; 9.787  ; 10.278 ; 10.250 ;
; search_data[15] ; match_lines[14] ; 9.856  ; 9.804  ; 10.330 ; 10.269 ;
; search_data[15] ; match_lines[15] ; 9.294  ; 9.274  ; 9.753  ; 9.724  ;
+-----------------+-----------------+--------+--------+--------+--------+


+-----------------------------------------------------------------------+
; Minimum Propagation Delay                                             ;
+-----------------+-----------------+--------+--------+--------+--------+
; Input Port      ; Output Port     ; RR     ; RF     ; FR     ; FF     ;
+-----------------+-----------------+--------+--------+--------+--------+
; search_data[0]  ; match_lines[0]  ; 9.932  ; 9.889  ; 10.366 ; 10.314 ;
; search_data[0]  ; match_lines[1]  ; 10.581 ; 10.612 ; 11.037 ; 11.059 ;
; search_data[0]  ; match_lines[2]  ; 9.508  ; 9.452  ; 9.951  ; 9.886  ;
; search_data[0]  ; match_lines[3]  ; 11.349 ; 11.363 ; 11.816 ; 11.818 ;
; search_data[0]  ; match_lines[4]  ; 10.234 ; 10.275 ; 10.697 ; 10.730 ;
; search_data[0]  ; match_lines[5]  ; 9.375  ; 9.414  ; 9.801  ; 9.831  ;
; search_data[0]  ; match_lines[6]  ; 10.590 ; 10.536 ; 11.032 ; 10.969 ;
; search_data[0]  ; match_lines[7]  ; 10.865 ; 10.859 ; 11.316 ; 11.301 ;
; search_data[0]  ; match_lines[8]  ; 10.531 ; 10.519 ; 10.985 ; 10.964 ;
; search_data[0]  ; match_lines[9]  ; 10.499 ; 10.539 ; 10.957 ; 10.985 ;
; search_data[0]  ; match_lines[10] ; 11.708 ; 11.780 ; 12.161 ; 12.224 ;
; search_data[0]  ; match_lines[11] ; 10.820 ; 10.869 ; 11.266 ; 11.306 ;
; search_data[0]  ; match_lines[12] ; 10.065 ; 10.056 ; 10.507 ; 10.489 ;
; search_data[0]  ; match_lines[13] ; 10.139 ; 10.125 ; 10.592 ; 10.569 ;
; search_data[0]  ; match_lines[14] ; 9.968  ; 9.924  ; 10.421 ; 10.368 ;
; search_data[0]  ; match_lines[15] ; 9.645  ; 9.657  ; 10.095 ; 10.099 ;
; search_data[1]  ; match_lines[0]  ; 9.163  ; 9.196  ; 9.672  ; 9.559  ;
; search_data[1]  ; match_lines[1]  ; 8.612  ; 8.662  ; 9.103  ; 9.068  ;
; search_data[1]  ; match_lines[2]  ; 9.550  ; 9.518  ; 10.013 ; 9.969  ;
; search_data[1]  ; match_lines[3]  ; 10.806 ; 10.795 ; 11.275 ; 11.255 ;
; search_data[1]  ; match_lines[4]  ; 9.123  ; 9.118  ; 9.572  ; 9.558  ;
; search_data[1]  ; match_lines[5]  ; 8.323  ; 8.345  ; 8.762  ; 8.760  ;
; search_data[1]  ; match_lines[6]  ; 9.935  ; 9.875  ; 10.386 ; 10.317 ;
; search_data[1]  ; match_lines[7]  ; 10.644 ; 10.632 ; 11.114 ; 11.093 ;
; search_data[1]  ; match_lines[8]  ; 10.644 ; 10.656 ; 11.129 ; 11.129 ;
; search_data[1]  ; match_lines[9]  ; 9.580  ; 9.590  ; 10.098 ; 10.038 ;
; search_data[1]  ; match_lines[10] ; 10.451 ; 10.497 ; 10.881 ; 10.918 ;
; search_data[1]  ; match_lines[11] ; 9.089  ; 9.118  ; 9.519  ; 9.539  ;
; search_data[1]  ; match_lines[12] ; 9.747  ; 9.762  ; 10.218 ; 10.221 ;
; search_data[1]  ; match_lines[13] ; 9.833  ; 9.799  ; 10.289 ; 10.246 ;
; search_data[1]  ; match_lines[14] ; 10.082 ; 10.063 ; 10.567 ; 10.536 ;
; search_data[1]  ; match_lines[15] ; 9.575  ; 9.586  ; 10.017 ; 10.016 ;
; search_data[2]  ; match_lines[0]  ; 10.571 ; 10.500 ; 11.026 ; 10.967 ;
; search_data[2]  ; match_lines[1]  ; 8.807  ; 8.838  ; 9.237  ; 9.245  ;
; search_data[2]  ; match_lines[2]  ; 9.666  ; 9.655  ; 10.105 ; 10.045 ;
; search_data[2]  ; match_lines[3]  ; 10.733 ; 10.732 ; 11.167 ; 11.175 ;
; search_data[2]  ; match_lines[4]  ; 9.729  ; 9.651  ; 10.169 ; 10.083 ;
; search_data[2]  ; match_lines[5]  ; 8.364  ; 8.388  ; 8.794  ; 8.795  ;
; search_data[2]  ; match_lines[6]  ; 10.659 ; 10.618 ; 11.089 ; 11.040 ;
; search_data[2]  ; match_lines[7]  ; 10.253 ; 10.221 ; 10.688 ; 10.665 ;
; search_data[2]  ; match_lines[8]  ; 10.844 ; 10.850 ; 11.287 ; 11.285 ;
; search_data[2]  ; match_lines[9]  ; 8.818  ; 8.790  ; 9.248  ; 9.211  ;
; search_data[2]  ; match_lines[10] ; 12.151 ; 12.218 ; 12.605 ; 12.681 ;
; search_data[2]  ; match_lines[11] ; 9.684  ; 9.673  ; 10.099 ; 10.097 ;
; search_data[2]  ; match_lines[12] ; 10.359 ; 10.350 ; 10.809 ; 10.809 ;
; search_data[2]  ; match_lines[13] ; 9.797  ; 9.788  ; 10.222 ; 10.222 ;
; search_data[2]  ; match_lines[14] ; 9.969  ; 9.851  ; 10.390 ; 10.291 ;
; search_data[2]  ; match_lines[15] ; 9.219  ; 9.159  ; 9.629  ; 9.578  ;
; search_data[3]  ; match_lines[0]  ; 9.064  ; 9.015  ; 9.493  ; 9.435  ;
; search_data[3]  ; match_lines[1]  ; 9.800  ; 9.811  ; 10.234 ; 10.236 ;
; search_data[3]  ; match_lines[2]  ; 8.852  ; 8.864  ; 9.273  ; 9.280  ;
; search_data[3]  ; match_lines[3]  ; 9.861  ; 9.874  ; 10.275 ; 10.279 ;
; search_data[3]  ; match_lines[4]  ; 8.901  ; 8.884  ; 9.345  ; 9.323  ;
; search_data[3]  ; match_lines[5]  ; 9.071  ; 9.084  ; 9.520  ; 9.524  ;
; search_data[3]  ; match_lines[6]  ; 8.931  ; 8.908  ; 9.355  ; 9.323  ;
; search_data[3]  ; match_lines[7]  ; 9.370  ; 9.342  ; 9.778  ; 9.741  ;
; search_data[3]  ; match_lines[8]  ; 10.086 ; 10.110 ; 10.519 ; 10.534 ;
; search_data[3]  ; match_lines[9]  ; 9.536  ; 9.585  ; 10.022 ; 10.001 ;
; search_data[3]  ; match_lines[10] ; 10.834 ; 10.905 ; 11.267 ; 11.329 ;
; search_data[3]  ; match_lines[11] ; 8.999  ; 9.003  ; 9.436  ; 9.431  ;
; search_data[3]  ; match_lines[12] ; 9.059  ; 9.054  ; 9.488  ; 9.474  ;
; search_data[3]  ; match_lines[13] ; 9.780  ; 9.847  ; 10.275 ; 10.220 ;
; search_data[3]  ; match_lines[14] ; 9.126  ; 9.025  ; 9.559  ; 9.449  ;
; search_data[3]  ; match_lines[15] ; 9.240  ; 9.185  ; 9.666  ; 9.602  ;
; search_data[4]  ; match_lines[0]  ; 10.337 ; 10.239 ; 10.808 ; 10.722 ;
; search_data[4]  ; match_lines[1]  ; 9.679  ; 9.698  ; 10.176 ; 10.139 ;
; search_data[4]  ; match_lines[2]  ; 10.057 ; 10.019 ; 10.531 ; 10.485 ;
; search_data[4]  ; match_lines[3]  ; 10.881 ; 10.879 ; 11.348 ; 11.338 ;
; search_data[4]  ; match_lines[4]  ; 10.372 ; 10.355 ; 10.859 ; 10.851 ;
; search_data[4]  ; match_lines[5]  ; 9.619  ; 9.601  ; 10.094 ; 10.063 ;
; search_data[4]  ; match_lines[6]  ; 10.572 ; 10.517 ; 11.046 ; 10.983 ;
; search_data[4]  ; match_lines[7]  ; 10.740 ; 10.671 ; 11.231 ; 11.149 ;
; search_data[4]  ; match_lines[8]  ; 10.892 ; 10.883 ; 11.363 ; 11.341 ;
; search_data[4]  ; match_lines[9]  ; 9.134  ; 9.090  ; 9.606  ; 9.549  ;
; search_data[4]  ; match_lines[10] ; 11.619 ; 11.688 ; 12.084 ; 12.162 ;
; search_data[4]  ; match_lines[11] ; 10.330 ; 10.349 ; 10.793 ; 10.799 ;
; search_data[4]  ; match_lines[12] ; 10.020 ; 9.980  ; 10.498 ; 10.467 ;
; search_data[4]  ; match_lines[13] ; 9.918  ; 9.899  ; 10.406 ; 10.374 ;
; search_data[4]  ; match_lines[14] ; 10.143 ; 10.057 ; 10.615 ; 10.516 ;
; search_data[4]  ; match_lines[15] ; 10.619 ; 10.598 ; 11.110 ; 11.076 ;
; search_data[5]  ; match_lines[0]  ; 9.221  ; 9.135  ; 9.725  ; 9.630  ;
; search_data[5]  ; match_lines[1]  ; 8.751  ; 8.745  ; 9.239  ; 9.224  ;
; search_data[5]  ; match_lines[2]  ; 9.574  ; 9.624  ; 10.118 ; 10.046 ;
; search_data[5]  ; match_lines[3]  ; 11.383 ; 11.441 ; 11.903 ; 11.956 ;
; search_data[5]  ; match_lines[4]  ; 9.151  ; 9.138  ; 9.654  ; 9.632  ;
; search_data[5]  ; match_lines[5]  ; 8.980  ; 9.013  ; 9.489  ; 9.512  ;
; search_data[5]  ; match_lines[6]  ; 10.086 ; 10.121 ; 10.631 ; 10.544 ;
; search_data[5]  ; match_lines[7]  ; 10.536 ; 10.481 ; 11.036 ; 10.972 ;
; search_data[5]  ; match_lines[8]  ; 10.763 ; 10.768 ; 11.262 ; 11.258 ;
; search_data[5]  ; match_lines[9]  ; 9.391  ; 9.401  ; 9.902  ; 9.907  ;
; search_data[5]  ; match_lines[10] ; 10.969 ; 11.052 ; 11.476 ; 11.550 ;
; search_data[5]  ; match_lines[11] ; 10.317 ; 10.433 ; 10.862 ; 10.853 ;
; search_data[5]  ; match_lines[12] ; 9.784  ; 9.791  ; 10.304 ; 10.306 ;
; search_data[5]  ; match_lines[13] ; 9.389  ; 9.428  ; 9.890  ; 9.919  ;
; search_data[5]  ; match_lines[14] ; 10.221 ; 10.219 ; 10.772 ; 10.648 ;
; search_data[5]  ; match_lines[15] ; 10.417 ; 10.409 ; 10.917 ; 10.900 ;
; search_data[6]  ; match_lines[0]  ; 10.371 ; 10.303 ; 10.848 ; 10.772 ;
; search_data[6]  ; match_lines[1]  ; 8.639  ; 8.592  ; 9.031  ; 9.003  ;
; search_data[6]  ; match_lines[2]  ; 9.354  ; 9.315  ; 9.796  ; 9.766  ;
; search_data[6]  ; match_lines[3]  ; 10.970 ; 10.977 ; 11.399 ; 11.425 ;
; search_data[6]  ; match_lines[4]  ; 9.612  ; 9.573  ; 10.072 ; 10.042 ;
; search_data[6]  ; match_lines[5]  ; 8.316  ; 8.296  ; 8.728  ; 8.717  ;
; search_data[6]  ; match_lines[6]  ; 10.506 ; 10.463 ; 10.957 ; 10.906 ;
; search_data[6]  ; match_lines[7]  ; 10.296 ; 10.268 ; 10.739 ; 10.720 ;
; search_data[6]  ; match_lines[8]  ; 10.867 ; 10.872 ; 11.270 ; 11.294 ;
; search_data[6]  ; match_lines[9]  ; 9.650  ; 9.602  ; 10.092 ; 10.053 ;
; search_data[6]  ; match_lines[10] ; 11.105 ; 11.178 ; 11.500 ; 11.585 ;
; search_data[6]  ; match_lines[11] ; 9.692  ; 9.730  ; 10.119 ; 10.166 ;
; search_data[6]  ; match_lines[12] ; 9.988  ; 9.931  ; 10.404 ; 10.356 ;
; search_data[6]  ; match_lines[13] ; 9.296  ; 9.278  ; 9.702  ; 9.693  ;
; search_data[6]  ; match_lines[14] ; 10.131 ; 10.046 ; 10.535 ; 10.469 ;
; search_data[6]  ; match_lines[15] ; 9.576  ; 9.532  ; 9.981  ; 9.946  ;
; search_data[7]  ; match_lines[0]  ; 9.456  ; 9.416  ; 9.945  ; 9.896  ;
; search_data[7]  ; match_lines[1]  ; 8.994  ; 9.007  ; 9.470  ; 9.478  ;
; search_data[7]  ; match_lines[2]  ; 9.122  ; 9.087  ; 9.585  ; 9.541  ;
; search_data[7]  ; match_lines[3]  ; 10.540 ; 10.566 ; 11.000 ; 11.017 ;
; search_data[7]  ; match_lines[4]  ; 9.296  ; 9.306  ; 9.774  ; 9.774  ;
; search_data[7]  ; match_lines[5]  ; 8.574  ; 8.568  ; 9.034  ; 9.019  ;
; search_data[7]  ; match_lines[6]  ; 10.081 ; 10.047 ; 10.543 ; 10.500 ;
; search_data[7]  ; match_lines[7]  ; 9.850  ; 9.836  ; 10.320 ; 10.297 ;
; search_data[7]  ; match_lines[8]  ; 10.505 ; 10.528 ; 10.984 ; 10.998 ;
; search_data[7]  ; match_lines[9]  ; 9.241  ; 9.281  ; 9.755  ; 9.670  ;
; search_data[7]  ; match_lines[10] ; 11.284 ; 11.414 ; 11.785 ; 11.905 ;
; search_data[7]  ; match_lines[11] ; 10.192 ; 10.244 ; 10.654 ; 10.697 ;
; search_data[7]  ; match_lines[12] ; 9.298  ; 9.248  ; 9.783  ; 9.724  ;
; search_data[7]  ; match_lines[13] ; 9.126  ; 9.113  ; 9.590  ; 9.568  ;
; search_data[7]  ; match_lines[14] ; 9.762  ; 9.706  ; 10.241 ; 10.176 ;
; search_data[7]  ; match_lines[15] ; 9.381  ; 9.350  ; 9.840  ; 9.800  ;
; search_data[8]  ; match_lines[0]  ; 9.391  ; 9.373  ; 9.844  ; 9.835  ;
; search_data[8]  ; match_lines[1]  ; 10.274 ; 10.214 ; 10.734 ; 10.666 ;
; search_data[8]  ; match_lines[2]  ; 8.757  ; 8.742  ; 9.197  ; 9.191  ;
; search_data[8]  ; match_lines[3]  ; 10.192 ; 10.152 ; 10.645 ; 10.614 ;
; search_data[8]  ; match_lines[4]  ; 8.990  ; 8.988  ; 9.440  ; 9.447  ;
; search_data[8]  ; match_lines[5]  ; 9.910  ; 9.882  ; 10.356 ; 10.337 ;
; search_data[8]  ; match_lines[6]  ; 10.260 ; 10.165 ; 10.727 ; 10.624 ;
; search_data[8]  ; match_lines[7]  ; 9.080  ; 8.996  ; 9.522  ; 9.450  ;
; search_data[8]  ; match_lines[8]  ; 9.964  ; 9.919  ; 10.416 ; 10.380 ;
; search_data[8]  ; match_lines[9]  ; 10.089 ; 10.036 ; 10.542 ; 10.498 ;
; search_data[8]  ; match_lines[10] ; 10.459 ; 10.490 ; 10.904 ; 10.944 ;
; search_data[8]  ; match_lines[11] ; 10.341 ; 10.354 ; 10.786 ; 10.818 ;
; search_data[8]  ; match_lines[12] ; 9.602  ; 9.547  ; 10.055 ; 10.009 ;
; search_data[8]  ; match_lines[13] ; 9.303  ; 9.245  ; 9.776  ; 9.710  ;
; search_data[8]  ; match_lines[14] ; 9.952  ; 9.888  ; 10.410 ; 10.355 ;
; search_data[8]  ; match_lines[15] ; 9.540  ; 9.504  ; 9.965  ; 9.948  ;
; search_data[9]  ; match_lines[0]  ; 9.044  ; 8.992  ; 9.504  ; 9.461  ;
; search_data[9]  ; match_lines[1]  ; 9.925  ; 9.954  ; 10.431 ; 10.338 ;
; search_data[9]  ; match_lines[2]  ; 8.769  ; 8.751  ; 9.207  ; 9.198  ;
; search_data[9]  ; match_lines[3]  ; 10.202 ; 10.181 ; 10.663 ; 10.651 ;
; search_data[9]  ; match_lines[4]  ; 9.090  ; 9.080  ; 9.543  ; 9.542  ;
; search_data[9]  ; match_lines[5]  ; 9.582  ; 9.629  ; 10.087 ; 10.012 ;
; search_data[9]  ; match_lines[6]  ; 10.273 ; 10.192 ; 10.747 ; 10.658 ;
; search_data[9]  ; match_lines[7]  ; 9.238  ; 9.159  ; 9.696  ; 9.636  ;
; search_data[9]  ; match_lines[8]  ; 10.216 ; 10.192 ; 10.681 ; 10.666 ;
; search_data[9]  ; match_lines[9]  ; 9.585  ; 9.547  ; 10.059 ; 10.012 ;
; search_data[9]  ; match_lines[10] ; 10.331 ; 10.366 ; 10.781 ; 10.807 ;
; search_data[9]  ; match_lines[11] ; 10.342 ; 10.376 ; 10.793 ; 10.846 ;
; search_data[9]  ; match_lines[12] ; 9.596  ; 9.537  ; 10.058 ; 10.008 ;
; search_data[9]  ; match_lines[13] ; 9.534  ; 9.505  ; 9.998  ; 9.978  ;
; search_data[9]  ; match_lines[14] ; 9.502  ; 9.435  ; 9.948  ; 9.890  ;
; search_data[9]  ; match_lines[15] ; 9.828  ; 9.824  ; 10.292 ; 10.297 ;
; search_data[10] ; match_lines[0]  ; 8.835  ; 8.797  ; 9.271  ; 9.242  ;
; search_data[10] ; match_lines[1]  ; 9.444  ; 9.435  ; 9.869  ; 9.869  ;
; search_data[10] ; match_lines[2]  ; 9.056  ; 9.020  ; 9.483  ; 9.466  ;
; search_data[10] ; match_lines[3]  ; 10.645 ; 10.605 ; 11.089 ; 11.041 ;
; search_data[10] ; match_lines[4]  ; 8.946  ; 8.926  ; 9.386  ; 9.358  ;
; search_data[10] ; match_lines[5]  ; 9.290  ; 9.275  ; 9.713  ; 9.707  ;
; search_data[10] ; match_lines[6]  ; 10.168 ; 10.119 ; 10.599 ; 10.559 ;
; search_data[10] ; match_lines[7]  ; 9.053  ; 8.983  ; 9.456  ; 9.405  ;
; search_data[10] ; match_lines[8]  ; 9.709  ; 9.676  ; 10.131 ; 10.107 ;
; search_data[10] ; match_lines[9]  ; 9.398  ; 9.308  ; 9.816  ; 9.735  ;
; search_data[10] ; match_lines[10] ; 10.513 ; 10.510 ; 10.899 ; 10.959 ;
; search_data[10] ; match_lines[11] ; 10.099 ; 10.154 ; 10.531 ; 10.595 ;
; search_data[10] ; match_lines[12] ; 9.191  ; 9.129  ; 9.627  ; 9.574  ;
; search_data[10] ; match_lines[13] ; 9.455  ; 9.407  ; 9.857  ; 9.828  ;
; search_data[10] ; match_lines[14] ; 9.371  ; 9.312  ; 9.792  ; 9.742  ;
; search_data[10] ; match_lines[15] ; 9.377  ; 9.351  ; 9.813  ; 9.779  ;
; search_data[11] ; match_lines[0]  ; 9.377  ; 9.357  ; 9.873  ; 9.862  ;
; search_data[11] ; match_lines[1]  ; 9.863  ; 9.941  ; 10.398 ; 10.351 ;
; search_data[11] ; match_lines[2]  ; 9.009  ; 8.960  ; 9.503  ; 9.446  ;
; search_data[11] ; match_lines[3]  ; 10.268 ; 10.229 ; 10.768 ; 10.716 ;
; search_data[11] ; match_lines[4]  ; 8.981  ; 8.958  ; 9.461  ; 9.447  ;
; search_data[11] ; match_lines[5]  ; 9.232  ; 9.231  ; 9.711  ; 9.701  ;
; search_data[11] ; match_lines[6]  ; 10.078 ; 10.002 ; 10.548 ; 10.484 ;
; search_data[11] ; match_lines[7]  ; 9.820  ; 9.764  ; 10.320 ; 10.251 ;
; search_data[11] ; match_lines[8]  ; 10.606 ; 10.563 ; 11.101 ; 11.050 ;
; search_data[11] ; match_lines[9]  ; 9.351  ; 9.350  ; 9.880  ; 9.754  ;
; search_data[11] ; match_lines[10] ; 10.235 ; 10.319 ; 10.742 ; 10.816 ;
; search_data[11] ; match_lines[11] ; 10.393 ; 10.427 ; 10.887 ; 10.908 ;
; search_data[11] ; match_lines[12] ; 9.341  ; 9.265  ; 9.837  ; 9.770  ;
; search_data[11] ; match_lines[13] ; 9.513  ; 9.481  ; 10.014 ; 9.969  ;
; search_data[11] ; match_lines[14] ; 9.372  ; 9.294  ; 9.852  ; 9.783  ;
; search_data[11] ; match_lines[15] ; 9.811  ; 9.790  ; 10.294 ; 10.292 ;
; search_data[12] ; match_lines[0]  ; 9.169  ; 9.091  ; 9.606  ; 9.537  ;
; search_data[12] ; match_lines[1]  ; 10.711 ; 10.677 ; 11.147 ; 11.122 ;
; search_data[12] ; match_lines[2]  ; 9.397  ; 9.347  ; 9.814  ; 9.773  ;
; search_data[12] ; match_lines[3]  ; 10.177 ; 10.183 ; 10.612 ; 10.627 ;
; search_data[12] ; match_lines[4]  ; 9.596  ; 9.560  ; 10.030 ; 10.003 ;
; search_data[12] ; match_lines[5]  ; 10.550 ; 10.558 ; 10.973 ; 10.990 ;
; search_data[12] ; match_lines[6]  ; 9.991  ; 9.960  ; 10.413 ; 10.391 ;
; search_data[12] ; match_lines[7]  ; 9.755  ; 9.712  ; 10.202 ; 10.168 ;
; search_data[12] ; match_lines[8]  ; 9.851  ; 9.853  ; 10.264 ; 10.275 ;
; search_data[12] ; match_lines[9]  ; 10.311 ; 10.247 ; 10.738 ; 10.683 ;
; search_data[12] ; match_lines[10] ; 10.868 ; 10.880 ; 11.301 ; 11.322 ;
; search_data[12] ; match_lines[11] ; 10.389 ; 10.390 ; 10.828 ; 10.841 ;
; search_data[12] ; match_lines[12] ; 9.547  ; 9.453  ; 9.981  ; 9.896  ;
; search_data[12] ; match_lines[13] ; 9.773  ; 9.681  ; 10.220 ; 10.137 ;
; search_data[12] ; match_lines[14] ; 9.720  ; 9.639  ; 10.160 ; 10.088 ;
; search_data[12] ; match_lines[15] ; 10.403 ; 10.392 ; 10.850 ; 10.848 ;
; search_data[13] ; match_lines[0]  ; 8.610  ; 8.548  ; 9.069  ; 8.998  ;
; search_data[13] ; match_lines[1]  ; 9.453  ; 9.434  ; 9.916  ; 9.888  ;
; search_data[13] ; match_lines[2]  ; 8.522  ; 8.487  ; 8.999  ; 8.955  ;
; search_data[13] ; match_lines[3]  ; 9.633  ; 9.644  ; 10.093 ; 10.095 ;
; search_data[13] ; match_lines[4]  ; 8.591  ; 8.605  ; 9.062  ; 9.066  ;
; search_data[13] ; match_lines[5]  ; 9.681  ; 9.703  ; 10.151 ; 10.164 ;
; search_data[13] ; match_lines[6]  ; 9.346  ; 9.320  ; 9.821  ; 9.786  ;
; search_data[13] ; match_lines[7]  ; 8.910  ; 8.871  ; 9.363  ; 9.315  ;
; search_data[13] ; match_lines[8]  ; 9.641  ; 9.659  ; 10.105 ; 10.114 ;
; search_data[13] ; match_lines[9]  ; 9.280  ; 9.231  ; 9.739  ; 9.681  ;
; search_data[13] ; match_lines[10] ; 10.429 ; 10.429 ; 10.893 ; 10.880 ;
; search_data[13] ; match_lines[11] ; 8.833  ; 8.856  ; 9.284  ; 9.298  ;
; search_data[13] ; match_lines[12] ; 8.802  ; 8.723  ; 9.263  ; 9.175  ;
; search_data[13] ; match_lines[13] ; 9.390  ; 9.346  ; 9.869  ; 9.815  ;
; search_data[13] ; match_lines[14] ; 9.404  ; 9.409  ; 9.918  ; 9.798  ;
; search_data[13] ; match_lines[15] ; 9.432  ; 9.425  ; 9.885  ; 9.869  ;
; search_data[14] ; match_lines[0]  ; 8.864  ; 8.802  ; 9.292  ; 9.239  ;
; search_data[14] ; match_lines[1]  ; 10.409 ; 10.371 ; 10.887 ; 10.841 ;
; search_data[14] ; match_lines[2]  ; 9.506  ; 9.499  ; 9.954  ; 9.956  ;
; search_data[14] ; match_lines[3]  ; 9.837  ; 9.813  ; 10.287 ; 10.272 ;
; search_data[14] ; match_lines[4]  ; 9.166  ; 9.163  ; 9.615  ; 9.621  ;
; search_data[14] ; match_lines[5]  ; 10.651 ; 10.670 ; 11.134 ; 11.140 ;
; search_data[14] ; match_lines[6]  ; 9.415  ; 9.394  ; 9.844  ; 9.832  ;
; search_data[14] ; match_lines[7]  ; 9.703  ; 9.665  ; 10.162 ; 10.136 ;
; search_data[14] ; match_lines[8]  ; 9.837  ; 9.832  ; 10.286 ; 10.290 ;
; search_data[14] ; match_lines[9]  ; 9.838  ; 9.795  ; 10.279 ; 10.255 ;
; search_data[14] ; match_lines[10] ; 10.618 ; 10.607 ; 11.101 ; 11.077 ;
; search_data[14] ; match_lines[11] ; 9.701  ; 9.718  ; 10.157 ; 10.193 ;
; search_data[14] ; match_lines[12] ; 9.625  ; 9.561  ; 10.078 ; 10.026 ;
; search_data[14] ; match_lines[13] ; 9.476  ; 9.406  ; 9.917  ; 9.856  ;
; search_data[14] ; match_lines[14] ; 9.929  ; 9.870  ; 10.390 ; 10.340 ;
; search_data[14] ; match_lines[15] ; 9.659  ; 9.620  ; 10.100 ; 10.070 ;
; search_data[15] ; match_lines[0]  ; 9.016  ; 8.969  ; 9.481  ; 9.425  ;
; search_data[15] ; match_lines[1]  ; 9.876  ; 9.857  ; 10.320 ; 10.292 ;
; search_data[15] ; match_lines[2]  ; 9.007  ; 8.995  ; 9.463  ; 9.442  ;
; search_data[15] ; match_lines[3]  ; 10.085 ; 10.111 ; 10.563 ; 10.579 ;
; search_data[15] ; match_lines[4]  ; 8.685  ; 8.756  ; 9.172  ; 9.121  ;
; search_data[15] ; match_lines[5]  ; 10.268 ; 10.353 ; 10.762 ; 10.722 ;
; search_data[15] ; match_lines[6]  ; 9.525  ; 9.508  ; 9.973  ; 9.947  ;
; search_data[15] ; match_lines[7]  ; 9.508  ; 9.492  ; 9.956  ; 9.931  ;
; search_data[15] ; match_lines[8]  ; 10.616 ; 10.661 ; 11.100 ; 11.135 ;
; search_data[15] ; match_lines[9]  ; 9.848  ; 9.893  ; 10.344 ; 10.267 ;
; search_data[15] ; match_lines[10] ; 11.126 ; 11.130 ; 11.573 ; 11.596 ;
; search_data[15] ; match_lines[11] ; 9.198  ; 9.245  ; 9.642  ; 9.680  ;
; search_data[15] ; match_lines[12] ; 9.493  ; 9.523  ; 10.010 ; 9.915  ;
; search_data[15] ; match_lines[13] ; 9.468  ; 9.447  ; 9.927  ; 9.896  ;
; search_data[15] ; match_lines[14] ; 9.519  ; 9.463  ; 9.977  ; 9.912  ;
; search_data[15] ; match_lines[15] ; 8.977  ; 8.952  ; 9.423  ; 9.389  ;
+-----------------+-----------------+--------+--------+--------+--------+


----------------------------------------------
; Slow 1200mV 85C Model Metastability Report ;
----------------------------------------------
No synchronizer chains to report.


+------------------------------------------------------------------------------------------------------------+
; Slow 1200mV 0C Model Fmax Summary                                                                          ;
+-------------+-----------------+------------+---------------------------------------------------------------+
; Fmax        ; Restricted Fmax ; Clock Name ; Note                                                          ;
+-------------+-----------------+------------+---------------------------------------------------------------+
; 1602.56 MHz ; 250.0 MHz       ; clk        ; limit due to minimum period restriction (max I/O toggle rate) ;
+-------------+-----------------+------------+---------------------------------------------------------------+
This panel reports FMAX for every clock in the design, regardless of the user-specified clock periods.  FMAX is only computed for paths where the source and destination registers or ports are driven by the same clock.  Paths of different clocks, including generated clocks, are ignored.  For paths between a clock and its inversion, FMAX is computed as if the rising and falling edges are scaled along with FMAX, such that the duty cycle (in terms of a percentage) is maintained. Altera recommends that you always use clock constraints and other slack reports for sign-off analysis.


+------------------------------------+
; Slow 1200mV 0C Model Setup Summary ;
+-------+-------+--------------------+
; Clock ; Slack ; End Point TNS      ;
+-------+-------+--------------------+
; clk   ; 0.376 ; 0.000              ;
+-------+-------+--------------------+


+-----------------------------------+
; Slow 1200mV 0C Model Hold Summary ;
+-------+-------+-------------------+
; Clock ; Slack ; End Point TNS     ;
+-------+-------+-------------------+
; clk   ; 0.310 ; 0.000             ;
+-------+-------+-------------------+


-----------------------------------------
; Slow 1200mV 0C Model Recovery Summary ;
-----------------------------------------
No paths to report.


----------------------------------------
; Slow 1200mV 0C Model Removal Summary ;
----------------------------------------
No paths to report.


+--------------------------------------------------+
; Slow 1200mV 0C Model Minimum Pulse Width Summary ;
+-------+--------+---------------------------------+
; Clock ; Slack  ; End Point TNS                   ;
+-------+--------+---------------------------------+
; clk   ; -3.000 ; -531.000                        ;
+-------+--------+---------------------------------+


+-------------------------------------------------------------------------------------------------------------------------------------------------------------------------------------------------------------+
; Slow 1200mV 0C Model Setup: 'clk'                                                                                                                                                                           ;
+-------+---------------------------------------------------------------+---------------------------------------------------------------+--------------+-------------+--------------+------------+------------+
; Slack ; From Node                                                     ; To Node                                                       ; Launch Clock ; Latch Clock ; Relationship ; Clock Skew ; Data Delay ;
+-------+---------------------------------------------------------------+---------------------------------------------------------------+--------------+-------------+--------------+------------+------------+
; 0.376 ; tcam:core|tcam_entry:valid_parameters.entries[0].entry|valid  ; tcam:core|tcam_entry:valid_parameters.entries[0].entry|valid  ; clk          ; clk         ; 1.000        ; -0.057     ; 0.562      ;
; 0.376 ; tcam:core|tcam_entry:valid_parameters.entries[1].entry|valid  ; tcam:core|tcam_entry:valid_parameters.entries[1].entry|valid  ; clk          ; clk         ; 1.000        ; -0.057     ; 0.562      ;
; 0.376 ; tcam:core|tcam_entry:valid_parameters.entries[8].entry|valid  ; tcam:core|tcam_entry:valid_parameters.entries[8].entry|valid  ; clk          ; clk         ; 1.000        ; -0.057     ; 0.562      ;
; 0.376 ; tcam:core|tcam_entry:valid_parameters.entries[9].entry|valid  ; tcam:core|tcam_entry:valid_parameters.entries[9].entry|valid  ; clk          ; clk         ; 1.000        ; -0.057     ; 0.562      ;
; 0.376 ; tcam:core|tcam_entry:valid_parameters.entries[11].entry|valid ; tcam:core|tcam_entry:valid_parameters.entries[11].entry|valid ; clk          ; clk         ; 1.000        ; -0.057     ; 0.562      ;
; 0.376 ; tcam:core|tcam_entry:valid_parameters.entries[15].entry|valid ; tcam:core|tcam_entry:valid_parameters.entries[15].entry|valid ; clk          ; clk         ; 1.000        ; -0.057     ; 0.562      ;
; 0.376 ; tcam:core|tcam_entry:valid_parameters.entries[2].entry|valid  ; tcam:core|tcam_entry:valid_parameters.entries[2].entry|valid  ; clk          ; clk         ; 1.000        ; -0.057     ; 0.562      ;
; 0.376 ; tcam:core|tcam_entry:valid_parameters.entries[3].entry|valid  ; tcam:core|tcam_entry:valid_parameters.entries[3].entry|valid  ; clk          ; clk         ; 1.000        ; -0.057     ; 0.562      ;
; 0.376 ; tcam:core|tcam_entry:valid_parameters.entries[4].entry|valid  ; tcam:core|tcam_entry:valid_parameters.entries[4].entry|valid  ; clk          ; clk         ; 1.000        ; -0.057     ; 0.562      ;
; 0.376 ; tcam:core|tcam_entry:valid_parameters.entries[5].entry|valid  ; tcam:core|tcam_entry:valid_parameters.entries[5].entry|valid  ; clk          ; clk         ; 1.000        ; -0.057     ; 0.562      ;
; 0.376 ; tcam:core|tcam_entry:valid_parameters.entries[6].entry|valid  ; tcam:core|tcam_entry:valid_parameters.entries[6].entry|valid  ; clk          ; clk         ; 1.000        ; -0.057     ; 0.562      ;
; 0.376 ; tcam:core|tcam_entry:valid_parameters.entries[7].entry|valid  ; tcam:core|tcam_entry:valid_parameters.entries[7].entry|valid  ; clk          ; clk         ; 1.000        ; -0.057     ; 0.562      ;
; 0.376 ; tcam:core|tcam_entry:valid_parameters.entries[10].entry|valid ; tcam:core|tcam_entry:valid_parameters.entries[10].entry|valid ; clk          ; clk         ; 1.000        ; -0.057     ; 0.562      ;
; 0.376 ; tcam:core|tcam_entry:valid_parameters.entries[12].entry|valid ; tcam:core|tcam_entry:valid_parameters.entries[12].entry|valid ; clk          ; clk         ; 1.000        ; -0.057     ; 0.562      ;
; 0.376 ; tcam:core|tcam_entry:valid_parameters.entries[13].entry|valid ; tcam:core|tcam_entry:valid_parameters.entries[13].entry|valid ; clk          ; clk         ; 1.000        ; -0.057     ; 0.562      ;
; 0.376 ; tcam:core|tcam_entry:valid_parameters.entries[14].entry|valid ; tcam:core|tcam_entry:valid_parameters.entries[14].entry|valid ; clk          ; clk         ; 1.000        ; -0.057     ; 0.562      ;
+-------+---------------------------------------------------------------+---------------------------------------------------------------+--------------+-------------+--------------+------------+------------+


+-------------------------------------------------------------------------------------------------------------------------------------------------------------------------------------------------------------+
; Slow 1200mV 0C Model Hold: 'clk'                                                                                                                                                                            ;
+-------+---------------------------------------------------------------+---------------------------------------------------------------+--------------+-------------+--------------+------------+------------+
; Slack ; From Node                                                     ; To Node                                                       ; Launch Clock ; Latch Clock ; Relationship ; Clock Skew ; Data Delay ;
+-------+---------------------------------------------------------------+---------------------------------------------------------------+--------------+-------------+--------------+------------+------------+
; 0.310 ; tcam:core|tcam_entry:valid_parameters.entries[0].entry|valid  ; tcam:core|tcam_entry:valid_parameters.entries[0].entry|valid  ; clk          ; clk         ; 0.000        ; 0.057      ; 0.511      ;
; 0.310 ; tcam:core|tcam_entry:valid_parameters.entries[1].entry|valid  ; tcam:core|tcam_entry:valid_parameters.entries[1].entry|valid  ; clk          ; clk         ; 0.000        ; 0.057      ; 0.511      ;
; 0.310 ; tcam:core|tcam_entry:valid_parameters.entries[8].entry|valid  ; tcam:core|tcam_entry:valid_parameters.entries[8].entry|valid  ; clk          ; clk         ; 0.000        ; 0.057      ; 0.511      ;
; 0.310 ; tcam:core|tcam_entry:valid_parameters.entries[9].entry|valid  ; tcam:core|tcam_entry:valid_parameters.entries[9].entry|valid  ; clk          ; clk         ; 0.000        ; 0.057      ; 0.511      ;
; 0.310 ; tcam:core|tcam_entry:valid_parameters.entries[11].entry|valid ; tcam:core|tcam_entry:valid_parameters.entries[11].entry|valid ; clk          ; clk         ; 0.000        ; 0.057      ; 0.511      ;
; 0.310 ; tcam:core|tcam_entry:valid_parameters.entries[15].entry|valid ; tcam:core|tcam_entry:valid_parameters.entries[15].entry|valid ; clk          ; clk         ; 0.000        ; 0.057      ; 0.511      ;
; 0.310 ; tcam:core|tcam_entry:valid_parameters.entries[2].entry|valid  ; tcam:core|tcam_entry:valid_parameters.entries[2].entry|valid  ; clk          ; clk         ; 0.000        ; 0.057      ; 0.511      ;
; 0.310 ; tcam:core|tcam_entry:valid_parameters.entries[3].entry|valid  ; tcam:core|tcam_entry:valid_parameters.entries[3].entry|valid  ; clk          ; clk         ; 0.000        ; 0.057      ; 0.511      ;
; 0.310 ; tcam:core|tcam_entry:valid_parameters.entries[4].entry|valid  ; tcam:core|tcam_entry:valid_parameters.entries[4].entry|valid  ; clk          ; clk         ; 0.000        ; 0.057      ; 0.511      ;
; 0.310 ; tcam:core|tcam_entry:valid_parameters.entries[5].entry|valid  ; tcam:core|tcam_entry:valid_parameters.entries[5].entry|valid  ; clk          ; clk         ; 0.000        ; 0.057      ; 0.511      ;
; 0.310 ; tcam:core|tcam_entry:valid_parameters.entries[6].entry|valid  ; tcam:core|tcam_entry:valid_parameters.entries[6].entry|valid  ; clk          ; clk         ; 0.000        ; 0.057      ; 0.511      ;
; 0.310 ; tcam:core|tcam_entry:valid_parameters.entries[7].entry|valid  ; tcam:core|tcam_entry:valid_parameters.entries[7].entry|valid  ; clk          ; clk         ; 0.000        ; 0.057      ; 0.511      ;
; 0.310 ; tcam:core|tcam_entry:valid_parameters.entries[10].entry|valid ; tcam:core|tcam_entry:valid_parameters.entries[10].entry|valid ; clk          ; clk         ; 0.000        ; 0.057      ; 0.511      ;
; 0.310 ; tcam:core|tcam_entry:valid_parameters.entries[12].entry|valid ; tcam:core|tcam_entry:valid_parameters.entries[12].entry|valid ; clk          ; clk         ; 0.000        ; 0.057      ; 0.511      ;
; 0.310 ; tcam:core|tcam_entry:valid_parameters.entries[13].entry|valid ; tcam:core|tcam_entry:valid_parameters.entries[13].entry|valid ; clk          ; clk         ; 0.000        ; 0.057      ; 0.511      ;
; 0.310 ; tcam:core|tcam_entry:valid_parameters.entries[14].entry|valid ; tcam:core|tcam_entry:valid_parameters.entries[14].entry|valid ; clk          ; clk         ; 0.000        ; 0.057      ; 0.511      ;
+-------+---------------------------------------------------------------+---------------------------------------------------------------+--------------+-------------+--------------+------------+------------+


+------------------------------------------------------------------------------------------------------------------------------------------------------+
; Slow 1200mV 0C Model Minimum Pulse Width: 'clk'                                                                                                      ;
+--------+--------------+----------------+------------+-------+------------+---------------------------------------------------------------------------+
; Slack  ; Actual Width ; Required Width ; Type       ; Clock ; Clock Edge ; Target                                                                    ;
+--------+--------------+----------------+------------+-------+------------+---------------------------------------------------------------------------+
; -3.000 ; 1.000        ; 4.000          ; Port Rate  ; clk   ; Rise       ; clk                                                                       ;
; -1.000 ; 1.000        ; 2.000          ; Min Period ; clk   ; Rise       ; tcam:core|tcam_entry:valid_parameters.entries[0].entry|stored_data[0]     ;
; -1.000 ; 1.000        ; 2.000          ; Min Period ; clk   ; Rise       ; tcam:core|tcam_entry:valid_parameters.entries[0].entry|stored_data[10]    ;
; -1.000 ; 1.000        ; 2.000          ; Min Period ; clk   ; Rise       ; tcam:core|tcam_entry:valid_parameters.entries[0].entry|stored_data[11]    ;
; -1.000 ; 1.000        ; 2.000          ; Min Period ; clk   ; Rise       ; tcam:core|tcam_entry:valid_parameters.entries[0].entry|stored_data[12]    ;
; -1.000 ; 1.000        ; 2.000          ; Min Period ; clk   ; Rise       ; tcam:core|tcam_entry:valid_parameters.entries[0].entry|stored_data[13]    ;
; -1.000 ; 1.000        ; 2.000          ; Min Period ; clk   ; Rise       ; tcam:core|tcam_entry:valid_parameters.entries[0].entry|stored_data[14]    ;
; -1.000 ; 1.000        ; 2.000          ; Min Period ; clk   ; Rise       ; tcam:core|tcam_entry:valid_parameters.entries[0].entry|stored_data[15]    ;
; -1.000 ; 1.000        ; 2.000          ; Min Period ; clk   ; Rise       ; tcam:core|tcam_entry:valid_parameters.entries[0].entry|stored_data[1]     ;
; -1.000 ; 1.000        ; 2.000          ; Min Period ; clk   ; Rise       ; tcam:core|tcam_entry:valid_parameters.entries[0].entry|stored_data[2]     ;
; -1.000 ; 1.000        ; 2.000          ; Min Period ; clk   ; Rise       ; tcam:core|tcam_entry:valid_parameters.entries[0].entry|stored_data[3]     ;
; -1.000 ; 1.000        ; 2.000          ; Min Period ; clk   ; Rise       ; tcam:core|tcam_entry:valid_parameters.entries[0].entry|stored_data[4]     ;
; -1.000 ; 1.000        ; 2.000          ; Min Period ; clk   ; Rise       ; tcam:core|tcam_entry:valid_parameters.entries[0].entry|stored_data[5]     ;
; -1.000 ; 1.000        ; 2.000          ; Min Period ; clk   ; Rise       ; tcam:core|tcam_entry:valid_parameters.entries[0].entry|stored_data[6]     ;
; -1.000 ; 1.000        ; 2.000          ; Min Period ; clk   ; Rise       ; tcam:core|tcam_entry:valid_parameters.entries[0].entry|stored_data[7]     ;
; -1.000 ; 1.000        ; 2.000          ; Min Period ; clk   ; Rise       ; tcam:core|tcam_entry:valid_parameters.entries[0].entry|stored_data[8]     ;
; -1.000 ; 1.000        ; 2.000          ; Min Period ; clk   ; Rise       ; tcam:core|tcam_entry:valid_parameters.entries[0].entry|stored_data[9]     ;
; -1.000 ; 1.000        ; 2.000          ; Min Period ; clk   ; Rise       ; tcam:core|tcam_entry:valid_parameters.entries[0].entry|stored_x_mask[0]   ;
; -1.000 ; 1.000        ; 2.000          ; Min Period ; clk   ; Rise       ; tcam:core|tcam_entry:valid_parameters.entries[0].entry|stored_x_mask[10]  ;
; -1.000 ; 1.000        ; 2.000          ; Min Period ; clk   ; Rise       ; tcam:core|tcam_entry:valid_parameters.entries[0].entry|stored_x_mask[11]  ;
; -1.000 ; 1.000        ; 2.000          ; Min Period ; clk   ; Rise       ; tcam:core|tcam_entry:valid_parameters.entries[0].entry|stored_x_mask[12]  ;
; -1.000 ; 1.000        ; 2.000          ; Min Period ; clk   ; Rise       ; tcam:core|tcam_entry:valid_parameters.entries[0].entry|stored_x_mask[13]  ;
; -1.000 ; 1.000        ; 2.000          ; Min Period ; clk   ; Rise       ; tcam:core|tcam_entry:valid_parameters.entries[0].entry|stored_x_mask[14]  ;
; -1.000 ; 1.000        ; 2.000          ; Min Period ; clk   ; Rise       ; tcam:core|tcam_entry:valid_parameters.entries[0].entry|stored_x_mask[15]  ;
; -1.000 ; 1.000        ; 2.000          ; Min Period ; clk   ; Rise       ; tcam:core|tcam_entry:valid_parameters.entries[0].entry|stored_x_mask[1]   ;
; -1.000 ; 1.000        ; 2.000          ; Min Period ; clk   ; Rise       ; tcam:core|tcam_entry:valid_parameters.entries[0].entry|stored_x_mask[2]   ;
; -1.000 ; 1.000        ; 2.000          ; Min Period ; clk   ; Rise       ; tcam:core|tcam_entry:valid_parameters.entries[0].entry|stored_x_mask[3]   ;
; -1.000 ; 1.000        ; 2.000          ; Min Period ; clk   ; Rise       ; tcam:core|tcam_entry:valid_parameters.entries[0].entry|stored_x_mask[4]   ;
; -1.000 ; 1.000        ; 2.000          ; Min Period ; clk   ; Rise       ; tcam:core|tcam_entry:valid_parameters.entries[0].entry|stored_x_mask[5]   ;
; -1.000 ; 1.000        ; 2.000          ; Min Period ; clk   ; Rise       ; tcam:core|tcam_entry:valid_parameters.entries[0].entry|stored_x_mask[6]   ;
; -1.000 ; 1.000        ; 2.000          ; Min Period ; clk   ; Rise       ; tcam:core|tcam_entry:valid_parameters.entries[0].entry|stored_x_mask[7]   ;
; -1.000 ; 1.000        ; 2.000          ; Min Period ; clk   ; Rise       ; tcam:core|tcam_entry:valid_parameters.entries[0].entry|stored_x_mask[8]   ;
; -1.000 ; 1.000        ; 2.000          ; Min Period ; clk   ; Rise       ; tcam:core|tcam_entry:valid_parameters.entries[0].entry|stored_x_mask[9]   ;
; -1.000 ; 1.000        ; 2.000          ; Min Period ; clk   ; Rise       ; tcam:core|tcam_entry:valid_parameters.entries[0].entry|valid              ;
; -1.000 ; 1.000        ; 2.000          ; Min Period ; clk   ; Rise       ; tcam:core|tcam_entry:valid_parameters.entries[10].entry|stored_data[0]    ;
; -1.000 ; 1.000        ; 2.000          ; Min Period ; clk   ; Rise       ; tcam:core|tcam_entry:valid_parameters.entries[10].entry|stored_data[10]   ;
; -1.000 ; 1.000        ; 2.000          ; Min Period ; clk   ; Rise       ; tcam:core|tcam_entry:valid_parameters.entries[10].entry|stored_data[11]   ;
; -1.000 ; 1.000        ; 2.000          ; Min Period ; clk   ; Rise       ; tcam:core|tcam_entry:valid_parameters.entries[10].entry|stored_data[12]   ;
; -1.000 ; 1.000        ; 2.000          ; Min Period ; clk   ; Rise       ; tcam:core|tcam_entry:valid_parameters.entries[10].entry|stored_data[13]   ;
; -1.000 ; 1.000        ; 2.000          ; Min Period ; clk   ; Rise       ; tcam:core|tcam_entry:valid_parameters.entries[10].entry|stored_data[14]   ;
; -1.000 ; 1.000        ; 2.000          ; Min Period ; clk   ; Rise       ; tcam:core|tcam_entry:valid_parameters.entries[10].entry|stored_data[15]   ;
; -1.000 ; 1.000        ; 2.000          ; Min Period ; clk   ; Rise       ; tcam:core|tcam_entry:valid_parameters.entries[10].entry|stored_data[1]    ;
; -1.000 ; 1.000        ; 2.000          ; Min Period ; clk   ; Rise       ; tcam:core|tcam_entry:valid_parameters.entries[10].entry|stored_data[2]    ;
; -1.000 ; 1.000        ; 2.000          ; Min Period ; clk   ; Rise       ; tcam:core|tcam_entry:valid_parameters.entries[10].entry|stored_data[3]    ;
; -1.000 ; 1.000        ; 2.000          ; Min Period ; clk   ; Rise       ; tcam:core|tcam_entry:valid_parameters.entries[10].entry|stored_data[4]    ;
; -1.000 ; 1.000        ; 2.000          ; Min Period ; clk   ; Rise       ; tcam:core|tcam_entry:valid_parameters.entries[10].entry|stored_data[5]    ;
; -1.000 ; 1.000        ; 2.000          ; Min Period ; clk   ; Rise       ; tcam:core|tcam_entry:valid_parameters.entries[10].entry|stored_data[6]    ;
; -1.000 ; 1.000        ; 2.000          ; Min Period ; clk   ; Rise       ; tcam:core|tcam_entry:valid_parameters.entries[10].entry|stored_data[7]    ;
; -1.000 ; 1.000        ; 2.000          ; Min Period ; clk   ; Rise       ; tcam:core|tcam_entry:valid_parameters.entries[10].entry|stored_data[8]    ;
; -1.000 ; 1.000        ; 2.000          ; Min Period ; clk   ; Rise       ; tcam:core|tcam_entry:valid_parameters.entries[10].entry|stored_data[9]    ;
; -1.000 ; 1.000        ; 2.000          ; Min Period ; clk   ; Rise       ; tcam:core|tcam_entry:valid_parameters.entries[10].entry|stored_x_mask[0]  ;
; -1.000 ; 1.000        ; 2.000          ; Min Period ; clk   ; Rise       ; tcam:core|tcam_entry:valid_parameters.entries[10].entry|stored_x_mask[10] ;
; -1.000 ; 1.000        ; 2.000          ; Min Period ; clk   ; Rise       ; tcam:core|tcam_entry:valid_parameters.entries[10].entry|stored_x_mask[11] ;
; -1.000 ; 1.000        ; 2.000          ; Min Period ; clk   ; Rise       ; tcam:core|tcam_entry:valid_parameters.entries[10].entry|stored_x_mask[12] ;
; -1.000 ; 1.000        ; 2.000          ; Min Period ; clk   ; Rise       ; tcam:core|tcam_entry:valid_parameters.entries[10].entry|stored_x_mask[13] ;
; -1.000 ; 1.000        ; 2.000          ; Min Period ; clk   ; Rise       ; tcam:core|tcam_entry:valid_parameters.entries[10].entry|stored_x_mask[14] ;
; -1.000 ; 1.000        ; 2.000          ; Min Period ; clk   ; Rise       ; tcam:core|tcam_entry:valid_parameters.entries[10].entry|stored_x_mask[15] ;
; -1.000 ; 1.000        ; 2.000          ; Min Period ; clk   ; Rise       ; tcam:core|tcam_entry:valid_parameters.entries[10].entry|stored_x_mask[1]  ;
; -1.000 ; 1.000        ; 2.000          ; Min Period ; clk   ; Rise       ; tcam:core|tcam_entry:valid_parameters.entries[10].entry|stored_x_mask[2]  ;
; -1.000 ; 1.000        ; 2.000          ; Min Period ; clk   ; Rise       ; tcam:core|tcam_entry:valid_parameters.entries[10].entry|stored_x_mask[3]  ;
; -1.000 ; 1.000        ; 2.000          ; Min Period ; clk   ; Rise       ; tcam:core|tcam_entry:valid_parameters.entries[10].entry|stored_x_mask[4]  ;
; -1.000 ; 1.000        ; 2.000          ; Min Period ; clk   ; Rise       ; tcam:core|tcam_entry:valid_parameters.entries[10].entry|stored_x_mask[5]  ;
; -1.000 ; 1.000        ; 2.000          ; Min Period ; clk   ; Rise       ; tcam:core|tcam_entry:valid_parameters.entries[10].entry|stored_x_mask[6]  ;
; -1.000 ; 1.000        ; 2.000          ; Min Period ; clk   ; Rise       ; tcam:core|tcam_entry:valid_parameters.entries[10].entry|stored_x_mask[7]  ;
; -1.000 ; 1.000        ; 2.000          ; Min Period ; clk   ; Rise       ; tcam:core|tcam_entry:valid_parameters.entries[10].entry|stored_x_mask[8]  ;
; -1.000 ; 1.000        ; 2.000          ; Min Period ; clk   ; Rise       ; tcam:core|tcam_entry:valid_parameters.entries[10].entry|stored_x_mask[9]  ;
; -1.000 ; 1.000        ; 2.000          ; Min Period ; clk   ; Rise       ; tcam:core|tcam_entry:valid_parameters.entries[10].entry|valid             ;
; -1.000 ; 1.000        ; 2.000          ; Min Period ; clk   ; Rise       ; tcam:core|tcam_entry:valid_parameters.entries[11].entry|stored_data[0]    ;
; -1.000 ; 1.000        ; 2.000          ; Min Period ; clk   ; Rise       ; tcam:core|tcam_entry:valid_parameters.entries[11].entry|stored_data[10]   ;
; -1.000 ; 1.000        ; 2.000          ; Min Period ; clk   ; Rise       ; tcam:core|tcam_entry:valid_parameters.entries[11].entry|stored_data[11]   ;
; -1.000 ; 1.000        ; 2.000          ; Min Period ; clk   ; Rise       ; tcam:core|tcam_entry:valid_parameters.entries[11].entry|stored_data[12]   ;
; -1.000 ; 1.000        ; 2.000          ; Min Period ; clk   ; Rise       ; tcam:core|tcam_entry:valid_parameters.entries[11].entry|stored_data[13]   ;
; -1.000 ; 1.000        ; 2.000          ; Min Period ; clk   ; Rise       ; tcam:core|tcam_entry:valid_parameters.entries[11].entry|stored_data[14]   ;
; -1.000 ; 1.000        ; 2.000          ; Min Period ; clk   ; Rise       ; tcam:core|tcam_entry:valid_parameters.entries[11].entry|stored_data[15]   ;
; -1.000 ; 1.000        ; 2.000          ; Min Period ; clk   ; Rise       ; tcam:core|tcam_entry:valid_parameters.entries[11].entry|stored_data[1]    ;
; -1.000 ; 1.000        ; 2.000          ; Min Period ; clk   ; Rise       ; tcam:core|tcam_entry:valid_parameters.entries[11].entry|stored_data[2]    ;
; -1.000 ; 1.000        ; 2.000          ; Min Period ; clk   ; Rise       ; tcam:core|tcam_entry:valid_parameters.entries[11].entry|stored_data[3]    ;
; -1.000 ; 1.000        ; 2.000          ; Min Period ; clk   ; Rise       ; tcam:core|tcam_entry:valid_parameters.entries[11].entry|stored_data[4]    ;
; -1.000 ; 1.000        ; 2.000          ; Min Period ; clk   ; Rise       ; tcam:core|tcam_entry:valid_parameters.entries[11].entry|stored_data[5]    ;
; -1.000 ; 1.000        ; 2.000          ; Min Period ; clk   ; Rise       ; tcam:core|tcam_entry:valid_parameters.entries[11].entry|stored_data[6]    ;
; -1.000 ; 1.000        ; 2.000          ; Min Period ; clk   ; Rise       ; tcam:core|tcam_entry:valid_parameters.entries[11].entry|stored_data[7]    ;
; -1.000 ; 1.000        ; 2.000          ; Min Period ; clk   ; Rise       ; tcam:core|tcam_entry:valid_parameters.entries[11].entry|stored_data[8]    ;
; -1.000 ; 1.000        ; 2.000          ; Min Period ; clk   ; Rise       ; tcam:core|tcam_entry:valid_parameters.entries[11].entry|stored_data[9]    ;
; -1.000 ; 1.000        ; 2.000          ; Min Period ; clk   ; Rise       ; tcam:core|tcam_entry:valid_parameters.entries[11].entry|stored_x_mask[0]  ;
; -1.000 ; 1.000        ; 2.000          ; Min Period ; clk   ; Rise       ; tcam:core|tcam_entry:valid_parameters.entries[11].entry|stored_x_mask[10] ;
; -1.000 ; 1.000        ; 2.000          ; Min Period ; clk   ; Rise       ; tcam:core|tcam_entry:valid_parameters.entries[11].entry|stored_x_mask[11] ;
; -1.000 ; 1.000        ; 2.000          ; Min Period ; clk   ; Rise       ; tcam:core|tcam_entry:valid_parameters.entries[11].entry|stored_x_mask[12] ;
; -1.000 ; 1.000        ; 2.000          ; Min Period ; clk   ; Rise       ; tcam:core|tcam_entry:valid_parameters.entries[11].entry|stored_x_mask[13] ;
; -1.000 ; 1.000        ; 2.000          ; Min Period ; clk   ; Rise       ; tcam:core|tcam_entry:valid_parameters.entries[11].entry|stored_x_mask[14] ;
; -1.000 ; 1.000        ; 2.000          ; Min Period ; clk   ; Rise       ; tcam:core|tcam_entry:valid_parameters.entries[11].entry|stored_x_mask[15] ;
; -1.000 ; 1.000        ; 2.000          ; Min Period ; clk   ; Rise       ; tcam:core|tcam_entry:valid_parameters.entries[11].entry|stored_x_mask[1]  ;
; -1.000 ; 1.000        ; 2.000          ; Min Period ; clk   ; Rise       ; tcam:core|tcam_entry:valid_parameters.entries[11].entry|stored_x_mask[2]  ;
; -1.000 ; 1.000        ; 2.000          ; Min Period ; clk   ; Rise       ; tcam:core|tcam_entry:valid_parameters.entries[11].entry|stored_x_mask[3]  ;
; -1.000 ; 1.000        ; 2.000          ; Min Period ; clk   ; Rise       ; tcam:core|tcam_entry:valid_parameters.entries[11].entry|stored_x_mask[4]  ;
; -1.000 ; 1.000        ; 2.000          ; Min Period ; clk   ; Rise       ; tcam:core|tcam_entry:valid_parameters.entries[11].entry|stored_x_mask[5]  ;
; -1.000 ; 1.000        ; 2.000          ; Min Period ; clk   ; Rise       ; tcam:core|tcam_entry:valid_parameters.entries[11].entry|stored_x_mask[6]  ;
; -1.000 ; 1.000        ; 2.000          ; Min Period ; clk   ; Rise       ; tcam:core|tcam_entry:valid_parameters.entries[11].entry|stored_x_mask[7]  ;
; -1.000 ; 1.000        ; 2.000          ; Min Period ; clk   ; Rise       ; tcam:core|tcam_entry:valid_parameters.entries[11].entry|stored_x_mask[8]  ;
; -1.000 ; 1.000        ; 2.000          ; Min Period ; clk   ; Rise       ; tcam:core|tcam_entry:valid_parameters.entries[11].entry|stored_x_mask[9]  ;
; -1.000 ; 1.000        ; 2.000          ; Min Period ; clk   ; Rise       ; tcam:core|tcam_entry:valid_parameters.entries[11].entry|valid             ;
+--------+--------------+----------------+------------+-------+------------+---------------------------------------------------------------------------+


+-------------------------------------------------------------------------------+
; Setup Times                                                                   ;
+-------------------+------------+-------+-------+------------+-----------------+
; Data Port         ; Clock Port ; Rise  ; Fall  ; Clock Edge ; Clock Reference ;
+-------------------+------------+-------+-------+------------+-----------------+
; reset             ; clk        ; 3.869 ; 4.289 ; Rise       ; clk             ;
; write_address[*]  ; clk        ; 4.378 ; 4.745 ; Rise       ; clk             ;
;  write_address[0] ; clk        ; 4.378 ; 4.745 ; Rise       ; clk             ;
;  write_address[1] ; clk        ; 4.305 ; 4.685 ; Rise       ; clk             ;
;  write_address[2] ; clk        ; 4.311 ; 4.731 ; Rise       ; clk             ;
;  write_address[3] ; clk        ; 4.098 ; 4.559 ; Rise       ; clk             ;
; write_data[*]     ; clk        ; 2.944 ; 3.282 ; Rise       ; clk             ;
;  write_data[0]    ; clk        ; 2.581 ; 2.916 ; Rise       ; clk             ;
;  write_data[1]    ; clk        ; 0.984 ; 1.052 ; Rise       ; clk             ;
;  write_data[2]    ; clk        ; 2.944 ; 3.282 ; Rise       ; clk             ;
;  write_data[3]    ; clk        ; 2.090 ; 2.467 ; Rise       ; clk             ;
;  write_data[4]    ; clk        ; 2.285 ; 2.679 ; Rise       ; clk             ;
;  write_data[5]    ; clk        ; 2.669 ; 3.013 ; Rise       ; clk             ;
;  write_data[6]    ; clk        ; 2.242 ; 2.587 ; Rise       ; clk             ;
;  write_data[7]    ; clk        ; 2.236 ; 2.617 ; Rise       ; clk             ;
;  write_data[8]    ; clk        ; 2.198 ; 2.576 ; Rise       ; clk             ;
;  write_data[9]    ; clk        ; 2.113 ; 2.480 ; Rise       ; clk             ;
;  write_data[10]   ; clk        ; 1.657 ; 1.982 ; Rise       ; clk             ;
;  write_data[11]   ; clk        ; 2.574 ; 2.944 ; Rise       ; clk             ;
;  write_data[12]   ; clk        ; 2.851 ; 3.159 ; Rise       ; clk             ;
;  write_data[13]   ; clk        ; 2.285 ; 2.637 ; Rise       ; clk             ;
;  write_data[14]   ; clk        ; 2.264 ; 2.655 ; Rise       ; clk             ;
;  write_data[15]   ; clk        ; 2.017 ; 2.363 ; Rise       ; clk             ;
; write_enable      ; clk        ; 4.159 ; 4.496 ; Rise       ; clk             ;
; write_x_mask[*]   ; clk        ; 2.915 ; 3.237 ; Rise       ; clk             ;
;  write_x_mask[0]  ; clk        ; 2.528 ; 2.872 ; Rise       ; clk             ;
;  write_x_mask[1]  ; clk        ; 2.915 ; 3.237 ; Rise       ; clk             ;
;  write_x_mask[2]  ; clk        ; 2.662 ; 3.038 ; Rise       ; clk             ;
;  write_x_mask[3]  ; clk        ; 0.816 ; 0.912 ; Rise       ; clk             ;
;  write_x_mask[4]  ; clk        ; 2.803 ; 3.155 ; Rise       ; clk             ;
;  write_x_mask[5]  ; clk        ; 2.295 ; 2.693 ; Rise       ; clk             ;
;  write_x_mask[6]  ; clk        ; 2.097 ; 2.425 ; Rise       ; clk             ;
;  write_x_mask[7]  ; clk        ; 2.272 ; 2.621 ; Rise       ; clk             ;
;  write_x_mask[8]  ; clk        ; 2.634 ; 3.012 ; Rise       ; clk             ;
;  write_x_mask[9]  ; clk        ; 2.270 ; 2.623 ; Rise       ; clk             ;
;  write_x_mask[10] ; clk        ; 1.729 ; 2.060 ; Rise       ; clk             ;
;  write_x_mask[11] ; clk        ; 2.422 ; 2.746 ; Rise       ; clk             ;
;  write_x_mask[12] ; clk        ; 2.047 ; 2.452 ; Rise       ; clk             ;
;  write_x_mask[13] ; clk        ; 1.976 ; 2.321 ; Rise       ; clk             ;
;  write_x_mask[14] ; clk        ; 2.230 ; 2.597 ; Rise       ; clk             ;
;  write_x_mask[15] ; clk        ; 2.536 ; 2.891 ; Rise       ; clk             ;
+-------------------+------------+-------+-------+------------+-----------------+


+---------------------------------------------------------------------------------+
; Hold Times                                                                      ;
+-------------------+------------+--------+--------+------------+-----------------+
; Data Port         ; Clock Port ; Rise   ; Fall   ; Clock Edge ; Clock Reference ;
+-------------------+------------+--------+--------+------------+-----------------+
; reset             ; clk        ; -1.517 ; -1.866 ; Rise       ; clk             ;
; write_address[*]  ; clk        ; -1.312 ; -1.730 ; Rise       ; clk             ;
;  write_address[0] ; clk        ; -1.493 ; -1.858 ; Rise       ; clk             ;
;  write_address[1] ; clk        ; -1.609 ; -1.970 ; Rise       ; clk             ;
;  write_address[2] ; clk        ; -1.312 ; -1.730 ; Rise       ; clk             ;
;  write_address[3] ; clk        ; -1.556 ; -1.969 ; Rise       ; clk             ;
; write_data[*]     ; clk        ; -0.026 ; -0.072 ; Rise       ; clk             ;
;  write_data[0]    ; clk        ; -1.282 ; -1.608 ; Rise       ; clk             ;
;  write_data[1]    ; clk        ; -0.026 ; -0.072 ; Rise       ; clk             ;
;  write_data[2]    ; clk        ; -1.414 ; -1.759 ; Rise       ; clk             ;
;  write_data[3]    ; clk        ; -0.811 ; -1.144 ; Rise       ; clk             ;
;  write_data[4]    ; clk        ; -1.184 ; -1.563 ; Rise       ; clk             ;
;  write_data[5]    ; clk        ; -1.395 ; -1.732 ; Rise       ; clk             ;
;  write_data[6]    ; clk        ; -0.954 ; -1.302 ; Rise       ; clk             ;
;  write_data[7]    ; clk        ; -1.251 ; -1.614 ; Rise       ; clk             ;
;  write_data[8]    ; clk        ; -1.401 ; -1.793 ; Rise       ; clk             ;
;  write_data[9]    ; clk        ; -1.336 ; -1.676 ; Rise       ; clk             ;
;  write_data[10]   ; clk        ; -0.711 ; -1.057 ; Rise       ; clk             ;
;  write_data[11]   ; clk        ; -1.428 ; -1.782 ; Rise       ; clk             ;
;  write_data[12]   ; clk        ; -1.385 ; -1.721 ; Rise       ; clk             ;
;  write_data[13]   ; clk        ; -1.295 ; -1.627 ; Rise       ; clk             ;
;  write_data[14]   ; clk        ; -1.332 ; -1.709 ; Rise       ; clk             ;
;  write_data[15]   ; clk        ; -0.789 ; -1.101 ; Rise       ; clk             ;
; write_enable      ; clk        ; -1.671 ; -2.031 ; Rise       ; clk             ;
; write_x_mask[*]   ; clk        ; 0.275  ; 0.167  ; Rise       ; clk             ;
;  write_x_mask[0]  ; clk        ; -1.158 ; -1.488 ; Rise       ; clk             ;
;  write_x_mask[1]  ; clk        ; -1.446 ; -1.793 ; Rise       ; clk             ;
;  write_x_mask[2]  ; clk        ; -1.377 ; -1.727 ; Rise       ; clk             ;
;  write_x_mask[3]  ; clk        ; 0.275  ; 0.167  ; Rise       ; clk             ;
;  write_x_mask[4]  ; clk        ; -1.290 ; -1.657 ; Rise       ; clk             ;
;  write_x_mask[5]  ; clk        ; -1.383 ; -1.764 ; Rise       ; clk             ;
;  write_x_mask[6]  ; clk        ; -1.270 ; -1.597 ; Rise       ; clk             ;
;  write_x_mask[7]  ; clk        ; -1.594 ; -1.932 ; Rise       ; clk             ;
;  write_x_mask[8]  ; clk        ; -1.515 ; -1.878 ; Rise       ; clk             ;
;  write_x_mask[9]  ; clk        ; -1.361 ; -1.709 ; Rise       ; clk             ;
;  write_x_mask[10] ; clk        ; -0.559 ; -0.887 ; Rise       ; clk             ;
;  write_x_mask[11] ; clk        ; -1.010 ; -1.326 ; Rise       ; clk             ;
;  write_x_mask[12] ; clk        ; -1.255 ; -1.618 ; Rise       ; clk             ;
;  write_x_mask[13] ; clk        ; -1.124 ; -1.452 ; Rise       ; clk             ;
;  write_x_mask[14] ; clk        ; -1.204 ; -1.545 ; Rise       ; clk             ;
;  write_x_mask[15] ; clk        ; -1.240 ; -1.596 ; Rise       ; clk             ;
+-------------------+------------+--------+--------+------------+-----------------+


+--------------------------------------------------------------------------------+
; Clock to Output Times                                                          ;
+------------------+------------+--------+--------+------------+-----------------+
; Data Port        ; Clock Port ; Rise   ; Fall   ; Clock Edge ; Clock Reference ;
+------------------+------------+--------+--------+------------+-----------------+
; match_lines[*]   ; clk        ; 10.155 ; 10.171 ; Rise       ; clk             ;
;  match_lines[0]  ; clk        ; 8.678  ; 8.580  ; Rise       ; clk             ;
;  match_lines[1]  ; clk        ; 9.451  ; 9.378  ; Rise       ; clk             ;
;  match_lines[2]  ; clk        ; 8.147  ; 8.070  ; Rise       ; clk             ;
;  match_lines[3]  ; clk        ; 9.769  ; 9.600  ; Rise       ; clk             ;
;  match_lines[4]  ; clk        ; 8.324  ; 8.290  ; Rise       ; clk             ;
;  match_lines[5]  ; clk        ; 8.995  ; 8.959  ; Rise       ; clk             ;
;  match_lines[6]  ; clk        ; 9.265  ; 9.105  ; Rise       ; clk             ;
;  match_lines[7]  ; clk        ; 9.476  ; 9.383  ; Rise       ; clk             ;
;  match_lines[8]  ; clk        ; 9.236  ; 9.179  ; Rise       ; clk             ;
;  match_lines[9]  ; clk        ; 9.067  ; 8.995  ; Rise       ; clk             ;
;  match_lines[10] ; clk        ; 10.155 ; 10.171 ; Rise       ; clk             ;
;  match_lines[11] ; clk        ; 9.200  ; 9.154  ; Rise       ; clk             ;
;  match_lines[12] ; clk        ; 8.513  ; 8.444  ; Rise       ; clk             ;
;  match_lines[13] ; clk        ; 9.026  ; 8.929  ; Rise       ; clk             ;
;  match_lines[14] ; clk        ; 8.625  ; 8.520  ; Rise       ; clk             ;
;  match_lines[15] ; clk        ; 8.721  ; 8.634  ; Rise       ; clk             ;
+------------------+------------+--------+--------+------------+-----------------+


+------------------------------------------------------------------------------+
; Minimum Clock to Output Times                                                ;
+------------------+------------+-------+-------+------------+-----------------+
; Data Port        ; Clock Port ; Rise  ; Fall  ; Clock Edge ; Clock Reference ;
+------------------+------------+-------+-------+------------+-----------------+
; match_lines[*]   ; clk        ; 6.259 ; 6.208 ; Rise       ; clk             ;
;  match_lines[0]  ; clk        ; 6.460 ; 6.347 ; Rise       ; clk             ;
;  match_lines[1]  ; clk        ; 6.769 ; 6.662 ; Rise       ; clk             ;
;  match_lines[2]  ; clk        ; 6.259 ; 6.208 ; Rise       ; clk             ;
;  match_lines[3]  ; clk        ; 7.361 ; 7.241 ; Rise       ; clk             ;
;  match_lines[4]  ; clk        ; 6.443 ; 6.382 ; Rise       ; clk             ;
;  match_lines[5]  ; clk        ; 6.641 ; 6.569 ; Rise       ; clk             ;
;  match_lines[6]  ; clk        ; 7.062 ; 6.949 ; Rise       ; clk             ;
;  match_lines[7]  ; clk        ; 6.838 ; 6.754 ; Rise       ; clk             ;
;  match_lines[8]  ; clk        ; 7.312 ; 7.265 ; Rise       ; clk             ;
;  match_lines[9]  ; clk        ; 6.701 ; 6.587 ; Rise       ; clk             ;
;  match_lines[10] ; clk        ; 7.837 ; 7.802 ; Rise       ; clk             ;
;  match_lines[11] ; clk        ; 6.932 ; 6.866 ; Rise       ; clk             ;
;  match_lines[12] ; clk        ; 6.615 ; 6.474 ; Rise       ; clk             ;
;  match_lines[13] ; clk        ; 6.944 ; 6.780 ; Rise       ; clk             ;
;  match_lines[14] ; clk        ; 6.961 ; 6.839 ; Rise       ; clk             ;
;  match_lines[15] ; clk        ; 7.005 ; 6.901 ; Rise       ; clk             ;
+------------------+------------+-------+-------+------------+-----------------+


+-----------------------------------------------------------------------+
; Propagation Delay                                                     ;
+-----------------+-----------------+--------+--------+--------+--------+
; Input Port      ; Output Port     ; RR     ; RF     ; FR     ; FF     ;
+-----------------+-----------------+--------+--------+--------+--------+
; search_data[0]  ; match_lines[0]  ; 9.286  ; 9.147  ; 9.624  ; 9.477  ;
; search_data[0]  ; match_lines[1]  ; 9.973  ; 9.879  ; 10.335 ; 10.233 ;
; search_data[0]  ; match_lines[2]  ; 8.809  ; 8.707  ; 9.149  ; 9.039  ;
; search_data[0]  ; match_lines[3]  ; 10.658 ; 10.512 ; 11.024 ; 10.865 ;
; search_data[0]  ; match_lines[4]  ; 9.557  ; 9.524  ; 9.905  ; 9.863  ;
; search_data[0]  ; match_lines[5]  ; 8.744  ; 8.699  ; 9.088  ; 9.035  ;
; search_data[0]  ; match_lines[6]  ; 9.933  ; 9.751  ; 10.274 ; 10.084 ;
; search_data[0]  ; match_lines[7]  ; 10.183 ; 10.058 ; 10.542 ; 10.409 ;
; search_data[0]  ; match_lines[8]  ; 9.701  ; 9.614  ; 10.060 ; 9.965  ;
; search_data[0]  ; match_lines[9]  ; 9.924  ; 9.887  ; 10.286 ; 10.236 ;
; search_data[0]  ; match_lines[10] ; 10.898 ; 10.867 ; 11.239 ; 11.200 ;
; search_data[0]  ; match_lines[11] ; 10.141 ; 10.072 ; 10.488 ; 10.411 ;
; search_data[0]  ; match_lines[12] ; 9.350  ; 9.246  ; 9.685  ; 9.573  ;
; search_data[0]  ; match_lines[13] ; 9.484  ; 9.360  ; 9.850  ; 9.718  ;
; search_data[0]  ; match_lines[14] ; 9.251  ; 9.120  ; 9.610  ; 9.471  ;
; search_data[0]  ; match_lines[15] ; 8.960  ; 8.863  ; 9.314  ; 9.208  ;
; search_data[1]  ; match_lines[0]  ; 8.483  ; 8.424  ; 8.907  ; 8.712  ;
; search_data[1]  ; match_lines[1]  ; 7.969  ; 7.911  ; 8.371  ; 8.235  ;
; search_data[1]  ; match_lines[2]  ; 8.832  ; 8.764  ; 9.181  ; 9.100  ;
; search_data[1]  ; match_lines[3]  ; 10.072 ; 9.928  ; 10.433 ; 10.281 ;
; search_data[1]  ; match_lines[4]  ; 8.436  ; 8.365  ; 8.793  ; 8.714  ;
; search_data[1]  ; match_lines[5]  ; 7.680  ; 7.629  ; 8.031  ; 7.961  ;
; search_data[1]  ; match_lines[6]  ; 9.241  ; 9.071  ; 9.585  ; 9.407  ;
; search_data[1]  ; match_lines[7]  ; 9.910  ; 9.797  ; 10.270 ; 10.149 ;
; search_data[1]  ; match_lines[8]  ; 9.802  ; 9.750  ; 10.176 ; 10.111 ;
; search_data[1]  ; match_lines[9]  ; 8.882  ; 8.822  ; 9.288  ; 9.163  ;
; search_data[1]  ; match_lines[10] ; 9.621  ; 9.577  ; 9.972  ; 9.920  ;
; search_data[1]  ; match_lines[11] ; 8.424  ; 8.344  ; 8.787  ; 8.699  ;
; search_data[1]  ; match_lines[12] ; 9.025  ; 8.956  ; 9.398  ; 9.316  ;
; search_data[1]  ; match_lines[13] ; 9.141  ; 9.006  ; 9.491  ; 9.348  ;
; search_data[1]  ; match_lines[14] ; 9.355  ; 9.258  ; 9.729  ; 9.619  ;
; search_data[1]  ; match_lines[15] ; 8.883  ; 8.794  ; 9.234  ; 9.132  ;
; search_data[2]  ; match_lines[0]  ; 9.916  ; 9.787  ; 10.272 ; 10.121 ;
; search_data[2]  ; match_lines[1]  ; 8.215  ; 8.129  ; 8.568  ; 8.462  ;
; search_data[2]  ; match_lines[2]  ; 8.941  ; 8.906  ; 9.306  ; 9.187  ;
; search_data[2]  ; match_lines[3]  ; 10.046 ; 9.938  ; 10.385 ; 10.285 ;
; search_data[2]  ; match_lines[4]  ; 9.036  ; 8.892  ; 9.368  ; 9.238  ;
; search_data[2]  ; match_lines[5]  ; 7.719  ; 7.664  ; 8.072  ; 7.997  ;
; search_data[2]  ; match_lines[6]  ; 9.994  ; 9.839  ; 10.320 ; 10.179 ;
; search_data[2]  ; match_lines[7]  ; 9.580  ; 9.477  ; 9.927  ; 9.832  ;
; search_data[2]  ; match_lines[8]  ; 10.064 ; 9.986  ; 10.413 ; 10.349 ;
; search_data[2]  ; match_lines[9]  ; 8.221  ; 8.116  ; 8.568  ; 8.455  ;
; search_data[2]  ; match_lines[10] ; 11.306 ; 11.297 ; 11.641 ; 11.640 ;
; search_data[2]  ; match_lines[11] ; 9.035  ; 8.940  ; 9.371  ; 9.284  ;
; search_data[2]  ; match_lines[12] ; 9.675  ; 9.595  ; 10.012 ; 9.940  ;
; search_data[2]  ; match_lines[13] ; 9.136  ; 9.047  ; 9.476  ; 9.395  ;
; search_data[2]  ; match_lines[14] ; 9.329  ; 9.170  ; 9.681  ; 9.508  ;
; search_data[2]  ; match_lines[15] ; 8.601  ; 8.459  ; 8.935  ; 8.801  ;
; search_data[3]  ; match_lines[0]  ; 8.394  ; 8.253  ; 8.744  ; 8.595  ;
; search_data[3]  ; match_lines[1]  ; 9.170  ; 9.048  ; 9.521  ; 9.391  ;
; search_data[3]  ; match_lines[2]  ; 8.160  ; 8.131  ; 8.497  ; 8.461  ;
; search_data[3]  ; match_lines[3]  ; 9.173  ; 9.053  ; 9.503  ; 9.375  ;
; search_data[3]  ; match_lines[4]  ; 8.221  ; 8.143  ; 8.580  ; 8.495  ;
; search_data[3]  ; match_lines[5]  ; 8.392  ; 8.318  ; 8.763  ; 8.681  ;
; search_data[3]  ; match_lines[6]  ; 8.275  ; 8.136  ; 8.629  ; 8.482  ;
; search_data[3]  ; match_lines[7]  ; 8.691  ; 8.577  ; 9.019  ; 8.897  ;
; search_data[3]  ; match_lines[8]  ; 9.278  ; 9.216  ; 9.635  ; 9.565  ;
; search_data[3]  ; match_lines[9]  ; 8.951  ; 8.928  ; 9.348  ; 9.260  ;
; search_data[3]  ; match_lines[10] ; 9.991  ; 9.971  ; 10.341 ; 10.313 ;
; search_data[3]  ; match_lines[11] ; 8.347  ; 8.241  ; 8.707  ; 8.593  ;
; search_data[3]  ; match_lines[12] ; 8.378  ; 8.287  ; 8.728  ; 8.629  ;
; search_data[3]  ; match_lines[13] ; 9.075  ; 9.043  ; 9.470  ; 9.325  ;
; search_data[3]  ; match_lines[14] ; 8.456  ; 8.269  ; 8.813  ; 8.618  ;
; search_data[3]  ; match_lines[15] ; 8.573  ; 8.421  ; 8.920  ; 8.760  ;
; search_data[4]  ; match_lines[0]  ; 9.689  ; 9.529  ; 10.077 ; 9.895  ;
; search_data[4]  ; match_lines[1]  ; 9.040  ; 8.983  ; 9.452  ; 9.310  ;
; search_data[4]  ; match_lines[2]  ; 9.386  ; 9.294  ; 9.752  ; 9.674  ;
; search_data[4]  ; match_lines[3]  ; 10.152 ; 9.996  ; 10.526 ; 10.384 ;
; search_data[4]  ; match_lines[4]  ; 9.678  ; 9.609  ; 10.055 ; 9.994  ;
; search_data[4]  ; match_lines[5]  ; 8.932  ; 8.845  ; 9.301  ; 9.218  ;
; search_data[4]  ; match_lines[6]  ; 9.905  ; 9.744  ; 10.271 ; 10.124 ;
; search_data[4]  ; match_lines[7]  ; 10.064 ; 9.900  ; 10.451 ; 10.291 ;
; search_data[4]  ; match_lines[8]  ; 10.112 ; 10.027 ; 10.481 ; 10.400 ;
; search_data[4]  ; match_lines[9]  ; 8.472  ; 8.349  ; 8.844  ; 8.725  ;
; search_data[4]  ; match_lines[10] ; 10.773 ; 10.772 ; 11.142 ; 11.149 ;
; search_data[4]  ; match_lines[11] ; 9.667  ; 9.585  ; 10.032 ; 9.954  ;
; search_data[4]  ; match_lines[12] ; 9.295  ; 9.184  ; 9.673  ; 9.570  ;
; search_data[4]  ; match_lines[13] ; 9.226  ; 9.117  ; 9.599  ; 9.494  ;
; search_data[4]  ; match_lines[14] ; 9.494  ; 9.321  ; 9.863  ; 9.694  ;
; search_data[4]  ; match_lines[15] ; 9.958  ; 9.821  ; 10.345 ; 10.212 ;
; search_data[5]  ; match_lines[0]  ; 8.545  ; 8.373  ; 8.967  ; 8.787  ;
; search_data[5]  ; match_lines[1]  ; 8.105  ; 8.005  ; 8.505  ; 8.397  ;
; search_data[5]  ; match_lines[2]  ; 8.858  ; 8.848  ; 9.297  ; 9.174  ;
; search_data[5]  ; match_lines[3]  ; 10.632 ; 10.540 ; 11.032 ; 10.933 ;
; search_data[5]  ; match_lines[4]  ; 8.466  ; 8.387  ; 8.879  ; 8.792  ;
; search_data[5]  ; match_lines[5]  ; 8.308  ; 8.266  ; 8.726  ; 8.672  ;
; search_data[5]  ; match_lines[6]  ; 9.376  ; 9.297  ; 9.815  ; 9.623  ;
; search_data[5]  ; match_lines[7]  ; 9.810  ; 9.658  ; 10.205 ; 10.045 ;
; search_data[5]  ; match_lines[8]  ; 9.934  ; 9.860  ; 10.326 ; 10.244 ;
; search_data[5]  ; match_lines[9]  ; 8.713  ; 8.649  ; 9.110  ; 9.039  ;
; search_data[5]  ; match_lines[10] ; 10.119 ; 10.106 ; 10.535 ; 10.514 ;
; search_data[5]  ; match_lines[11] ; 9.607  ; 9.604  ; 10.036 ; 9.919  ;
; search_data[5]  ; match_lines[12] ; 9.076  ; 9.004  ; 9.487  ; 9.408  ;
; search_data[5]  ; match_lines[13] ; 8.695  ; 8.649  ; 9.106  ; 9.048  ;
; search_data[5]  ; match_lines[14] ; 9.509  ; 9.415  ; 9.941  ; 9.734  ;
; search_data[5]  ; match_lines[15] ; 9.707  ; 9.581  ; 10.101 ; 9.967  ;
; search_data[6]  ; match_lines[0]  ; 9.699  ; 9.551  ; 10.060 ; 9.926  ;
; search_data[6]  ; match_lines[1]  ; 8.024  ; 7.906  ; 8.359  ; 8.227  ;
; search_data[6]  ; match_lines[2]  ; 8.690  ; 8.628  ; 9.040  ; 8.986  ;
; search_data[6]  ; match_lines[3]  ; 10.298 ; 10.189 ; 10.654 ; 10.531 ;
; search_data[6]  ; match_lines[4]  ; 8.900  ; 8.809  ; 9.256  ; 9.173  ;
; search_data[6]  ; match_lines[5]  ; 7.710  ; 7.649  ; 8.056  ; 8.003  ;
; search_data[6]  ; match_lines[6]  ; 9.836  ; 9.690  ; 10.196 ; 10.064 ;
; search_data[6]  ; match_lines[7]  ; 9.604  ; 9.510  ; 9.956  ; 9.870  ;
; search_data[6]  ; match_lines[8]  ; 10.095 ; 10.051 ; 10.425 ; 10.367 ;
; search_data[6]  ; match_lines[9]  ; 8.990  ; 8.894  ; 9.329  ; 9.241  ;
; search_data[6]  ; match_lines[10] ; 10.269 ; 10.264 ; 10.599 ; 10.572 ;
; search_data[6]  ; match_lines[11] ; 9.036  ; 8.983  ; 9.391  ; 9.346  ;
; search_data[6]  ; match_lines[12] ; 9.307  ; 9.206  ; 9.622  ; 9.529  ;
; search_data[6]  ; match_lines[13] ; 8.661  ; 8.577  ; 8.980  ; 8.904  ;
; search_data[6]  ; match_lines[14] ; 9.479  ; 9.349  ; 9.809  ; 9.665  ;
; search_data[6]  ; match_lines[15] ; 8.932  ; 8.817  ; 9.252  ; 9.145  ;
; search_data[7]  ; match_lines[0]  ; 8.775  ; 8.643  ; 9.164  ; 9.024  ;
; search_data[7]  ; match_lines[1]  ; 8.338  ; 8.263  ; 8.709  ; 8.627  ;
; search_data[7]  ; match_lines[2]  ; 8.432  ; 8.359  ; 8.793  ; 8.712  ;
; search_data[7]  ; match_lines[3]  ; 9.815  ; 9.702  ; 10.172 ; 10.051 ;
; search_data[7]  ; match_lines[4]  ; 8.592  ; 8.544  ; 8.976  ; 8.916  ;
; search_data[7]  ; match_lines[5]  ; 7.932  ; 7.860  ; 8.295  ; 8.215  ;
; search_data[7]  ; match_lines[6]  ; 9.379  ; 9.225  ; 9.740  ; 9.578  ;
; search_data[7]  ; match_lines[7]  ; 9.146  ; 9.041  ; 9.519  ; 9.406  ;
; search_data[7]  ; match_lines[8]  ; 9.678  ; 9.629  ; 10.049 ; 9.992  ;
; search_data[7]  ; match_lines[9]  ; 8.565  ; 8.527  ; 8.968  ; 8.816  ;
; search_data[7]  ; match_lines[10] ; 10.415 ; 10.451 ; 10.813 ; 10.837 ;
; search_data[7]  ; match_lines[11] ; 9.493  ; 9.429  ; 9.842  ; 9.770  ;
; search_data[7]  ; match_lines[12] ; 8.611  ; 8.481  ; 9.006  ; 8.868  ;
; search_data[7]  ; match_lines[13] ; 8.461  ; 8.367  ; 8.825  ; 8.723  ;
; search_data[7]  ; match_lines[14] ; 9.063  ; 8.928  ; 9.434  ; 9.291  ;
; search_data[7]  ; match_lines[15] ; 8.713  ; 8.586  ; 9.076  ; 8.941  ;
; search_data[8]  ; match_lines[0]  ; 8.672  ; 8.619  ; 9.031  ; 8.986  ;
; search_data[8]  ; match_lines[1]  ; 9.633  ; 9.463  ; 9.980  ; 9.824  ;
; search_data[8]  ; match_lines[2]  ; 8.060  ; 8.039  ; 8.401  ; 8.388  ;
; search_data[8]  ; match_lines[3]  ; 9.492  ; 9.327  ; 9.846  ; 9.689  ;
; search_data[8]  ; match_lines[4]  ; 8.288  ; 8.254  ; 8.643  ; 8.617  ;
; search_data[8]  ; match_lines[5]  ; 9.258  ; 9.155  ; 9.600  ; 9.505  ;
; search_data[8]  ; match_lines[6]  ; 9.570  ; 9.370  ; 9.913  ; 9.727  ;
; search_data[8]  ; match_lines[7]  ; 8.432  ; 8.303  ; 8.801  ; 8.650  ;
; search_data[8]  ; match_lines[8]  ; 9.154  ; 9.054  ; 9.515  ; 9.423  ;
; search_data[8]  ; match_lines[9]  ; 9.421  ; 9.281  ; 9.782  ; 9.650  ;
; search_data[8]  ; match_lines[10] ; 9.679  ; 9.653  ; 10.034 ; 10.016 ;
; search_data[8]  ; match_lines[11] ; 9.668  ; 9.583  ; 10.013 ; 9.914  ;
; search_data[8]  ; match_lines[12] ; 8.888  ; 8.774  ; 9.247  ; 9.141  ;
; search_data[8]  ; match_lines[13] ; 8.637  ; 8.501  ; 9.003  ; 8.881  ;
; search_data[8]  ; match_lines[14] ; 9.213  ; 9.097  ; 9.578  ; 9.470  ;
; search_data[8]  ; match_lines[15] ; 8.876  ; 8.770  ; 9.231  ; 9.111  ;
; search_data[9]  ; match_lines[0]  ; 8.363  ; 8.263  ; 8.718  ; 8.626  ;
; search_data[9]  ; match_lines[1]  ; 9.230  ; 9.143  ; 9.616  ; 9.416  ;
; search_data[9]  ; match_lines[2]  ; 8.071  ; 8.047  ; 8.410  ; 8.394  ;
; search_data[9]  ; match_lines[3]  ; 9.498  ; 9.359  ; 9.858  ; 9.727  ;
; search_data[9]  ; match_lines[4]  ; 8.398  ; 8.347  ; 8.746  ; 8.703  ;
; search_data[9]  ; match_lines[5]  ; 8.904  ; 8.858  ; 9.294  ; 9.135  ;
; search_data[9]  ; match_lines[6]  ; 9.582  ; 9.403  ; 9.929  ; 9.764  ;
; search_data[9]  ; match_lines[7]  ; 8.599  ; 8.473  ; 8.970  ; 8.830  ;
; search_data[9]  ; match_lines[8]  ; 9.391  ; 9.319  ; 9.757  ; 9.693  ;
; search_data[9]  ; match_lines[9]  ; 8.916  ; 8.765  ; 9.290  ; 9.131  ;
; search_data[9]  ; match_lines[10] ; 9.534  ; 9.498  ; 9.866  ; 9.822  ;
; search_data[9]  ; match_lines[11] ; 9.668  ; 9.608  ; 10.018 ; 9.944  ;
; search_data[9]  ; match_lines[12] ; 8.892  ; 8.776  ; 9.247  ; 9.139  ;
; search_data[9]  ; match_lines[13] ; 8.832  ; 8.744  ; 9.186  ; 9.106  ;
; search_data[9]  ; match_lines[14] ; 8.800  ; 8.671  ; 9.149  ; 9.028  ;
; search_data[9]  ; match_lines[15] ; 9.117  ; 9.040  ; 9.470  ; 9.401  ;
; search_data[10] ; match_lines[0]  ; 8.162  ; 8.071  ; 8.509  ; 8.426  ;
; search_data[10] ; match_lines[1]  ; 8.798  ; 8.696  ; 9.149  ; 9.055  ;
; search_data[10] ; match_lines[2]  ; 8.393  ; 8.349  ; 8.732  ; 8.674  ;
; search_data[10] ; match_lines[3]  ; 9.934  ; 9.765  ; 10.274 ; 10.119 ;
; search_data[10] ; match_lines[4]  ; 8.265  ; 8.202  ; 8.606  ; 8.557  ;
; search_data[10] ; match_lines[5]  ; 8.642  ; 8.563  ; 8.998  ; 8.927  ;
; search_data[10] ; match_lines[6]  ; 9.446  ; 9.319  ; 9.782  ; 9.663  ;
; search_data[10] ; match_lines[7]  ; 8.403  ; 8.294  ; 8.739  ; 8.616  ;
; search_data[10] ; match_lines[8]  ; 8.916  ; 8.825  ; 9.254  ; 9.171  ;
; search_data[10] ; match_lines[9]  ; 8.760  ; 8.610  ; 9.091  ; 8.949  ;
; search_data[10] ; match_lines[10] ; 9.682  ; 9.623  ; 9.999  ; 9.976  ;
; search_data[10] ; match_lines[11] ; 9.396  ; 9.347  ; 9.732  ; 9.691  ;
; search_data[10] ; match_lines[12] ; 8.509  ; 8.379  ; 8.862  ; 8.740  ;
; search_data[10] ; match_lines[13] ; 8.794  ; 8.696  ; 9.130  ; 9.018  ;
; search_data[10] ; match_lines[14] ; 8.659  ; 8.548  ; 9.004  ; 8.901  ;
; search_data[10] ; match_lines[15] ; 8.716  ; 8.598  ; 9.051  ; 8.947  ;
; search_data[11] ; match_lines[0]  ; 8.659  ; 8.606  ; 9.055  ; 9.010  ;
; search_data[11] ; match_lines[1]  ; 9.168  ; 9.123  ; 9.598  ; 9.439  ;
; search_data[11] ; match_lines[2]  ; 8.324  ; 8.251  ; 8.709  ; 8.650  ;
; search_data[11] ; match_lines[3]  ; 9.582  ; 9.403  ; 9.983  ; 9.808  ;
; search_data[11] ; match_lines[4]  ; 8.281  ; 8.221  ; 8.672  ; 8.620  ;
; search_data[11] ; match_lines[5]  ; 8.561  ; 8.472  ; 8.949  ; 8.852  ;
; search_data[11] ; match_lines[6]  ; 9.405  ; 9.240  ; 9.797  ; 9.610  ;
; search_data[11] ; match_lines[7]  ; 9.104  ; 8.997  ; 9.505  ; 9.402  ;
; search_data[11] ; match_lines[8]  ; 9.777  ; 9.675  ; 10.159 ; 10.071 ;
; search_data[11] ; match_lines[9]  ; 8.672  ; 8.580  ; 9.100  ; 8.894  ;
; search_data[11] ; match_lines[10] ; 9.409  ; 9.419  ; 9.823  ; 9.821  ;
; search_data[11] ; match_lines[11] ; 9.684  ; 9.605  ; 10.069 ; 9.994  ;
; search_data[11] ; match_lines[12] ; 8.651  ; 8.511  ; 9.047  ; 8.915  ;
; search_data[11] ; match_lines[13] ; 8.823  ; 8.718  ; 9.226  ; 9.125  ;
; search_data[11] ; match_lines[14] ; 8.668  ; 8.532  ; 9.062  ; 8.934  ;
; search_data[11] ; match_lines[15] ; 9.129  ; 9.044  ; 9.535  ; 9.436  ;
; search_data[12] ; match_lines[0]  ; 8.522  ; 8.419  ; 8.871  ; 8.776  ;
; search_data[12] ; match_lines[1]  ; 10.023 ; 9.904  ; 10.352 ; 10.241 ;
; search_data[12] ; match_lines[2]  ; 8.722  ; 8.682  ; 9.036  ; 9.004  ;
; search_data[12] ; match_lines[3]  ; 9.522  ; 9.426  ; 9.861  ; 9.773  ;
; search_data[12] ; match_lines[4]  ; 8.874  ; 8.823  ; 9.209  ; 9.166  ;
; search_data[12] ; match_lines[5]  ; 9.864  ; 9.803  ; 10.173 ; 10.120 ;
; search_data[12] ; match_lines[6]  ; 9.335  ; 9.228  ; 9.654  ; 9.555  ;
; search_data[12] ; match_lines[7]  ; 9.103  ; 9.000  ; 9.457  ; 9.362  ;
; search_data[12] ; match_lines[8]  ; 9.086  ; 9.055  ; 9.413  ; 9.390  ;
; search_data[12] ; match_lines[9]  ; 9.633  ; 9.508  ; 9.953  ; 9.836  ;
; search_data[12] ; match_lines[10] ; 10.023 ; 9.981  ; 10.348 ; 10.314 ;
; search_data[12] ; match_lines[11] ; 9.751  ; 9.696  ; 10.094 ; 10.017 ;
; search_data[12] ; match_lines[12] ; 8.892  ; 8.760  ; 9.227  ; 9.103  ;
; search_data[12] ; match_lines[13] ; 9.090  ; 8.918  ; 9.434  ; 9.270  ;
; search_data[12] ; match_lines[14] ; 9.060  ; 8.947  ; 9.401  ; 9.296  ;
; search_data[12] ; match_lines[15] ; 9.720  ; 9.644  ; 10.074 ; 10.006 ;
; search_data[13] ; match_lines[0]  ; 7.952  ; 7.839  ; 8.315  ; 8.194  ;
; search_data[13] ; match_lines[1]  ; 8.782  ; 8.652  ; 9.151  ; 9.013  ;
; search_data[13] ; match_lines[2]  ; 7.857  ; 7.806  ; 8.232  ; 8.173  ;
; search_data[13] ; match_lines[3]  ; 8.951  ; 8.844  ; 9.314  ; 9.199  ;
; search_data[13] ; match_lines[4]  ; 7.920  ; 7.897  ; 8.291  ; 8.256  ;
; search_data[13] ; match_lines[5]  ; 8.989  ; 8.916  ; 9.361  ; 9.280  ;
; search_data[13] ; match_lines[6]  ; 8.675  ; 8.558  ; 9.048  ; 8.923  ;
; search_data[13] ; match_lines[7]  ; 8.246  ; 8.132  ; 8.610  ; 8.488  ;
; search_data[13] ; match_lines[8]  ; 8.842  ; 8.801  ; 9.211  ; 9.162  ;
; search_data[13] ; match_lines[9]  ; 8.604  ; 8.469  ; 8.965  ; 8.822  ;
; search_data[13] ; match_lines[10] ; 9.621  ; 9.543  ; 9.980  ; 9.906  ;
; search_data[13] ; match_lines[11] ; 8.187  ; 8.121  ; 8.542  ; 8.468  ;
; search_data[13] ; match_lines[12] ; 8.147  ; 8.004  ; 8.504  ; 8.353  ;
; search_data[13] ; match_lines[13] ; 8.718  ; 8.588  ; 9.091  ; 8.949  ;
; search_data[13] ; match_lines[14] ; 8.706  ; 8.650  ; 9.113  ; 8.943  ;
; search_data[13] ; match_lines[15] ; 8.755  ; 8.645  ; 9.119  ; 9.001  ;
; search_data[14] ; match_lines[0]  ; 8.222  ; 8.127  ; 8.569  ; 8.482  ;
; search_data[14] ; match_lines[1]  ; 9.759  ; 9.598  ; 10.133 ; 9.986  ;
; search_data[14] ; match_lines[2]  ; 8.808  ; 8.826  ; 9.158  ; 9.184  ;
; search_data[14] ; match_lines[3]  ; 9.145  ; 9.018  ; 9.497  ; 9.378  ;
; search_data[14] ; match_lines[4]  ; 8.515  ; 8.480  ; 8.870  ; 8.843  ;
; search_data[14] ; match_lines[5]  ; 9.965  ; 9.911  ; 10.332 ; 10.282 ;
; search_data[14] ; match_lines[6]  ; 8.769  ; 8.672  ; 9.115  ; 9.026  ;
; search_data[14] ; match_lines[7]  ; 9.075  ; 9.004  ; 9.445  ; 9.352  ;
; search_data[14] ; match_lines[8]  ; 9.028  ; 8.974  ; 9.377  ; 9.331  ;
; search_data[14] ; match_lines[9]  ; 9.216  ; 9.103  ; 9.583  ; 9.456  ;
; search_data[14] ; match_lines[10] ; 9.807  ; 9.722  ; 10.174 ; 10.093 ;
; search_data[14] ; match_lines[11] ; 9.085  ; 9.040  ; 9.462  ; 9.403  ;
; search_data[14] ; match_lines[12] ; 8.994  ; 8.894  ; 9.363  ; 9.241  ;
; search_data[14] ; match_lines[13] ; 8.794  ; 8.647  ; 9.143  ; 9.004  ;
; search_data[14] ; match_lines[14] ; 9.254  ; 9.148  ; 9.611  ; 9.513  ;
; search_data[14] ; match_lines[15] ; 9.005  ; 8.910  ; 9.354  ; 9.267  ;
; search_data[15] ; match_lines[0]  ; 8.346  ; 8.240  ; 8.700  ; 8.586  ;
; search_data[15] ; match_lines[1]  ; 9.188  ; 9.043  ; 9.531  ; 9.378  ;
; search_data[15] ; match_lines[2]  ; 8.320  ; 8.286  ; 8.659  ; 8.617  ;
; search_data[15] ; match_lines[3]  ; 9.387  ; 9.303  ; 9.753  ; 9.657  ;
; search_data[15] ; match_lines[4]  ; 8.006  ; 8.027  ; 8.397  ; 8.305  ;
; search_data[15] ; match_lines[5]  ; 9.550  ; 9.536  ; 9.917  ; 9.789  ;
; search_data[15] ; match_lines[6]  ; 8.843  ; 8.735  ; 9.186  ; 9.070  ;
; search_data[15] ; match_lines[7]  ; 8.821  ; 8.738  ; 9.151  ; 9.060  ;
; search_data[15] ; match_lines[8]  ; 9.777  ; 9.766  ; 10.133 ; 10.110 ;
; search_data[15] ; match_lines[9]  ; 9.149  ; 9.098  ; 9.532  ; 9.368  ;
; search_data[15] ; match_lines[10] ; 10.300 ; 10.256 ; 10.646 ; 10.588 ;
; search_data[15] ; match_lines[11] ; 8.536  ; 8.487  ; 8.878  ; 8.821  ;
; search_data[15] ; match_lines[12] ; 8.799  ; 8.755  ; 9.197  ; 9.039  ;
; search_data[15] ; match_lines[13] ; 8.791  ; 8.686  ; 9.143  ; 9.026  ;
; search_data[15] ; match_lines[14] ; 8.820  ; 8.703  ; 9.169  ; 9.044  ;
; search_data[15] ; match_lines[15] ; 8.321  ; 8.215  ; 8.674  ; 8.560  ;
+-----------------+-----------------+--------+--------+--------+--------+


+-----------------------------------------------------------------------+
; Minimum Propagation Delay                                             ;
+-----------------+-----------------+--------+--------+--------+--------+
; Input Port      ; Output Port     ; RR     ; RF     ; FR     ; FF     ;
+-----------------+-----------------+--------+--------+--------+--------+
; search_data[0]  ; match_lines[0]  ; 8.904  ; 8.765  ; 9.234  ; 9.089  ;
; search_data[0]  ; match_lines[1]  ; 9.507  ; 9.391  ; 9.860  ; 9.738  ;
; search_data[0]  ; match_lines[2]  ; 8.497  ; 8.399  ; 8.829  ; 8.725  ;
; search_data[0]  ; match_lines[3]  ; 10.218 ; 10.075 ; 10.576 ; 10.420 ;
; search_data[0]  ; match_lines[4]  ; 9.161  ; 9.123  ; 9.501  ; 9.454  ;
; search_data[0]  ; match_lines[5]  ; 8.382  ; 8.321  ; 8.717  ; 8.650  ;
; search_data[0]  ; match_lines[6]  ; 9.526  ; 9.348  ; 9.858  ; 9.674  ;
; search_data[0]  ; match_lines[7]  ; 9.766  ; 9.638  ; 10.116 ; 9.982  ;
; search_data[0]  ; match_lines[8]  ; 9.382  ; 9.299  ; 9.732  ; 9.643  ;
; search_data[0]  ; match_lines[9]  ; 9.404  ; 9.340  ; 9.758  ; 9.681  ;
; search_data[0]  ; match_lines[10] ; 10.473 ; 10.443 ; 10.806 ; 10.770 ;
; search_data[0]  ; match_lines[11] ; 9.727  ; 9.654  ; 10.065 ; 9.986  ;
; search_data[0]  ; match_lines[12] ; 9.022  ; 8.918  ; 9.349  ; 9.239  ;
; search_data[0]  ; match_lines[13] ; 9.093  ; 8.969  ; 9.450  ; 9.320  ;
; search_data[0]  ; match_lines[14] ; 8.928  ; 8.798  ; 9.278  ; 9.142  ;
; search_data[0]  ; match_lines[15] ; 8.647  ; 8.553  ; 8.992  ; 8.889  ;
; search_data[1]  ; match_lines[0]  ; 8.189  ; 8.129  ; 8.602  ; 8.411  ;
; search_data[1]  ; match_lines[1]  ; 7.697  ; 7.636  ; 8.088  ; 7.954  ;
; search_data[1]  ; match_lines[2]  ; 8.519  ; 8.453  ; 8.859  ; 8.780  ;
; search_data[1]  ; match_lines[3]  ; 9.713  ; 9.572  ; 10.065 ; 9.918  ;
; search_data[1]  ; match_lines[4]  ; 8.139  ; 8.067  ; 8.487  ; 8.409  ;
; search_data[1]  ; match_lines[5]  ; 7.419  ; 7.366  ; 7.762  ; 7.690  ;
; search_data[1]  ; match_lines[6]  ; 8.917  ; 8.752  ; 9.252  ; 9.081  ;
; search_data[1]  ; match_lines[7]  ; 9.559  ; 9.444  ; 9.911  ; 9.790  ;
; search_data[1]  ; match_lines[8]  ; 9.478  ; 9.427  ; 9.844  ; 9.780  ;
; search_data[1]  ; match_lines[9]  ; 8.573  ; 8.510  ; 8.967  ; 8.841  ;
; search_data[1]  ; match_lines[10] ; 9.305  ; 9.262  ; 9.648  ; 9.599  ;
; search_data[1]  ; match_lines[11] ; 8.133  ; 8.052  ; 8.486  ; 8.399  ;
; search_data[1]  ; match_lines[12] ; 8.710  ; 8.638  ; 9.074  ; 8.989  ;
; search_data[1]  ; match_lines[13] ; 8.820  ; 8.687  ; 9.161  ; 9.022  ;
; search_data[1]  ; match_lines[14] ; 9.026  ; 8.928  ; 9.392  ; 9.281  ;
; search_data[1]  ; match_lines[15] ; 8.571  ; 8.484  ; 8.914  ; 8.814  ;
; search_data[2]  ; match_lines[0]  ; 9.484  ; 9.339  ; 9.810  ; 9.679  ;
; search_data[2]  ; match_lines[1]  ; 7.875  ; 7.787  ; 8.220  ; 8.112  ;
; search_data[2]  ; match_lines[2]  ; 8.625  ; 8.576  ; 8.957  ; 8.862  ;
; search_data[2]  ; match_lines[3]  ; 9.640  ; 9.526  ; 9.973  ; 9.865  ;
; search_data[2]  ; match_lines[4]  ; 8.695  ; 8.563  ; 9.022  ; 8.891  ;
; search_data[2]  ; match_lines[5]  ; 7.457  ; 7.401  ; 7.802  ; 7.726  ;
; search_data[2]  ; match_lines[6]  ; 9.565  ; 9.422  ; 9.886  ; 9.744  ;
; search_data[2]  ; match_lines[7]  ; 9.187  ; 9.085  ; 9.527  ; 9.431  ;
; search_data[2]  ; match_lines[8]  ; 9.656  ; 9.587  ; 10.000 ; 9.932  ;
; search_data[2]  ; match_lines[9]  ; 7.882  ; 7.773  ; 8.221  ; 8.106  ;
; search_data[2]  ; match_lines[10] ; 10.867 ; 10.859 ; 11.196 ; 11.194 ;
; search_data[2]  ; match_lines[11] ; 8.672  ; 8.570  ; 9.002  ; 8.906  ;
; search_data[2]  ; match_lines[12] ; 9.280  ; 9.197  ; 9.610  ; 9.533  ;
; search_data[2]  ; match_lines[13] ; 8.761  ; 8.671  ; 9.096  ; 9.012  ;
; search_data[2]  ; match_lines[14] ; 8.917  ; 8.746  ; 9.242  ; 9.090  ;
; search_data[2]  ; match_lines[15] ; 8.246  ; 8.111  ; 8.573  ; 8.444  ;
; search_data[3]  ; match_lines[0]  ; 8.104  ; 7.965  ; 8.446  ; 8.301  ;
; search_data[3]  ; match_lines[1]  ; 8.791  ; 8.668  ; 9.134  ; 9.005  ;
; search_data[3]  ; match_lines[2]  ; 7.875  ; 7.845  ; 8.204  ; 8.167  ;
; search_data[3]  ; match_lines[3]  ; 8.850  ; 8.732  ; 9.172  ; 9.048  ;
; search_data[3]  ; match_lines[4]  ; 7.932  ; 7.858  ; 8.282  ; 8.201  ;
; search_data[3]  ; match_lines[5]  ; 8.103  ; 8.029  ; 8.464  ; 8.384  ;
; search_data[3]  ; match_lines[6]  ; 7.990  ; 7.854  ; 8.335  ; 8.193  ;
; search_data[3]  ; match_lines[7]  ; 8.389  ; 8.275  ; 8.709  ; 8.589  ;
; search_data[3]  ; match_lines[8]  ; 8.976  ; 8.914  ; 9.325  ; 9.257  ;
; search_data[3]  ; match_lines[9]  ; 8.526  ; 8.478  ; 8.913  ; 8.802  ;
; search_data[3]  ; match_lines[10] ; 9.661  ; 9.641  ; 10.002 ; 9.976  ;
; search_data[3]  ; match_lines[11] ; 8.060  ; 7.955  ; 8.410  ; 8.299  ;
; search_data[3]  ; match_lines[12] ; 8.090  ; 7.995  ; 8.431  ; 8.330  ;
; search_data[3]  ; match_lines[13] ; 8.759  ; 8.723  ; 9.143  ; 8.999  ;
; search_data[3]  ; match_lines[14] ; 8.163  ; 7.981  ; 8.511  ; 8.323  ;
; search_data[3]  ; match_lines[15] ; 8.273  ; 8.127  ; 8.611  ; 8.459  ;
; search_data[4]  ; match_lines[0]  ; 9.257  ; 9.090  ; 9.615  ; 9.462  ;
; search_data[4]  ; match_lines[1]  ; 8.665  ; 8.598  ; 9.045  ; 8.928  ;
; search_data[4]  ; match_lines[2]  ; 8.976  ; 8.892  ; 9.336  ; 9.253  ;
; search_data[4]  ; match_lines[3]  ; 9.769  ; 9.622  ; 10.137 ; 9.991  ;
; search_data[4]  ; match_lines[4]  ; 9.275  ; 9.208  ; 9.644  ; 9.583  ;
; search_data[4]  ; match_lines[5]  ; 8.597  ; 8.513  ; 8.964  ; 8.876  ;
; search_data[4]  ; match_lines[6]  ; 9.479  ; 9.328  ; 9.839  ; 9.689  ;
; search_data[4]  ; match_lines[7]  ; 9.629  ; 9.474  ; 10.013 ; 9.854  ;
; search_data[4]  ; match_lines[8]  ; 9.699  ; 9.622  ; 10.066 ; 9.985  ;
; search_data[4]  ; match_lines[9]  ; 8.154  ; 8.037  ; 8.524  ; 8.403  ;
; search_data[4]  ; match_lines[10] ; 10.363 ; 10.353 ; 10.724 ; 10.720 ;
; search_data[4]  ; match_lines[11] ; 9.255  ; 9.170  ; 9.618  ; 9.529  ;
; search_data[4]  ; match_lines[12] ; 8.968  ; 8.856  ; 9.338  ; 9.232  ;
; search_data[4]  ; match_lines[13] ; 8.879  ; 8.775  ; 9.249  ; 9.141  ;
; search_data[4]  ; match_lines[14] ; 9.079  ; 8.918  ; 9.446  ; 9.281  ;
; search_data[4]  ; match_lines[15] ; 9.525  ; 9.398  ; 9.909  ; 9.778  ;
; search_data[5]  ; match_lines[0]  ; 8.248  ; 8.080  ; 8.658  ; 8.484  ;
; search_data[5]  ; match_lines[1]  ; 7.826  ; 7.725  ; 8.216  ; 8.109  ;
; search_data[5]  ; match_lines[2]  ; 8.544  ; 8.532  ; 8.971  ; 8.851  ;
; search_data[5]  ; match_lines[3]  ; 10.250 ; 10.159 ; 10.639 ; 10.541 ;
; search_data[5]  ; match_lines[4]  ; 8.167  ; 8.089  ; 8.568  ; 8.484  ;
; search_data[5]  ; match_lines[5]  ; 8.023  ; 7.975  ; 8.428  ; 8.370  ;
; search_data[5]  ; match_lines[6]  ; 9.045  ; 8.967  ; 9.472  ; 9.286  ;
; search_data[5]  ; match_lines[7]  ; 9.462  ; 9.312  ; 9.847  ; 9.691  ;
; search_data[5]  ; match_lines[8]  ; 9.605  ; 9.532  ; 9.986  ; 9.907  ;
; search_data[5]  ; match_lines[9]  ; 8.408  ; 8.342  ; 8.796  ; 8.723  ;
; search_data[5]  ; match_lines[10] ; 9.784  ; 9.770  ; 10.189 ; 10.169 ;
; search_data[5]  ; match_lines[11] ; 9.269  ; 9.262  ; 9.685  ; 9.569  ;
; search_data[5]  ; match_lines[12] ; 8.757  ; 8.683  ; 9.158  ; 9.077  ;
; search_data[5]  ; match_lines[13] ; 8.393  ; 8.343  ; 8.792  ; 8.732  ;
; search_data[5]  ; match_lines[14] ; 9.172  ; 9.079  ; 9.592  ; 9.391  ;
; search_data[5]  ; match_lines[15] ; 9.361  ; 9.238  ; 9.745  ; 9.616  ;
; search_data[6]  ; match_lines[0]  ; 9.289  ; 9.143  ; 9.644  ; 9.499  ;
; search_data[6]  ; match_lines[1]  ; 7.713  ; 7.587  ; 8.020  ; 7.913  ;
; search_data[6]  ; match_lines[2]  ; 8.328  ; 8.267  ; 8.671  ; 8.616  ;
; search_data[6]  ; match_lines[3]  ; 9.842  ; 9.726  ; 10.169 ; 10.072 ;
; search_data[6]  ; match_lines[4]  ; 8.584  ; 8.495  ; 8.934  ; 8.851  ;
; search_data[6]  ; match_lines[5]  ; 7.399  ; 7.329  ; 7.738  ; 7.674  ;
; search_data[6]  ; match_lines[6]  ; 9.414  ; 9.278  ; 9.768  ; 9.633  ;
; search_data[6]  ; match_lines[7]  ; 9.217  ; 9.115  ; 9.562  ; 9.466  ;
; search_data[6]  ; match_lines[8]  ; 9.672  ; 9.619  ; 9.975  ; 9.941  ;
; search_data[6]  ; match_lines[9]  ; 8.629  ; 8.524  ; 8.962  ; 8.863  ;
; search_data[6]  ; match_lines[10] ; 9.894  ; 9.876  ; 10.196 ; 10.192 ;
; search_data[6]  ; match_lines[11] ; 8.672  ; 8.610  ; 9.020  ; 8.964  ;
; search_data[6]  ; match_lines[12] ; 8.933  ; 8.824  ; 9.242  ; 9.139  ;
; search_data[6]  ; match_lines[13] ; 8.305  ; 8.220  ; 8.619  ; 8.540  ;
; search_data[6]  ; match_lines[14] ; 9.064  ; 8.919  ; 9.367  ; 9.241  ;
; search_data[6]  ; match_lines[15] ; 8.571  ; 8.451  ; 8.885  ; 8.771  ;
; search_data[7]  ; match_lines[0]  ; 8.469  ; 8.338  ; 8.848  ; 8.711  ;
; search_data[7]  ; match_lines[1]  ; 8.048  ; 7.974  ; 8.411  ; 8.330  ;
; search_data[7]  ; match_lines[2]  ; 8.134  ; 8.062  ; 8.486  ; 8.408  ;
; search_data[7]  ; match_lines[3]  ; 9.468  ; 9.356  ; 9.816  ; 9.698  ;
; search_data[7]  ; match_lines[4]  ; 8.290  ; 8.241  ; 8.662  ; 8.603  ;
; search_data[7]  ; match_lines[5]  ; 7.660  ; 7.586  ; 8.014  ; 7.934  ;
; search_data[7]  ; match_lines[6]  ; 9.049  ; 8.898  ; 9.401  ; 9.244  ;
; search_data[7]  ; match_lines[7]  ; 8.826  ; 8.720  ; 9.190  ; 9.078  ;
; search_data[7]  ; match_lines[8]  ; 9.360  ; 9.311  ; 9.722  ; 9.667  ;
; search_data[7]  ; match_lines[9]  ; 8.269  ; 8.227  ; 8.661  ; 8.510  ;
; search_data[7]  ; match_lines[10] ; 10.069 ; 10.101 ; 10.455 ; 10.477 ;
; search_data[7]  ; match_lines[11] ; 9.159  ; 9.093  ; 9.499  ; 9.427  ;
; search_data[7]  ; match_lines[12] ; 8.313  ; 8.183  ; 8.697  ; 8.561  ;
; search_data[7]  ; match_lines[13] ; 8.168  ; 8.072  ; 8.523  ; 8.421  ;
; search_data[7]  ; match_lines[14] ; 8.746  ; 8.612  ; 9.108  ; 8.968  ;
; search_data[7]  ; match_lines[15] ; 8.408  ; 8.284  ; 8.762  ; 8.632  ;
; search_data[8]  ; match_lines[0]  ; 8.371  ; 8.316  ; 8.722  ; 8.673  ;
; search_data[8]  ; match_lines[1]  ; 9.217  ; 9.060  ; 9.558  ; 9.402  ;
; search_data[8]  ; match_lines[2]  ; 7.778  ; 7.756  ; 8.113  ; 8.097  ;
; search_data[8]  ; match_lines[3]  ; 9.156  ; 8.995  ; 9.503  ; 9.348  ;
; search_data[8]  ; match_lines[4]  ; 7.996  ; 7.963  ; 8.344  ; 8.317  ;
; search_data[8]  ; match_lines[5]  ; 8.877  ; 8.776  ; 9.213  ; 9.118  ;
; search_data[8]  ; match_lines[6]  ; 9.213  ; 9.025  ; 9.550  ; 9.363  ;
; search_data[8]  ; match_lines[7]  ; 8.108  ; 7.969  ; 8.446  ; 8.321  ;
; search_data[8]  ; match_lines[8]  ; 8.856  ; 8.760  ; 9.210  ; 9.120  ;
; search_data[8]  ; match_lines[9]  ; 9.042  ; 8.896  ; 9.395  ; 9.255  ;
; search_data[8]  ; match_lines[10] ; 9.306  ; 9.280  ; 9.654  ; 9.634  ;
; search_data[8]  ; match_lines[11] ; 9.292  ; 9.196  ; 9.610  ; 9.533  ;
; search_data[8]  ; match_lines[12] ; 8.576  ; 8.464  ; 8.928  ; 8.822  ;
; search_data[8]  ; match_lines[13] ; 8.317  ; 8.187  ; 8.676  ; 8.547  ;
; search_data[8]  ; match_lines[14] ; 8.889  ; 8.774  ; 9.247  ; 9.138  ;
; search_data[8]  ; match_lines[15] ; 8.530  ; 8.416  ; 8.856  ; 8.761  ;
; search_data[9]  ; match_lines[0]  ; 8.074  ; 7.972  ; 8.423  ; 8.327  ;
; search_data[9]  ; match_lines[1]  ; 8.906  ; 8.821  ; 9.281  ; 9.088  ;
; search_data[9]  ; match_lines[2]  ; 7.788  ; 7.763  ; 8.120  ; 8.101  ;
; search_data[9]  ; match_lines[3]  ; 9.162  ; 9.027  ; 9.516  ; 9.387  ;
; search_data[9]  ; match_lines[4]  ; 8.103  ; 8.052  ; 8.444  ; 8.399  ;
; search_data[9]  ; match_lines[5]  ; 8.594  ; 8.546  ; 8.974  ; 8.818  ;
; search_data[9]  ; match_lines[6]  ; 9.225  ; 9.057  ; 9.566  ; 9.399  ;
; search_data[9]  ; match_lines[7]  ; 8.266  ; 8.131  ; 8.608  ; 8.492  ;
; search_data[9]  ; match_lines[8]  ; 9.084  ; 9.016  ; 9.442  ; 9.380  ;
; search_data[9]  ; match_lines[9]  ; 8.605  ; 8.456  ; 8.970  ; 8.815  ;
; search_data[9]  ; match_lines[10] ; 9.222  ; 9.185  ; 9.546  ; 9.503  ;
; search_data[9]  ; match_lines[11] ; 9.292  ; 9.223  ; 9.614  ; 9.564  ;
; search_data[9]  ; match_lines[12] ; 8.582  ; 8.466  ; 8.929  ; 8.819  ;
; search_data[9]  ; match_lines[13] ; 8.524  ; 8.434  ; 8.872  ; 8.788  ;
; search_data[9]  ; match_lines[14] ; 8.494  ; 8.365  ; 8.836  ; 8.713  ;
; search_data[9]  ; match_lines[15] ; 8.796  ; 8.721  ; 9.141  ; 9.072  ;
; search_data[10] ; match_lines[0]  ; 7.882  ; 7.789  ; 8.222  ; 8.135  ;
; search_data[10] ; match_lines[1]  ; 8.442  ; 8.335  ; 8.786  ; 8.685  ;
; search_data[10] ; match_lines[2]  ; 8.064  ; 8.009  ; 8.375  ; 8.339  ;
; search_data[10] ; match_lines[3]  ; 9.561  ; 9.403  ; 9.896  ; 9.739  ;
; search_data[10] ; match_lines[4]  ; 7.954  ; 7.900  ; 8.290  ; 8.237  ;
; search_data[10] ; match_lines[5]  ; 8.293  ; 8.207  ; 8.642  ; 8.562  ;
; search_data[10] ; match_lines[6]  ; 9.112  ; 8.989  ; 9.441  ; 9.324  ;
; search_data[10] ; match_lines[7]  ; 8.077  ; 7.960  ; 8.386  ; 8.288  ;
; search_data[10] ; match_lines[8]  ; 8.627  ; 8.540  ; 8.959  ; 8.878  ;
; search_data[10] ; match_lines[9]  ; 8.406  ; 8.251  ; 8.731  ; 8.582  ;
; search_data[10] ; match_lines[10] ; 9.359  ; 9.294  ; 9.648  ; 9.639  ;
; search_data[10] ; match_lines[11] ; 9.066  ; 9.014  ; 9.395  ; 9.349  ;
; search_data[10] ; match_lines[12] ; 8.213  ; 8.083  ; 8.559  ; 8.435  ;
; search_data[10] ; match_lines[13] ; 8.453  ; 8.343  ; 8.762  ; 8.671  ;
; search_data[10] ; match_lines[14] ; 8.356  ; 8.246  ; 8.695  ; 8.591  ;
; search_data[10] ; match_lines[15] ; 8.392  ; 8.280  ; 8.722  ; 8.611  ;
; search_data[11] ; match_lines[0]  ; 8.357  ; 8.301  ; 8.744  ; 8.694  ;
; search_data[11] ; match_lines[1]  ; 8.844  ; 8.799  ; 9.261  ; 9.107  ;
; search_data[11] ; match_lines[2]  ; 8.010  ; 7.943  ; 8.389  ; 8.323  ;
; search_data[11] ; match_lines[3]  ; 9.218  ; 9.049  ; 9.616  ; 9.443  ;
; search_data[11] ; match_lines[4]  ; 7.988  ; 7.928  ; 8.370  ; 8.316  ;
; search_data[11] ; match_lines[5]  ; 8.262  ; 8.172  ; 8.641  ; 8.545  ;
; search_data[11] ; match_lines[6]  ; 9.039  ; 8.867  ; 9.400  ; 9.242  ;
; search_data[11] ; match_lines[7]  ; 8.760  ; 8.661  ; 9.158  ; 9.055  ;
; search_data[11] ; match_lines[8]  ; 9.433  ; 9.342  ; 9.808  ; 9.718  ;
; search_data[11] ; match_lines[9]  ; 8.369  ; 8.278  ; 8.784  ; 8.584  ;
; search_data[11] ; match_lines[10] ; 9.101  ; 9.109  ; 9.503  ; 9.501  ;
; search_data[11] ; match_lines[11] ; 9.318  ; 9.245  ; 9.700  ; 9.623  ;
; search_data[11] ; match_lines[12] ; 8.347  ; 8.209  ; 8.734  ; 8.602  ;
; search_data[11] ; match_lines[13] ; 8.490  ; 8.391  ; 8.890  ; 8.787  ;
; search_data[11] ; match_lines[14] ; 8.364  ; 8.229  ; 8.749  ; 8.620  ;
; search_data[11] ; match_lines[15] ; 8.770  ; 8.678  ; 9.146  ; 9.073  ;
; search_data[12] ; match_lines[0]  ; 8.180  ; 8.067  ; 8.522  ; 8.415  ;
; search_data[12] ; match_lines[1]  ; 9.619  ; 9.496  ; 9.942  ; 9.825  ;
; search_data[12] ; match_lines[2]  ; 8.366  ; 8.316  ; 8.674  ; 8.630  ;
; search_data[12] ; match_lines[3]  ; 9.132  ; 9.036  ; 9.465  ; 9.375  ;
; search_data[12] ; match_lines[4]  ; 8.559  ; 8.507  ; 8.888  ; 8.842  ;
; search_data[12] ; match_lines[5]  ; 9.469  ; 9.399  ; 9.772  ; 9.708  ;
; search_data[12] ; match_lines[6]  ; 8.952  ; 8.848  ; 9.266  ; 9.168  ;
; search_data[12] ; match_lines[7]  ; 8.731  ; 8.629  ; 9.078  ; 8.982  ;
; search_data[12] ; match_lines[8]  ; 8.744  ; 8.706  ; 9.065  ; 9.033  ;
; search_data[12] ; match_lines[9]  ; 9.245  ; 9.115  ; 9.559  ; 9.435  ;
; search_data[12] ; match_lines[10] ; 9.692  ; 9.651  ; 10.012 ; 9.977  ;
; search_data[12] ; match_lines[11] ; 9.325  ; 9.250  ; 9.639  ; 9.578  ;
; search_data[12] ; match_lines[12] ; 8.535  ; 8.395  ; 8.864  ; 8.730  ;
; search_data[12] ; match_lines[13] ; 8.771  ; 8.603  ; 9.108  ; 8.946  ;
; search_data[12] ; match_lines[14] ; 8.694  ; 8.574  ; 9.029  ; 8.915  ;
; search_data[12] ; match_lines[15] ; 9.328  ; 9.244  ; 9.675  ; 9.597  ;
; search_data[13] ; match_lines[0]  ; 7.680  ; 7.565  ; 8.034  ; 7.913  ;
; search_data[13] ; match_lines[1]  ; 8.475  ; 8.348  ; 8.834  ; 8.701  ;
; search_data[13] ; match_lines[2]  ; 7.582  ; 7.529  ; 7.948  ; 7.889  ;
; search_data[13] ; match_lines[3]  ; 8.638  ; 8.531  ; 8.992  ; 8.879  ;
; search_data[13] ; match_lines[4]  ; 7.645  ; 7.619  ; 8.004  ; 7.968  ;
; search_data[13] ; match_lines[5]  ; 8.676  ; 8.602  ; 9.038  ; 8.958  ;
; search_data[13] ; match_lines[6]  ; 8.374  ; 8.259  ; 8.737  ; 8.616  ;
; search_data[13] ; match_lines[7]  ; 7.963  ; 7.849  ; 8.317  ; 8.197  ;
; search_data[13] ; match_lines[8]  ; 8.557  ; 8.516  ; 8.918  ; 8.871  ;
; search_data[13] ; match_lines[9]  ; 8.306  ; 8.172  ; 8.658  ; 8.518  ;
; search_data[13] ; match_lines[10] ; 9.284  ; 9.214  ; 9.641  ; 9.567  ;
; search_data[13] ; match_lines[11] ; 7.904  ; 7.836  ; 8.251  ; 8.177  ;
; search_data[13] ; match_lines[12] ; 7.867  ; 7.724  ; 8.215  ; 8.066  ;
; search_data[13] ; match_lines[13] ; 8.414  ; 8.285  ; 8.777  ; 8.638  ;
; search_data[13] ; match_lines[14] ; 8.403  ; 8.345  ; 8.798  ; 8.631  ;
; search_data[13] ; match_lines[15] ; 8.449  ; 8.339  ; 8.804  ; 8.688  ;
; search_data[14] ; match_lines[0]  ; 7.891  ; 7.788  ; 8.231  ; 8.134  ;
; search_data[14] ; match_lines[1]  ; 9.339  ; 9.189  ; 9.706  ; 9.557  ;
; search_data[14] ; match_lines[2]  ; 8.446  ; 8.453  ; 8.789  ; 8.802  ;
; search_data[14] ; match_lines[3]  ; 8.823  ; 8.698  ; 9.167  ; 9.048  ;
; search_data[14] ; match_lines[4]  ; 8.159  ; 8.123  ; 8.507  ; 8.477  ;
; search_data[14] ; match_lines[5]  ; 9.542  ; 9.486  ; 9.906  ; 9.846  ;
; search_data[14] ; match_lines[6]  ; 8.409  ; 8.313  ; 8.748  ; 8.658  ;
; search_data[14] ; match_lines[7]  ; 8.676  ; 8.584  ; 9.016  ; 8.938  ;
; search_data[14] ; match_lines[8]  ; 8.735  ; 8.682  ; 9.078  ; 9.031  ;
; search_data[14] ; match_lines[9]  ; 8.802  ; 8.681  ; 9.141  ; 9.039  ;
; search_data[14] ; match_lines[10] ; 9.461  ; 9.385  ; 9.826  ; 9.746  ;
; search_data[14] ; match_lines[11] ; 8.684  ; 8.619  ; 9.032  ; 8.986  ;
; search_data[14] ; match_lines[12] ; 8.599  ; 8.481  ; 8.938  ; 8.834  ;
; search_data[14] ; match_lines[13] ; 8.486  ; 8.339  ; 8.828  ; 8.687  ;
; search_data[14] ; match_lines[14] ; 8.874  ; 8.770  ; 9.224  ; 9.126  ;
; search_data[14] ; match_lines[15] ; 8.640  ; 8.538  ; 8.982  ; 8.886  ;
; search_data[15] ; match_lines[0]  ; 8.059  ; 7.953  ; 8.404  ; 8.292  ;
; search_data[15] ; match_lines[1]  ; 8.866  ; 8.725  ; 9.200  ; 9.053  ;
; search_data[15] ; match_lines[2]  ; 8.029  ; 7.992  ; 8.359  ; 8.316  ;
; search_data[15] ; match_lines[3]  ; 9.059  ; 8.974  ; 9.413  ; 9.318  ;
; search_data[15] ; match_lines[4]  ; 7.728  ; 7.745  ; 8.108  ; 8.017  ;
; search_data[15] ; match_lines[5]  ; 9.216  ; 9.200  ; 9.572  ; 9.447  ;
; search_data[15] ; match_lines[6]  ; 8.537  ; 8.429  ; 8.872  ; 8.758  ;
; search_data[15] ; match_lines[7]  ; 8.516  ; 8.430  ; 8.838  ; 8.746  ;
; search_data[15] ; match_lines[8]  ; 9.459  ; 9.446  ; 9.804  ; 9.781  ;
; search_data[15] ; match_lines[9]  ; 8.829  ; 8.776  ; 9.202  ; 9.041  ;
; search_data[15] ; match_lines[10] ; 9.923  ; 9.872  ; 10.242 ; 10.210 ;
; search_data[15] ; match_lines[11] ; 8.242  ; 8.189  ; 8.575  ; 8.516  ;
; search_data[15] ; match_lines[12] ; 8.494  ; 8.448  ; 8.881  ; 8.726  ;
; search_data[15] ; match_lines[13] ; 8.487  ; 8.380  ; 8.829  ; 8.712  ;
; search_data[15] ; match_lines[14] ; 8.514  ; 8.397  ; 8.856  ; 8.733  ;
; search_data[15] ; match_lines[15] ; 8.034  ; 7.928  ; 8.378  ; 8.266  ;
+-----------------+-----------------+--------+--------+--------+--------+


---------------------------------------------
; Slow 1200mV 0C Model Metastability Report ;
---------------------------------------------
No synchronizer chains to report.


+------------------------------------+
; Fast 1200mV 0C Model Setup Summary ;
+-------+-------+--------------------+
; Clock ; Slack ; End Point TNS      ;
+-------+-------+--------------------+
; clk   ; 0.600 ; 0.000              ;
+-------+-------+--------------------+


+-----------------------------------+
; Fast 1200mV 0C Model Hold Summary ;
+-------+-------+-------------------+
; Clock ; Slack ; End Point TNS     ;
+-------+-------+-------------------+
; clk   ; 0.186 ; 0.000             ;
+-------+-------+-------------------+


-----------------------------------------
; Fast 1200mV 0C Model Recovery Summary ;
-----------------------------------------
No paths to report.


----------------------------------------
; Fast 1200mV 0C Model Removal Summary ;
----------------------------------------
No paths to report.


+--------------------------------------------------+
; Fast 1200mV 0C Model Minimum Pulse Width Summary ;
+-------+--------+---------------------------------+
; Clock ; Slack  ; End Point TNS                   ;
+-------+--------+---------------------------------+
; clk   ; -3.000 ; -544.429                        ;
+-------+--------+---------------------------------+


+-------------------------------------------------------------------------------------------------------------------------------------------------------------------------------------------------------------+
; Fast 1200mV 0C Model Setup: 'clk'                                                                                                                                                                           ;
+-------+---------------------------------------------------------------+---------------------------------------------------------------+--------------+-------------+--------------+------------+------------+
; Slack ; From Node                                                     ; To Node                                                       ; Launch Clock ; Latch Clock ; Relationship ; Clock Skew ; Data Delay ;
+-------+---------------------------------------------------------------+---------------------------------------------------------------+--------------+-------------+--------------+------------+------------+
; 0.600 ; tcam:core|tcam_entry:valid_parameters.entries[0].entry|valid  ; tcam:core|tcam_entry:valid_parameters.entries[0].entry|valid  ; clk          ; clk         ; 1.000        ; -0.037     ; 0.350      ;
; 0.600 ; tcam:core|tcam_entry:valid_parameters.entries[1].entry|valid  ; tcam:core|tcam_entry:valid_parameters.entries[1].entry|valid  ; clk          ; clk         ; 1.000        ; -0.037     ; 0.350      ;
; 0.600 ; tcam:core|tcam_entry:valid_parameters.entries[8].entry|valid  ; tcam:core|tcam_entry:valid_parameters.entries[8].entry|valid  ; clk          ; clk         ; 1.000        ; -0.037     ; 0.350      ;
; 0.600 ; tcam:core|tcam_entry:valid_parameters.entries[9].entry|valid  ; tcam:core|tcam_entry:valid_parameters.entries[9].entry|valid  ; clk          ; clk         ; 1.000        ; -0.037     ; 0.350      ;
; 0.600 ; tcam:core|tcam_entry:valid_parameters.entries[11].entry|valid ; tcam:core|tcam_entry:valid_parameters.entries[11].entry|valid ; clk          ; clk         ; 1.000        ; -0.037     ; 0.350      ;
; 0.600 ; tcam:core|tcam_entry:valid_parameters.entries[15].entry|valid ; tcam:core|tcam_entry:valid_parameters.entries[15].entry|valid ; clk          ; clk         ; 1.000        ; -0.037     ; 0.350      ;
; 0.600 ; tcam:core|tcam_entry:valid_parameters.entries[2].entry|valid  ; tcam:core|tcam_entry:valid_parameters.entries[2].entry|valid  ; clk          ; clk         ; 1.000        ; -0.037     ; 0.350      ;
; 0.600 ; tcam:core|tcam_entry:valid_parameters.entries[3].entry|valid  ; tcam:core|tcam_entry:valid_parameters.entries[3].entry|valid  ; clk          ; clk         ; 1.000        ; -0.037     ; 0.350      ;
; 0.600 ; tcam:core|tcam_entry:valid_parameters.entries[4].entry|valid  ; tcam:core|tcam_entry:valid_parameters.entries[4].entry|valid  ; clk          ; clk         ; 1.000        ; -0.037     ; 0.350      ;
; 0.600 ; tcam:core|tcam_entry:valid_parameters.entries[5].entry|valid  ; tcam:core|tcam_entry:valid_parameters.entries[5].entry|valid  ; clk          ; clk         ; 1.000        ; -0.037     ; 0.350      ;
; 0.600 ; tcam:core|tcam_entry:valid_parameters.entries[6].entry|valid  ; tcam:core|tcam_entry:valid_parameters.entries[6].entry|valid  ; clk          ; clk         ; 1.000        ; -0.037     ; 0.350      ;
; 0.600 ; tcam:core|tcam_entry:valid_parameters.entries[7].entry|valid  ; tcam:core|tcam_entry:valid_parameters.entries[7].entry|valid  ; clk          ; clk         ; 1.000        ; -0.037     ; 0.350      ;
; 0.600 ; tcam:core|tcam_entry:valid_parameters.entries[10].entry|valid ; tcam:core|tcam_entry:valid_parameters.entries[10].entry|valid ; clk          ; clk         ; 1.000        ; -0.037     ; 0.350      ;
; 0.600 ; tcam:core|tcam_entry:valid_parameters.entries[12].entry|valid ; tcam:core|tcam_entry:valid_parameters.entries[12].entry|valid ; clk          ; clk         ; 1.000        ; -0.037     ; 0.350      ;
; 0.600 ; tcam:core|tcam_entry:valid_parameters.entries[13].entry|valid ; tcam:core|tcam_entry:valid_parameters.entries[13].entry|valid ; clk          ; clk         ; 1.000        ; -0.037     ; 0.350      ;
; 0.600 ; tcam:core|tcam_entry:valid_parameters.entries[14].entry|valid ; tcam:core|tcam_entry:valid_parameters.entries[14].entry|valid ; clk          ; clk         ; 1.000        ; -0.037     ; 0.350      ;
+-------+---------------------------------------------------------------+---------------------------------------------------------------+--------------+-------------+--------------+------------+------------+


+-------------------------------------------------------------------------------------------------------------------------------------------------------------------------------------------------------------+
; Fast 1200mV 0C Model Hold: 'clk'                                                                                                                                                                            ;
+-------+---------------------------------------------------------------+---------------------------------------------------------------+--------------+-------------+--------------+------------+------------+
; Slack ; From Node                                                     ; To Node                                                       ; Launch Clock ; Latch Clock ; Relationship ; Clock Skew ; Data Delay ;
+-------+---------------------------------------------------------------+---------------------------------------------------------------+--------------+-------------+--------------+------------+------------+
; 0.186 ; tcam:core|tcam_entry:valid_parameters.entries[0].entry|valid  ; tcam:core|tcam_entry:valid_parameters.entries[0].entry|valid  ; clk          ; clk         ; 0.000        ; 0.037      ; 0.307      ;
; 0.186 ; tcam:core|tcam_entry:valid_parameters.entries[1].entry|valid  ; tcam:core|tcam_entry:valid_parameters.entries[1].entry|valid  ; clk          ; clk         ; 0.000        ; 0.037      ; 0.307      ;
; 0.186 ; tcam:core|tcam_entry:valid_parameters.entries[8].entry|valid  ; tcam:core|tcam_entry:valid_parameters.entries[8].entry|valid  ; clk          ; clk         ; 0.000        ; 0.037      ; 0.307      ;
; 0.186 ; tcam:core|tcam_entry:valid_parameters.entries[9].entry|valid  ; tcam:core|tcam_entry:valid_parameters.entries[9].entry|valid  ; clk          ; clk         ; 0.000        ; 0.037      ; 0.307      ;
; 0.186 ; tcam:core|tcam_entry:valid_parameters.entries[11].entry|valid ; tcam:core|tcam_entry:valid_parameters.entries[11].entry|valid ; clk          ; clk         ; 0.000        ; 0.037      ; 0.307      ;
; 0.186 ; tcam:core|tcam_entry:valid_parameters.entries[15].entry|valid ; tcam:core|tcam_entry:valid_parameters.entries[15].entry|valid ; clk          ; clk         ; 0.000        ; 0.037      ; 0.307      ;
; 0.186 ; tcam:core|tcam_entry:valid_parameters.entries[2].entry|valid  ; tcam:core|tcam_entry:valid_parameters.entries[2].entry|valid  ; clk          ; clk         ; 0.000        ; 0.037      ; 0.307      ;
; 0.186 ; tcam:core|tcam_entry:valid_parameters.entries[3].entry|valid  ; tcam:core|tcam_entry:valid_parameters.entries[3].entry|valid  ; clk          ; clk         ; 0.000        ; 0.037      ; 0.307      ;
; 0.186 ; tcam:core|tcam_entry:valid_parameters.entries[4].entry|valid  ; tcam:core|tcam_entry:valid_parameters.entries[4].entry|valid  ; clk          ; clk         ; 0.000        ; 0.037      ; 0.307      ;
; 0.186 ; tcam:core|tcam_entry:valid_parameters.entries[5].entry|valid  ; tcam:core|tcam_entry:valid_parameters.entries[5].entry|valid  ; clk          ; clk         ; 0.000        ; 0.037      ; 0.307      ;
; 0.186 ; tcam:core|tcam_entry:valid_parameters.entries[6].entry|valid  ; tcam:core|tcam_entry:valid_parameters.entries[6].entry|valid  ; clk          ; clk         ; 0.000        ; 0.037      ; 0.307      ;
; 0.186 ; tcam:core|tcam_entry:valid_parameters.entries[7].entry|valid  ; tcam:core|tcam_entry:valid_parameters.entries[7].entry|valid  ; clk          ; clk         ; 0.000        ; 0.037      ; 0.307      ;
; 0.186 ; tcam:core|tcam_entry:valid_parameters.entries[10].entry|valid ; tcam:core|tcam_entry:valid_parameters.entries[10].entry|valid ; clk          ; clk         ; 0.000        ; 0.037      ; 0.307      ;
; 0.186 ; tcam:core|tcam_entry:valid_parameters.entries[12].entry|valid ; tcam:core|tcam_entry:valid_parameters.entries[12].entry|valid ; clk          ; clk         ; 0.000        ; 0.037      ; 0.307      ;
; 0.186 ; tcam:core|tcam_entry:valid_parameters.entries[13].entry|valid ; tcam:core|tcam_entry:valid_parameters.entries[13].entry|valid ; clk          ; clk         ; 0.000        ; 0.037      ; 0.307      ;
; 0.186 ; tcam:core|tcam_entry:valid_parameters.entries[14].entry|valid ; tcam:core|tcam_entry:valid_parameters.entries[14].entry|valid ; clk          ; clk         ; 0.000        ; 0.037      ; 0.307      ;
+-------+---------------------------------------------------------------+---------------------------------------------------------------+--------------+-------------+--------------+------------+------------+


+------------------------------------------------------------------------------------------------------------------------------------------------------+
; Fast 1200mV 0C Model Minimum Pulse Width: 'clk'                                                                                                      ;
+--------+--------------+----------------+------------+-------+------------+---------------------------------------------------------------------------+
; Slack  ; Actual Width ; Required Width ; Type       ; Clock ; Clock Edge ; Target                                                                    ;
+--------+--------------+----------------+------------+-------+------------+---------------------------------------------------------------------------+
; -3.000 ; 1.000        ; 4.000          ; Port Rate  ; clk   ; Rise       ; clk                                                                       ;
; -1.000 ; 1.000        ; 2.000          ; Min Period ; clk   ; Rise       ; tcam:core|tcam_entry:valid_parameters.entries[0].entry|stored_data[0]     ;
; -1.000 ; 1.000        ; 2.000          ; Min Period ; clk   ; Rise       ; tcam:core|tcam_entry:valid_parameters.entries[0].entry|stored_data[10]    ;
; -1.000 ; 1.000        ; 2.000          ; Min Period ; clk   ; Rise       ; tcam:core|tcam_entry:valid_parameters.entries[0].entry|stored_data[11]    ;
; -1.000 ; 1.000        ; 2.000          ; Min Period ; clk   ; Rise       ; tcam:core|tcam_entry:valid_parameters.entries[0].entry|stored_data[12]    ;
; -1.000 ; 1.000        ; 2.000          ; Min Period ; clk   ; Rise       ; tcam:core|tcam_entry:valid_parameters.entries[0].entry|stored_data[13]    ;
; -1.000 ; 1.000        ; 2.000          ; Min Period ; clk   ; Rise       ; tcam:core|tcam_entry:valid_parameters.entries[0].entry|stored_data[14]    ;
; -1.000 ; 1.000        ; 2.000          ; Min Period ; clk   ; Rise       ; tcam:core|tcam_entry:valid_parameters.entries[0].entry|stored_data[15]    ;
; -1.000 ; 1.000        ; 2.000          ; Min Period ; clk   ; Rise       ; tcam:core|tcam_entry:valid_parameters.entries[0].entry|stored_data[1]     ;
; -1.000 ; 1.000        ; 2.000          ; Min Period ; clk   ; Rise       ; tcam:core|tcam_entry:valid_parameters.entries[0].entry|stored_data[2]     ;
; -1.000 ; 1.000        ; 2.000          ; Min Period ; clk   ; Rise       ; tcam:core|tcam_entry:valid_parameters.entries[0].entry|stored_data[3]     ;
; -1.000 ; 1.000        ; 2.000          ; Min Period ; clk   ; Rise       ; tcam:core|tcam_entry:valid_parameters.entries[0].entry|stored_data[4]     ;
; -1.000 ; 1.000        ; 2.000          ; Min Period ; clk   ; Rise       ; tcam:core|tcam_entry:valid_parameters.entries[0].entry|stored_data[5]     ;
; -1.000 ; 1.000        ; 2.000          ; Min Period ; clk   ; Rise       ; tcam:core|tcam_entry:valid_parameters.entries[0].entry|stored_data[6]     ;
; -1.000 ; 1.000        ; 2.000          ; Min Period ; clk   ; Rise       ; tcam:core|tcam_entry:valid_parameters.entries[0].entry|stored_data[7]     ;
; -1.000 ; 1.000        ; 2.000          ; Min Period ; clk   ; Rise       ; tcam:core|tcam_entry:valid_parameters.entries[0].entry|stored_data[8]     ;
; -1.000 ; 1.000        ; 2.000          ; Min Period ; clk   ; Rise       ; tcam:core|tcam_entry:valid_parameters.entries[0].entry|stored_data[9]     ;
; -1.000 ; 1.000        ; 2.000          ; Min Period ; clk   ; Rise       ; tcam:core|tcam_entry:valid_parameters.entries[0].entry|stored_x_mask[0]   ;
; -1.000 ; 1.000        ; 2.000          ; Min Period ; clk   ; Rise       ; tcam:core|tcam_entry:valid_parameters.entries[0].entry|stored_x_mask[10]  ;
; -1.000 ; 1.000        ; 2.000          ; Min Period ; clk   ; Rise       ; tcam:core|tcam_entry:valid_parameters.entries[0].entry|stored_x_mask[11]  ;
; -1.000 ; 1.000        ; 2.000          ; Min Period ; clk   ; Rise       ; tcam:core|tcam_entry:valid_parameters.entries[0].entry|stored_x_mask[12]  ;
; -1.000 ; 1.000        ; 2.000          ; Min Period ; clk   ; Rise       ; tcam:core|tcam_entry:valid_parameters.entries[0].entry|stored_x_mask[13]  ;
; -1.000 ; 1.000        ; 2.000          ; Min Period ; clk   ; Rise       ; tcam:core|tcam_entry:valid_parameters.entries[0].entry|stored_x_mask[14]  ;
; -1.000 ; 1.000        ; 2.000          ; Min Period ; clk   ; Rise       ; tcam:core|tcam_entry:valid_parameters.entries[0].entry|stored_x_mask[15]  ;
; -1.000 ; 1.000        ; 2.000          ; Min Period ; clk   ; Rise       ; tcam:core|tcam_entry:valid_parameters.entries[0].entry|stored_x_mask[1]   ;
; -1.000 ; 1.000        ; 2.000          ; Min Period ; clk   ; Rise       ; tcam:core|tcam_entry:valid_parameters.entries[0].entry|stored_x_mask[2]   ;
; -1.000 ; 1.000        ; 2.000          ; Min Period ; clk   ; Rise       ; tcam:core|tcam_entry:valid_parameters.entries[0].entry|stored_x_mask[3]   ;
; -1.000 ; 1.000        ; 2.000          ; Min Period ; clk   ; Rise       ; tcam:core|tcam_entry:valid_parameters.entries[0].entry|stored_x_mask[4]   ;
; -1.000 ; 1.000        ; 2.000          ; Min Period ; clk   ; Rise       ; tcam:core|tcam_entry:valid_parameters.entries[0].entry|stored_x_mask[5]   ;
; -1.000 ; 1.000        ; 2.000          ; Min Period ; clk   ; Rise       ; tcam:core|tcam_entry:valid_parameters.entries[0].entry|stored_x_mask[6]   ;
; -1.000 ; 1.000        ; 2.000          ; Min Period ; clk   ; Rise       ; tcam:core|tcam_entry:valid_parameters.entries[0].entry|stored_x_mask[7]   ;
; -1.000 ; 1.000        ; 2.000          ; Min Period ; clk   ; Rise       ; tcam:core|tcam_entry:valid_parameters.entries[0].entry|stored_x_mask[8]   ;
; -1.000 ; 1.000        ; 2.000          ; Min Period ; clk   ; Rise       ; tcam:core|tcam_entry:valid_parameters.entries[0].entry|stored_x_mask[9]   ;
; -1.000 ; 1.000        ; 2.000          ; Min Period ; clk   ; Rise       ; tcam:core|tcam_entry:valid_parameters.entries[0].entry|valid              ;
; -1.000 ; 1.000        ; 2.000          ; Min Period ; clk   ; Rise       ; tcam:core|tcam_entry:valid_parameters.entries[10].entry|stored_data[0]    ;
; -1.000 ; 1.000        ; 2.000          ; Min Period ; clk   ; Rise       ; tcam:core|tcam_entry:valid_parameters.entries[10].entry|stored_data[10]   ;
; -1.000 ; 1.000        ; 2.000          ; Min Period ; clk   ; Rise       ; tcam:core|tcam_entry:valid_parameters.entries[10].entry|stored_data[11]   ;
; -1.000 ; 1.000        ; 2.000          ; Min Period ; clk   ; Rise       ; tcam:core|tcam_entry:valid_parameters.entries[10].entry|stored_data[12]   ;
; -1.000 ; 1.000        ; 2.000          ; Min Period ; clk   ; Rise       ; tcam:core|tcam_entry:valid_parameters.entries[10].entry|stored_data[13]   ;
; -1.000 ; 1.000        ; 2.000          ; Min Period ; clk   ; Rise       ; tcam:core|tcam_entry:valid_parameters.entries[10].entry|stored_data[14]   ;
; -1.000 ; 1.000        ; 2.000          ; Min Period ; clk   ; Rise       ; tcam:core|tcam_entry:valid_parameters.entries[10].entry|stored_data[15]   ;
; -1.000 ; 1.000        ; 2.000          ; Min Period ; clk   ; Rise       ; tcam:core|tcam_entry:valid_parameters.entries[10].entry|stored_data[1]    ;
; -1.000 ; 1.000        ; 2.000          ; Min Period ; clk   ; Rise       ; tcam:core|tcam_entry:valid_parameters.entries[10].entry|stored_data[2]    ;
; -1.000 ; 1.000        ; 2.000          ; Min Period ; clk   ; Rise       ; tcam:core|tcam_entry:valid_parameters.entries[10].entry|stored_data[3]    ;
; -1.000 ; 1.000        ; 2.000          ; Min Period ; clk   ; Rise       ; tcam:core|tcam_entry:valid_parameters.entries[10].entry|stored_data[4]    ;
; -1.000 ; 1.000        ; 2.000          ; Min Period ; clk   ; Rise       ; tcam:core|tcam_entry:valid_parameters.entries[10].entry|stored_data[5]    ;
; -1.000 ; 1.000        ; 2.000          ; Min Period ; clk   ; Rise       ; tcam:core|tcam_entry:valid_parameters.entries[10].entry|stored_data[6]    ;
; -1.000 ; 1.000        ; 2.000          ; Min Period ; clk   ; Rise       ; tcam:core|tcam_entry:valid_parameters.entries[10].entry|stored_data[7]    ;
; -1.000 ; 1.000        ; 2.000          ; Min Period ; clk   ; Rise       ; tcam:core|tcam_entry:valid_parameters.entries[10].entry|stored_data[8]    ;
; -1.000 ; 1.000        ; 2.000          ; Min Period ; clk   ; Rise       ; tcam:core|tcam_entry:valid_parameters.entries[10].entry|stored_data[9]    ;
; -1.000 ; 1.000        ; 2.000          ; Min Period ; clk   ; Rise       ; tcam:core|tcam_entry:valid_parameters.entries[10].entry|stored_x_mask[0]  ;
; -1.000 ; 1.000        ; 2.000          ; Min Period ; clk   ; Rise       ; tcam:core|tcam_entry:valid_parameters.entries[10].entry|stored_x_mask[10] ;
; -1.000 ; 1.000        ; 2.000          ; Min Period ; clk   ; Rise       ; tcam:core|tcam_entry:valid_parameters.entries[10].entry|stored_x_mask[11] ;
; -1.000 ; 1.000        ; 2.000          ; Min Period ; clk   ; Rise       ; tcam:core|tcam_entry:valid_parameters.entries[10].entry|stored_x_mask[12] ;
; -1.000 ; 1.000        ; 2.000          ; Min Period ; clk   ; Rise       ; tcam:core|tcam_entry:valid_parameters.entries[10].entry|stored_x_mask[13] ;
; -1.000 ; 1.000        ; 2.000          ; Min Period ; clk   ; Rise       ; tcam:core|tcam_entry:valid_parameters.entries[10].entry|stored_x_mask[14] ;
; -1.000 ; 1.000        ; 2.000          ; Min Period ; clk   ; Rise       ; tcam:core|tcam_entry:valid_parameters.entries[10].entry|stored_x_mask[15] ;
; -1.000 ; 1.000        ; 2.000          ; Min Period ; clk   ; Rise       ; tcam:core|tcam_entry:valid_parameters.entries[10].entry|stored_x_mask[1]  ;
; -1.000 ; 1.000        ; 2.000          ; Min Period ; clk   ; Rise       ; tcam:core|tcam_entry:valid_parameters.entries[10].entry|stored_x_mask[2]  ;
; -1.000 ; 1.000        ; 2.000          ; Min Period ; clk   ; Rise       ; tcam:core|tcam_entry:valid_parameters.entries[10].entry|stored_x_mask[3]  ;
; -1.000 ; 1.000        ; 2.000          ; Min Period ; clk   ; Rise       ; tcam:core|tcam_entry:valid_parameters.entries[10].entry|stored_x_mask[4]  ;
; -1.000 ; 1.000        ; 2.000          ; Min Period ; clk   ; Rise       ; tcam:core|tcam_entry:valid_parameters.entries[10].entry|stored_x_mask[5]  ;
; -1.000 ; 1.000        ; 2.000          ; Min Period ; clk   ; Rise       ; tcam:core|tcam_entry:valid_parameters.entries[10].entry|stored_x_mask[6]  ;
; -1.000 ; 1.000        ; 2.000          ; Min Period ; clk   ; Rise       ; tcam:core|tcam_entry:valid_parameters.entries[10].entry|stored_x_mask[7]  ;
; -1.000 ; 1.000        ; 2.000          ; Min Period ; clk   ; Rise       ; tcam:core|tcam_entry:valid_parameters.entries[10].entry|stored_x_mask[8]  ;
; -1.000 ; 1.000        ; 2.000          ; Min Period ; clk   ; Rise       ; tcam:core|tcam_entry:valid_parameters.entries[10].entry|stored_x_mask[9]  ;
; -1.000 ; 1.000        ; 2.000          ; Min Period ; clk   ; Rise       ; tcam:core|tcam_entry:valid_parameters.entries[10].entry|valid             ;
; -1.000 ; 1.000        ; 2.000          ; Min Period ; clk   ; Rise       ; tcam:core|tcam_entry:valid_parameters.entries[11].entry|stored_data[0]    ;
; -1.000 ; 1.000        ; 2.000          ; Min Period ; clk   ; Rise       ; tcam:core|tcam_entry:valid_parameters.entries[11].entry|stored_data[10]   ;
; -1.000 ; 1.000        ; 2.000          ; Min Period ; clk   ; Rise       ; tcam:core|tcam_entry:valid_parameters.entries[11].entry|stored_data[11]   ;
; -1.000 ; 1.000        ; 2.000          ; Min Period ; clk   ; Rise       ; tcam:core|tcam_entry:valid_parameters.entries[11].entry|stored_data[12]   ;
; -1.000 ; 1.000        ; 2.000          ; Min Period ; clk   ; Rise       ; tcam:core|tcam_entry:valid_parameters.entries[11].entry|stored_data[13]   ;
; -1.000 ; 1.000        ; 2.000          ; Min Period ; clk   ; Rise       ; tcam:core|tcam_entry:valid_parameters.entries[11].entry|stored_data[14]   ;
; -1.000 ; 1.000        ; 2.000          ; Min Period ; clk   ; Rise       ; tcam:core|tcam_entry:valid_parameters.entries[11].entry|stored_data[15]   ;
; -1.000 ; 1.000        ; 2.000          ; Min Period ; clk   ; Rise       ; tcam:core|tcam_entry:valid_parameters.entries[11].entry|stored_data[1]    ;
; -1.000 ; 1.000        ; 2.000          ; Min Period ; clk   ; Rise       ; tcam:core|tcam_entry:valid_parameters.entries[11].entry|stored_data[2]    ;
; -1.000 ; 1.000        ; 2.000          ; Min Period ; clk   ; Rise       ; tcam:core|tcam_entry:valid_parameters.entries[11].entry|stored_data[3]    ;
; -1.000 ; 1.000        ; 2.000          ; Min Period ; clk   ; Rise       ; tcam:core|tcam_entry:valid_parameters.entries[11].entry|stored_data[4]    ;
; -1.000 ; 1.000        ; 2.000          ; Min Period ; clk   ; Rise       ; tcam:core|tcam_entry:valid_parameters.entries[11].entry|stored_data[5]    ;
; -1.000 ; 1.000        ; 2.000          ; Min Period ; clk   ; Rise       ; tcam:core|tcam_entry:valid_parameters.entries[11].entry|stored_data[6]    ;
; -1.000 ; 1.000        ; 2.000          ; Min Period ; clk   ; Rise       ; tcam:core|tcam_entry:valid_parameters.entries[11].entry|stored_data[7]    ;
; -1.000 ; 1.000        ; 2.000          ; Min Period ; clk   ; Rise       ; tcam:core|tcam_entry:valid_parameters.entries[11].entry|stored_data[8]    ;
; -1.000 ; 1.000        ; 2.000          ; Min Period ; clk   ; Rise       ; tcam:core|tcam_entry:valid_parameters.entries[11].entry|stored_data[9]    ;
; -1.000 ; 1.000        ; 2.000          ; Min Period ; clk   ; Rise       ; tcam:core|tcam_entry:valid_parameters.entries[11].entry|stored_x_mask[0]  ;
; -1.000 ; 1.000        ; 2.000          ; Min Period ; clk   ; Rise       ; tcam:core|tcam_entry:valid_parameters.entries[11].entry|stored_x_mask[10] ;
; -1.000 ; 1.000        ; 2.000          ; Min Period ; clk   ; Rise       ; tcam:core|tcam_entry:valid_parameters.entries[11].entry|stored_x_mask[11] ;
; -1.000 ; 1.000        ; 2.000          ; Min Period ; clk   ; Rise       ; tcam:core|tcam_entry:valid_parameters.entries[11].entry|stored_x_mask[12] ;
; -1.000 ; 1.000        ; 2.000          ; Min Period ; clk   ; Rise       ; tcam:core|tcam_entry:valid_parameters.entries[11].entry|stored_x_mask[13] ;
; -1.000 ; 1.000        ; 2.000          ; Min Period ; clk   ; Rise       ; tcam:core|tcam_entry:valid_parameters.entries[11].entry|stored_x_mask[14] ;
; -1.000 ; 1.000        ; 2.000          ; Min Period ; clk   ; Rise       ; tcam:core|tcam_entry:valid_parameters.entries[11].entry|stored_x_mask[15] ;
; -1.000 ; 1.000        ; 2.000          ; Min Period ; clk   ; Rise       ; tcam:core|tcam_entry:valid_parameters.entries[11].entry|stored_x_mask[1]  ;
; -1.000 ; 1.000        ; 2.000          ; Min Period ; clk   ; Rise       ; tcam:core|tcam_entry:valid_parameters.entries[11].entry|stored_x_mask[2]  ;
; -1.000 ; 1.000        ; 2.000          ; Min Period ; clk   ; Rise       ; tcam:core|tcam_entry:valid_parameters.entries[11].entry|stored_x_mask[3]  ;
; -1.000 ; 1.000        ; 2.000          ; Min Period ; clk   ; Rise       ; tcam:core|tcam_entry:valid_parameters.entries[11].entry|stored_x_mask[4]  ;
; -1.000 ; 1.000        ; 2.000          ; Min Period ; clk   ; Rise       ; tcam:core|tcam_entry:valid_parameters.entries[11].entry|stored_x_mask[5]  ;
; -1.000 ; 1.000        ; 2.000          ; Min Period ; clk   ; Rise       ; tcam:core|tcam_entry:valid_parameters.entries[11].entry|stored_x_mask[6]  ;
; -1.000 ; 1.000        ; 2.000          ; Min Period ; clk   ; Rise       ; tcam:core|tcam_entry:valid_parameters.entries[11].entry|stored_x_mask[7]  ;
; -1.000 ; 1.000        ; 2.000          ; Min Period ; clk   ; Rise       ; tcam:core|tcam_entry:valid_parameters.entries[11].entry|stored_x_mask[8]  ;
; -1.000 ; 1.000        ; 2.000          ; Min Period ; clk   ; Rise       ; tcam:core|tcam_entry:valid_parameters.entries[11].entry|stored_x_mask[9]  ;
; -1.000 ; 1.000        ; 2.000          ; Min Period ; clk   ; Rise       ; tcam:core|tcam_entry:valid_parameters.entries[11].entry|valid             ;
+--------+--------------+----------------+------------+-------+------------+---------------------------------------------------------------------------+


+-------------------------------------------------------------------------------+
; Setup Times                                                                   ;
+-------------------+------------+-------+-------+------------+-----------------+
; Data Port         ; Clock Port ; Rise  ; Fall  ; Clock Edge ; Clock Reference ;
+-------------------+------------+-------+-------+------------+-----------------+
; reset             ; clk        ; 2.498 ; 3.002 ; Rise       ; clk             ;
; write_address[*]  ; clk        ; 2.784 ; 3.480 ; Rise       ; clk             ;
;  write_address[0] ; clk        ; 2.722 ; 3.463 ; Rise       ; clk             ;
;  write_address[1] ; clk        ; 2.624 ; 3.409 ; Rise       ; clk             ;
;  write_address[2] ; clk        ; 2.784 ; 3.480 ; Rise       ; clk             ;
;  write_address[3] ; clk        ; 2.679 ; 3.197 ; Rise       ; clk             ;
; write_data[*]     ; clk        ; 1.830 ; 2.526 ; Rise       ; clk             ;
;  write_data[0]    ; clk        ; 1.622 ; 2.299 ; Rise       ; clk             ;
;  write_data[1]    ; clk        ; 0.719 ; 0.877 ; Rise       ; clk             ;
;  write_data[2]    ; clk        ; 1.830 ; 2.526 ; Rise       ; clk             ;
;  write_data[3]    ; clk        ; 1.315 ; 1.949 ; Rise       ; clk             ;
;  write_data[4]    ; clk        ; 1.461 ; 2.132 ; Rise       ; clk             ;
;  write_data[5]    ; clk        ; 1.674 ; 2.369 ; Rise       ; clk             ;
;  write_data[6]    ; clk        ; 1.406 ; 2.041 ; Rise       ; clk             ;
;  write_data[7]    ; clk        ; 1.449 ; 2.123 ; Rise       ; clk             ;
;  write_data[8]    ; clk        ; 1.385 ; 2.037 ; Rise       ; clk             ;
;  write_data[9]    ; clk        ; 1.330 ; 1.973 ; Rise       ; clk             ;
;  write_data[10]   ; clk        ; 1.035 ; 1.617 ; Rise       ; clk             ;
;  write_data[11]   ; clk        ; 1.597 ; 2.280 ; Rise       ; clk             ;
;  write_data[12]   ; clk        ; 1.754 ; 2.431 ; Rise       ; clk             ;
;  write_data[13]   ; clk        ; 1.439 ; 2.093 ; Rise       ; clk             ;
;  write_data[14]   ; clk        ; 1.440 ; 2.102 ; Rise       ; clk             ;
;  write_data[15]   ; clk        ; 1.269 ; 1.892 ; Rise       ; clk             ;
; write_enable      ; clk        ; 2.538 ; 3.291 ; Rise       ; clk             ;
; write_x_mask[*]   ; clk        ; 1.804 ; 2.482 ; Rise       ; clk             ;
;  write_x_mask[0]  ; clk        ; 1.591 ; 2.250 ; Rise       ; clk             ;
;  write_x_mask[1]  ; clk        ; 1.804 ; 2.482 ; Rise       ; clk             ;
;  write_x_mask[2]  ; clk        ; 1.671 ; 2.360 ; Rise       ; clk             ;
;  write_x_mask[3]  ; clk        ; 0.574 ; 0.756 ; Rise       ; clk             ;
;  write_x_mask[4]  ; clk        ; 1.761 ; 2.481 ; Rise       ; clk             ;
;  write_x_mask[5]  ; clk        ; 1.456 ; 2.130 ; Rise       ; clk             ;
;  write_x_mask[6]  ; clk        ; 1.320 ; 1.962 ; Rise       ; clk             ;
;  write_x_mask[7]  ; clk        ; 1.426 ; 2.066 ; Rise       ; clk             ;
;  write_x_mask[8]  ; clk        ; 1.660 ; 2.342 ; Rise       ; clk             ;
;  write_x_mask[9]  ; clk        ; 1.429 ; 2.064 ; Rise       ; clk             ;
;  write_x_mask[10] ; clk        ; 1.067 ; 1.665 ; Rise       ; clk             ;
;  write_x_mask[11] ; clk        ; 1.504 ; 2.156 ; Rise       ; clk             ;
;  write_x_mask[12] ; clk        ; 1.311 ; 1.970 ; Rise       ; clk             ;
;  write_x_mask[13] ; clk        ; 1.236 ; 1.858 ; Rise       ; clk             ;
;  write_x_mask[14] ; clk        ; 1.426 ; 2.072 ; Rise       ; clk             ;
;  write_x_mask[15] ; clk        ; 1.589 ; 2.264 ; Rise       ; clk             ;
+-------------------+------------+-------+-------+------------+-----------------+


+---------------------------------------------------------------------------------+
; Hold Times                                                                      ;
+-------------------+------------+--------+--------+------------+-----------------+
; Data Port         ; Clock Port ; Rise   ; Fall   ; Clock Edge ; Clock Reference ;
+-------------------+------------+--------+--------+------------+-----------------+
; reset             ; clk        ; -0.958 ; -1.540 ; Rise       ; clk             ;
; write_address[*]  ; clk        ; -0.878 ; -1.518 ; Rise       ; clk             ;
;  write_address[0] ; clk        ; -0.964 ; -1.587 ; Rise       ; clk             ;
;  write_address[1] ; clk        ; -1.030 ; -1.604 ; Rise       ; clk             ;
;  write_address[2] ; clk        ; -0.878 ; -1.518 ; Rise       ; clk             ;
;  write_address[3] ; clk        ; -1.007 ; -1.664 ; Rise       ; clk             ;
; write_data[*]     ; clk        ; -0.074 ; -0.277 ; Rise       ; clk             ;
;  write_data[0]    ; clk        ; -0.824 ; -1.412 ; Rise       ; clk             ;
;  write_data[1]    ; clk        ; -0.074 ; -0.277 ; Rise       ; clk             ;
;  write_data[2]    ; clk        ; -0.889 ; -1.482 ; Rise       ; clk             ;
;  write_data[3]    ; clk        ; -0.529 ; -1.083 ; Rise       ; clk             ;
;  write_data[4]    ; clk        ; -0.777 ; -1.376 ; Rise       ; clk             ;
;  write_data[5]    ; clk        ; -0.881 ; -1.465 ; Rise       ; clk             ;
;  write_data[6]    ; clk        ; -0.615 ; -1.168 ; Rise       ; clk             ;
;  write_data[7]    ; clk        ; -0.828 ; -1.435 ; Rise       ; clk             ;
;  write_data[8]    ; clk        ; -0.902 ; -1.517 ; Rise       ; clk             ;
;  write_data[9]    ; clk        ; -0.853 ; -1.456 ; Rise       ; clk             ;
;  write_data[10]   ; clk        ; -0.452 ; -0.991 ; Rise       ; clk             ;
;  write_data[11]   ; clk        ; -0.891 ; -1.489 ; Rise       ; clk             ;
;  write_data[12]   ; clk        ; -0.877 ; -1.456 ; Rise       ; clk             ;
;  write_data[13]   ; clk        ; -0.834 ; -1.431 ; Rise       ; clk             ;
;  write_data[14]   ; clk        ; -0.850 ; -1.454 ; Rise       ; clk             ;
;  write_data[15]   ; clk        ; -0.506 ; -1.053 ; Rise       ; clk             ;
; write_enable      ; clk        ; -1.059 ; -1.682 ; Rise       ; clk             ;
; write_x_mask[*]   ; clk        ; 0.165  ; -0.090 ; Rise       ; clk             ;
;  write_x_mask[0]  ; clk        ; -0.730 ; -1.294 ; Rise       ; clk             ;
;  write_x_mask[1]  ; clk        ; -0.904 ; -1.496 ; Rise       ; clk             ;
;  write_x_mask[2]  ; clk        ; -0.889 ; -1.499 ; Rise       ; clk             ;
;  write_x_mask[3]  ; clk        ; 0.165  ; -0.090 ; Rise       ; clk             ;
;  write_x_mask[4]  ; clk        ; -0.852 ; -1.463 ; Rise       ; clk             ;
;  write_x_mask[5]  ; clk        ; -0.895 ; -1.498 ; Rise       ; clk             ;
;  write_x_mask[6]  ; clk        ; -0.802 ; -1.398 ; Rise       ; clk             ;
;  write_x_mask[7]  ; clk        ; -0.983 ; -1.592 ; Rise       ; clk             ;
;  write_x_mask[8]  ; clk        ; -0.963 ; -1.569 ; Rise       ; clk             ;
;  write_x_mask[9]  ; clk        ; -0.872 ; -1.480 ; Rise       ; clk             ;
;  write_x_mask[10] ; clk        ; -0.368 ; -0.902 ; Rise       ; clk             ;
;  write_x_mask[11] ; clk        ; -0.643 ; -1.209 ; Rise       ; clk             ;
;  write_x_mask[12] ; clk        ; -0.818 ; -1.430 ; Rise       ; clk             ;
;  write_x_mask[13] ; clk        ; -0.699 ; -1.261 ; Rise       ; clk             ;
;  write_x_mask[14] ; clk        ; -0.781 ; -1.376 ; Rise       ; clk             ;
;  write_x_mask[15] ; clk        ; -0.796 ; -1.380 ; Rise       ; clk             ;
+-------------------+------------+--------+--------+------------+-----------------+


+------------------------------------------------------------------------------+
; Clock to Output Times                                                        ;
+------------------+------------+-------+-------+------------+-----------------+
; Data Port        ; Clock Port ; Rise  ; Fall  ; Clock Edge ; Clock Reference ;
+------------------+------------+-------+-------+------------+-----------------+
; match_lines[*]   ; clk        ; 6.631 ; 6.915 ; Rise       ; clk             ;
;  match_lines[0]  ; clk        ; 5.495 ; 5.734 ; Rise       ; clk             ;
;  match_lines[1]  ; clk        ; 5.928 ; 6.242 ; Rise       ; clk             ;
;  match_lines[2]  ; clk        ; 5.206 ; 5.392 ; Rise       ; clk             ;
;  match_lines[3]  ; clk        ; 6.114 ; 6.451 ; Rise       ; clk             ;
;  match_lines[4]  ; clk        ; 5.284 ; 5.525 ; Rise       ; clk             ;
;  match_lines[5]  ; clk        ; 5.684 ; 5.974 ; Rise       ; clk             ;
;  match_lines[6]  ; clk        ; 5.819 ; 6.099 ; Rise       ; clk             ;
;  match_lines[7]  ; clk        ; 5.952 ; 6.271 ; Rise       ; clk             ;
;  match_lines[8]  ; clk        ; 6.004 ; 6.247 ; Rise       ; clk             ;
;  match_lines[9]  ; clk        ; 5.728 ; 5.987 ; Rise       ; clk             ;
;  match_lines[10] ; clk        ; 6.631 ; 6.915 ; Rise       ; clk             ;
;  match_lines[11] ; clk        ; 5.822 ; 6.134 ; Rise       ; clk             ;
;  match_lines[12] ; clk        ; 5.380 ; 5.644 ; Rise       ; clk             ;
;  match_lines[13] ; clk        ; 5.686 ; 5.974 ; Rise       ; clk             ;
;  match_lines[14] ; clk        ; 5.496 ; 5.703 ; Rise       ; clk             ;
;  match_lines[15] ; clk        ; 5.551 ; 5.771 ; Rise       ; clk             ;
+------------------+------------+-------+-------+------------+-----------------+


+------------------------------------------------------------------------------+
; Minimum Clock to Output Times                                                ;
+------------------+------------+-------+-------+------------+-----------------+
; Data Port        ; Clock Port ; Rise  ; Fall  ; Clock Edge ; Clock Reference ;
+------------------+------------+-------+-------+------------+-----------------+
; match_lines[*]   ; clk        ; 4.072 ; 4.159 ; Rise       ; clk             ;
;  match_lines[0]  ; clk        ; 4.162 ; 4.264 ; Rise       ; clk             ;
;  match_lines[1]  ; clk        ; 4.353 ; 4.488 ; Rise       ; clk             ;
;  match_lines[2]  ; clk        ; 4.072 ; 4.159 ; Rise       ; clk             ;
;  match_lines[3]  ; clk        ; 4.701 ; 4.879 ; Rise       ; clk             ;
;  match_lines[4]  ; clk        ; 4.164 ; 4.265 ; Rise       ; clk             ;
;  match_lines[5]  ; clk        ; 4.292 ; 4.421 ; Rise       ; clk             ;
;  match_lines[6]  ; clk        ; 4.527 ; 4.684 ; Rise       ; clk             ;
;  match_lines[7]  ; clk        ; 4.412 ; 4.558 ; Rise       ; clk             ;
;  match_lines[8]  ; clk        ; 4.860 ; 4.991 ; Rise       ; clk             ;
;  match_lines[9]  ; clk        ; 4.315 ; 4.431 ; Rise       ; clk             ;
;  match_lines[10] ; clk        ; 5.211 ; 5.374 ; Rise       ; clk             ;
;  match_lines[11] ; clk        ; 4.480 ; 4.638 ; Rise       ; clk             ;
;  match_lines[12] ; clk        ; 4.252 ; 4.366 ; Rise       ; clk             ;
;  match_lines[13] ; clk        ; 4.448 ; 4.583 ; Rise       ; clk             ;
;  match_lines[14] ; clk        ; 4.486 ; 4.625 ; Rise       ; clk             ;
;  match_lines[15] ; clk        ; 4.500 ; 4.657 ; Rise       ; clk             ;
+------------------+------------+-------+-------+------------+-----------------+


+-------------------------------------------------------------------+
; Propagation Delay                                                 ;
+-----------------+-----------------+-------+-------+-------+-------+
; Input Port      ; Output Port     ; RR    ; RF    ; FR    ; FF    ;
+-----------------+-----------------+-------+-------+-------+-------+
; search_data[0]  ; match_lines[0]  ; 5.917 ; 6.089 ; 6.542 ; 6.707 ;
; search_data[0]  ; match_lines[1]  ; 6.322 ; 6.558 ; 6.964 ; 7.193 ;
; search_data[0]  ; match_lines[2]  ; 5.656 ; 5.786 ; 6.302 ; 6.425 ;
; search_data[0]  ; match_lines[3]  ; 6.735 ; 7.006 ; 7.388 ; 7.655 ;
; search_data[0]  ; match_lines[4]  ; 6.100 ; 6.285 ; 6.756 ; 6.942 ;
; search_data[0]  ; match_lines[5]  ; 5.602 ; 5.806 ; 6.179 ; 6.376 ;
; search_data[0]  ; match_lines[6]  ; 6.294 ; 6.497 ; 6.939 ; 7.135 ;
; search_data[0]  ; match_lines[7]  ; 6.453 ; 6.702 ; 7.097 ; 7.339 ;
; search_data[0]  ; match_lines[8]  ; 6.358 ; 6.521 ; 6.992 ; 7.148 ;
; search_data[0]  ; match_lines[9]  ; 6.330 ; 6.532 ; 6.972 ; 7.170 ;
; search_data[0]  ; match_lines[10] ; 7.118 ; 7.363 ; 7.768 ; 8.006 ;
; search_data[0]  ; match_lines[11] ; 6.473 ; 6.703 ; 7.141 ; 7.364 ;
; search_data[0]  ; match_lines[12] ; 5.952 ; 6.144 ; 6.591 ; 6.776 ;
; search_data[0]  ; match_lines[13] ; 6.048 ; 6.247 ; 6.689 ; 6.881 ;
; search_data[0]  ; match_lines[14] ; 5.919 ; 6.114 ; 6.553 ; 6.741 ;
; search_data[0]  ; match_lines[15] ; 5.717 ; 5.929 ; 6.313 ; 6.526 ;
; search_data[1]  ; match_lines[0]  ; 5.431 ; 5.633 ; 6.067 ; 6.180 ;
; search_data[1]  ; match_lines[1]  ; 5.119 ; 5.306 ; 5.730 ; 5.864 ;
; search_data[1]  ; match_lines[2]  ; 5.646 ; 5.772 ; 6.314 ; 6.436 ;
; search_data[1]  ; match_lines[3]  ; 6.386 ; 6.613 ; 7.058 ; 7.278 ;
; search_data[1]  ; match_lines[4]  ; 5.398 ; 5.553 ; 6.013 ; 6.161 ;
; search_data[1]  ; match_lines[5]  ; 4.968 ; 5.114 ; 5.543 ; 5.677 ;
; search_data[1]  ; match_lines[6]  ; 5.865 ; 6.038 ; 6.507 ; 6.673 ;
; search_data[1]  ; match_lines[7]  ; 6.291 ; 6.510 ; 6.963 ; 7.175 ;
; search_data[1]  ; match_lines[8]  ; 6.408 ; 6.568 ; 7.075 ; 7.231 ;
; search_data[1]  ; match_lines[9]  ; 5.692 ; 5.836 ; 6.401 ; 6.499 ;
; search_data[1]  ; match_lines[10] ; 6.327 ; 6.548 ; 6.908 ; 7.122 ;
; search_data[1]  ; match_lines[11] ; 5.414 ; 5.624 ; 5.986 ; 6.189 ;
; search_data[1]  ; match_lines[12] ; 5.751 ; 5.940 ; 6.394 ; 6.579 ;
; search_data[1]  ; match_lines[13] ; 5.817 ; 5.995 ; 6.462 ; 6.633 ;
; search_data[1]  ; match_lines[14] ; 5.971 ; 6.162 ; 6.638 ; 6.825 ;
; search_data[1]  ; match_lines[15] ; 5.658 ; 5.858 ; 6.271 ; 6.467 ;
; search_data[2]  ; match_lines[0]  ; 6.316 ; 6.467 ; 6.985 ; 7.124 ;
; search_data[2]  ; match_lines[1]  ; 5.275 ; 5.458 ; 5.828 ; 5.999 ;
; search_data[2]  ; match_lines[2]  ; 5.748 ; 5.899 ; 6.389 ; 6.488 ;
; search_data[2]  ; match_lines[3]  ; 6.404 ; 6.617 ; 7.008 ; 7.228 ;
; search_data[2]  ; match_lines[4]  ; 5.782 ; 5.880 ; 6.411 ; 6.522 ;
; search_data[2]  ; match_lines[5]  ; 4.999 ; 5.157 ; 5.552 ; 5.698 ;
; search_data[2]  ; match_lines[6]  ; 6.372 ; 6.532 ; 6.992 ; 7.165 ;
; search_data[2]  ; match_lines[7]  ; 6.133 ; 6.300 ; 6.744 ; 6.918 ;
; search_data[2]  ; match_lines[8]  ; 6.576 ; 6.730 ; 7.172 ; 7.339 ;
; search_data[2]  ; match_lines[9]  ; 5.292 ; 5.429 ; 5.873 ; 6.003 ;
; search_data[2]  ; match_lines[10] ; 7.387 ; 7.593 ; 8.056 ; 8.269 ;
; search_data[2]  ; match_lines[11] ; 5.807 ; 5.983 ; 6.375 ; 6.558 ;
; search_data[2]  ; match_lines[12] ; 6.168 ; 6.324 ; 6.819 ; 6.982 ;
; search_data[2]  ; match_lines[13] ; 5.852 ; 6.022 ; 6.431 ; 6.608 ;
; search_data[2]  ; match_lines[14] ; 5.963 ; 6.102 ; 6.561 ; 6.691 ;
; search_data[2]  ; match_lines[15] ; 5.522 ; 5.661 ; 6.077 ; 6.223 ;
; search_data[3]  ; match_lines[0]  ; 5.376 ; 5.542 ; 5.957 ; 6.116 ;
; search_data[3]  ; match_lines[1]  ; 5.832 ; 6.033 ; 6.433 ; 6.627 ;
; search_data[3]  ; match_lines[2]  ; 5.257 ; 5.409 ; 5.837 ; 5.993 ;
; search_data[3]  ; match_lines[3]  ; 5.833 ; 6.069 ; 6.406 ; 6.635 ;
; search_data[3]  ; match_lines[4]  ; 5.280 ; 5.418 ; 5.872 ; 6.014 ;
; search_data[3]  ; match_lines[5]  ; 5.403 ; 5.572 ; 6.006 ; 6.168 ;
; search_data[3]  ; match_lines[6]  ; 5.299 ; 5.496 ; 5.846 ; 6.036 ;
; search_data[3]  ; match_lines[7]  ; 5.548 ; 5.741 ; 6.117 ; 6.303 ;
; search_data[3]  ; match_lines[8]  ; 6.084 ; 6.275 ; 6.671 ; 6.855 ;
; search_data[3]  ; match_lines[9]  ; 5.727 ; 5.927 ; 6.351 ; 6.505 ;
; search_data[3]  ; match_lines[10] ; 6.574 ; 6.806 ; 7.173 ; 7.398 ;
; search_data[3]  ; match_lines[11] ; 5.373 ; 5.573 ; 5.946 ; 6.139 ;
; search_data[3]  ; match_lines[12] ; 5.365 ; 5.547 ; 5.946 ; 6.121 ;
; search_data[3]  ; match_lines[13] ; 5.799 ; 6.028 ; 6.446 ; 6.605 ;
; search_data[3]  ; match_lines[14] ; 5.415 ; 5.578 ; 6.002 ; 6.158 ;
; search_data[3]  ; match_lines[15] ; 5.493 ; 5.658 ; 6.088 ; 6.246 ;
; search_data[4]  ; match_lines[0]  ; 6.203 ; 6.328 ; 6.877 ; 6.990 ;
; search_data[4]  ; match_lines[1]  ; 5.819 ; 5.971 ; 6.493 ; 6.594 ;
; search_data[4]  ; match_lines[2]  ; 6.017 ; 6.138 ; 6.667 ; 6.801 ;
; search_data[4]  ; match_lines[3]  ; 6.459 ; 6.687 ; 7.077 ; 7.318 ;
; search_data[4]  ; match_lines[4]  ; 6.221 ; 6.348 ; 6.897 ; 7.031 ;
; search_data[4]  ; match_lines[5]  ; 5.765 ; 5.876 ; 6.400 ; 6.520 ;
; search_data[4]  ; match_lines[6]  ; 6.317 ; 6.462 ; 6.967 ; 7.125 ;
; search_data[4]  ; match_lines[7]  ; 6.433 ; 6.613 ; 7.065 ; 7.254 ;
; search_data[4]  ; match_lines[8]  ; 6.628 ; 6.767 ; 7.238 ; 7.386 ;
; search_data[4]  ; match_lines[9]  ; 5.468 ; 5.572 ; 6.081 ; 6.194 ;
; search_data[4]  ; match_lines[10] ; 7.078 ; 7.300 ; 7.712 ; 7.941 ;
; search_data[4]  ; match_lines[11] ; 6.205 ; 6.397 ; 6.815 ; 7.016 ;
; search_data[4]  ; match_lines[12] ; 5.955 ; 6.100 ; 6.612 ; 6.764 ;
; search_data[4]  ; match_lines[13] ; 5.919 ; 6.064 ; 6.564 ; 6.718 ;
; search_data[4]  ; match_lines[14] ; 6.079 ; 6.221 ; 6.689 ; 6.840 ;
; search_data[4]  ; match_lines[15] ; 6.365 ; 6.556 ; 6.997 ; 7.197 ;
; search_data[5]  ; match_lines[0]  ; 5.505 ; 5.647 ; 6.153 ; 6.288 ;
; search_data[5]  ; match_lines[1]  ; 5.252 ; 5.401 ; 5.878 ; 6.020 ;
; search_data[5]  ; match_lines[2]  ; 5.684 ; 5.875 ; 6.378 ; 6.499 ;
; search_data[5]  ; match_lines[3]  ; 6.755 ; 7.023 ; 7.450 ; 7.722 ;
; search_data[5]  ; match_lines[4]  ; 5.469 ; 5.622 ; 6.107 ; 6.253 ;
; search_data[5]  ; match_lines[5]  ; 5.390 ; 5.548 ; 6.030 ; 6.186 ;
; search_data[5]  ; match_lines[6]  ; 5.982 ; 6.197 ; 6.677 ; 6.822 ;
; search_data[5]  ; match_lines[7]  ; 6.255 ; 6.471 ; 6.929 ; 7.138 ;
; search_data[5]  ; match_lines[8]  ; 6.501 ; 6.676 ; 7.171 ; 7.339 ;
; search_data[5]  ; match_lines[9]  ; 5.628 ; 5.770 ; 6.296 ; 6.442 ;
; search_data[5]  ; match_lines[10] ; 6.683 ; 6.929 ; 7.324 ; 7.563 ;
; search_data[5]  ; match_lines[11] ; 6.165 ; 6.424 ; 6.853 ; 7.043 ;
; search_data[5]  ; match_lines[12] ; 5.821 ; 5.995 ; 6.489 ; 6.667 ;
; search_data[5]  ; match_lines[13] ; 5.615 ; 5.799 ; 6.252 ; 6.434 ;
; search_data[5]  ; match_lines[14] ; 6.069 ; 6.280 ; 6.776 ; 6.917 ;
; search_data[5]  ; match_lines[15] ; 6.189 ; 6.416 ; 6.863 ; 7.083 ;
; search_data[6]  ; match_lines[0]  ; 6.188 ; 6.322 ; 6.832 ; 6.979 ;
; search_data[6]  ; match_lines[1]  ; 5.170 ; 5.291 ; 5.726 ; 5.838 ;
; search_data[6]  ; match_lines[2]  ; 5.597 ; 5.699 ; 6.203 ; 6.312 ;
; search_data[6]  ; match_lines[3]  ; 6.545 ; 6.775 ; 7.161 ; 7.382 ;
; search_data[6]  ; match_lines[4]  ; 5.699 ; 5.817 ; 6.327 ; 6.452 ;
; search_data[6]  ; match_lines[5]  ; 5.021 ; 5.127 ; 5.558 ; 5.671 ;
; search_data[6]  ; match_lines[6]  ; 6.290 ; 6.444 ; 6.883 ; 7.050 ;
; search_data[6]  ; match_lines[7]  ; 6.136 ; 6.322 ; 6.744 ; 6.937 ;
; search_data[6]  ; match_lines[8]  ; 6.609 ; 6.764 ; 7.212 ; 7.358 ;
; search_data[6]  ; match_lines[9]  ; 5.782 ; 5.888 ; 6.413 ; 6.526 ;
; search_data[6]  ; match_lines[10] ; 6.731 ; 6.970 ; 7.309 ; 7.536 ;
; search_data[6]  ; match_lines[11] ; 5.823 ; 6.027 ; 6.385 ; 6.596 ;
; search_data[6]  ; match_lines[12] ; 5.941 ; 6.065 ; 6.553 ; 6.684 ;
; search_data[6]  ; match_lines[13] ; 5.566 ; 5.697 ; 6.134 ; 6.272 ;
; search_data[6]  ; match_lines[14] ; 6.064 ; 6.226 ; 6.667 ; 6.820 ;
; search_data[6]  ; match_lines[15] ; 5.716 ; 5.867 ; 6.284 ; 6.442 ;
; search_data[7]  ; match_lines[0]  ; 5.621 ; 5.790 ; 6.257 ; 6.419 ;
; search_data[7]  ; match_lines[1]  ; 5.359 ; 5.503 ; 5.992 ; 6.140 ;
; search_data[7]  ; match_lines[2]  ; 5.424 ; 5.551 ; 6.057 ; 6.177 ;
; search_data[7]  ; match_lines[3]  ; 6.230 ; 6.480 ; 6.866 ; 7.109 ;
; search_data[7]  ; match_lines[4]  ; 5.508 ; 5.656 ; 6.138 ; 6.284 ;
; search_data[7]  ; match_lines[5]  ; 5.134 ; 5.263 ; 5.747 ; 5.869 ;
; search_data[7]  ; match_lines[6]  ; 5.957 ; 6.160 ; 6.591 ; 6.787 ;
; search_data[7]  ; match_lines[7]  ; 5.843 ; 6.052 ; 6.469 ; 6.671 ;
; search_data[7]  ; match_lines[8]  ; 6.348 ; 6.523 ; 6.994 ; 7.162 ;
; search_data[7]  ; match_lines[9]  ; 5.515 ; 5.679 ; 6.186 ; 6.281 ;
; search_data[7]  ; match_lines[10] ; 6.841 ; 7.100 ; 7.487 ; 7.744 ;
; search_data[7]  ; match_lines[11] ; 6.061 ; 6.289 ; 6.714 ; 6.935 ;
; search_data[7]  ; match_lines[12] ; 5.514 ; 5.670 ; 6.156 ; 6.305 ;
; search_data[7]  ; match_lines[13] ; 5.432 ; 5.589 ; 6.049 ; 6.199 ;
; search_data[7]  ; match_lines[14] ; 5.804 ; 5.984 ; 6.451 ; 6.624 ;
; search_data[7]  ; match_lines[15] ; 5.574 ; 5.749 ; 6.186 ; 6.354 ;
; search_data[8]  ; match_lines[0]  ; 5.581 ; 5.674 ; 6.214 ; 6.314 ;
; search_data[8]  ; match_lines[1]  ; 6.141 ; 6.275 ; 6.771 ; 6.918 ;
; search_data[8]  ; match_lines[2]  ; 5.236 ; 5.318 ; 5.837 ; 5.926 ;
; search_data[8]  ; match_lines[3]  ; 6.031 ; 6.215 ; 6.666 ; 6.857 ;
; search_data[8]  ; match_lines[4]  ; 5.350 ; 5.447 ; 5.965 ; 6.069 ;
; search_data[8]  ; match_lines[5]  ; 5.934 ; 6.072 ; 6.556 ; 6.701 ;
; search_data[8]  ; match_lines[6]  ; 6.070 ; 6.193 ; 6.730 ; 6.866 ;
; search_data[8]  ; match_lines[7]  ; 5.428 ; 5.537 ; 6.055 ; 6.152 ;
; search_data[8]  ; match_lines[8]  ; 6.035 ; 6.155 ; 6.651 ; 6.778 ;
; search_data[8]  ; match_lines[9]  ; 6.011 ; 6.169 ; 6.627 ; 6.792 ;
; search_data[8]  ; match_lines[10] ; 6.399 ; 6.537 ; 7.015 ; 7.160 ;
; search_data[8]  ; match_lines[11] ; 6.168 ; 6.365 ; 6.830 ; 7.018 ;
; search_data[8]  ; match_lines[12] ; 5.689 ; 5.802 ; 6.322 ; 6.442 ;
; search_data[8]  ; match_lines[13] ; 5.546 ; 5.654 ; 6.175 ; 6.296 ;
; search_data[8]  ; match_lines[14] ; 5.917 ; 6.054 ; 6.554 ; 6.698 ;
; search_data[8]  ; match_lines[15] ; 5.684 ; 5.845 ; 6.305 ; 6.457 ;
; search_data[9]  ; match_lines[0]  ; 5.382 ; 5.483 ; 6.024 ; 6.132 ;
; search_data[9]  ; match_lines[1]  ; 5.858 ; 6.062 ; 6.539 ; 6.673 ;
; search_data[9]  ; match_lines[2]  ; 5.234 ; 5.313 ; 5.836 ; 5.922 ;
; search_data[9]  ; match_lines[3]  ; 6.068 ; 6.252 ; 6.685 ; 6.876 ;
; search_data[9]  ; match_lines[4]  ; 5.400 ; 5.505 ; 6.027 ; 6.139 ;
; search_data[9]  ; match_lines[5]  ; 5.715 ; 5.912 ; 6.376 ; 6.503 ;
; search_data[9]  ; match_lines[6]  ; 6.108 ; 6.226 ; 6.747 ; 6.878 ;
; search_data[9]  ; match_lines[7]  ; 5.545 ; 5.660 ; 6.176 ; 6.282 ;
; search_data[9]  ; match_lines[8]  ; 6.197 ; 6.319 ; 6.818 ; 6.947 ;
; search_data[9]  ; match_lines[9]  ; 5.694 ; 5.876 ; 6.322 ; 6.497 ;
; search_data[9]  ; match_lines[10] ; 6.296 ; 6.461 ; 6.934 ; 7.092 ;
; search_data[9]  ; match_lines[11] ; 6.195 ; 6.392 ; 6.836 ; 7.024 ;
; search_data[9]  ; match_lines[12] ; 5.704 ; 5.812 ; 6.338 ; 6.453 ;
; search_data[9]  ; match_lines[13] ; 5.672 ; 5.786 ; 6.308 ; 6.429 ;
; search_data[9]  ; match_lines[14] ; 5.640 ; 5.790 ; 6.250 ; 6.407 ;
; search_data[9]  ; match_lines[15] ; 5.842 ; 5.997 ; 6.474 ; 6.636 ;
; search_data[10] ; match_lines[0]  ; 5.258 ; 5.368 ; 5.864 ; 5.981 ;
; search_data[10] ; match_lines[1]  ; 5.633 ; 5.808 ; 6.193 ; 6.375 ;
; search_data[10] ; match_lines[2]  ; 5.410 ; 5.507 ; 6.044 ; 6.132 ;
; search_data[10] ; match_lines[3]  ; 6.313 ; 6.481 ; 6.945 ; 7.126 ;
; search_data[10] ; match_lines[4]  ; 5.329 ; 5.411 ; 5.922 ; 6.017 ;
; search_data[10] ; match_lines[5]  ; 5.566 ; 5.715 ; 6.133 ; 6.289 ;
; search_data[10] ; match_lines[6]  ; 6.020 ; 6.147 ; 6.643 ; 6.777 ;
; search_data[10] ; match_lines[7]  ; 5.418 ; 5.525 ; 6.004 ; 6.102 ;
; search_data[10] ; match_lines[8]  ; 5.871 ; 5.999 ; 6.456 ; 6.591 ;
; search_data[10] ; match_lines[9]  ; 5.613 ; 5.715 ; 6.208 ; 6.317 ;
; search_data[10] ; match_lines[10] ; 6.375 ; 6.521 ; 6.974 ; 7.152 ;
; search_data[10] ; match_lines[11] ; 6.019 ; 6.216 ; 6.642 ; 6.846 ;
; search_data[10] ; match_lines[12] ; 5.452 ; 5.573 ; 6.061 ; 6.189 ;
; search_data[10] ; match_lines[13] ; 5.665 ; 5.758 ; 6.251 ; 6.335 ;
; search_data[10] ; match_lines[14] ; 5.571 ; 5.714 ; 6.155 ; 6.305 ;
; search_data[10] ; match_lines[15] ; 5.579 ; 5.730 ; 6.173 ; 6.337 ;
; search_data[11] ; match_lines[0]  ; 5.593 ; 5.683 ; 6.245 ; 6.342 ;
; search_data[11] ; match_lines[1]  ; 5.859 ; 6.091 ; 6.532 ; 6.695 ;
; search_data[11] ; match_lines[2]  ; 5.407 ; 5.478 ; 6.055 ; 6.139 ;
; search_data[11] ; match_lines[3]  ; 6.123 ; 6.304 ; 6.755 ; 6.945 ;
; search_data[11] ; match_lines[4]  ; 5.357 ; 5.453 ; 6.007 ; 6.110 ;
; search_data[11] ; match_lines[5]  ; 5.509 ; 5.682 ; 6.136 ; 6.302 ;
; search_data[11] ; match_lines[6]  ; 5.999 ; 6.151 ; 6.651 ; 6.791 ;
; search_data[11] ; match_lines[7]  ; 5.919 ; 5.978 ; 6.551 ; 6.619 ;
; search_data[11] ; match_lines[8]  ; 6.429 ; 6.534 ; 7.079 ; 7.197 ;
; search_data[11] ; match_lines[9]  ; 5.556 ; 5.716 ; 6.237 ; 6.328 ;
; search_data[11] ; match_lines[10] ; 6.235 ; 6.424 ; 6.889 ; 7.076 ;
; search_data[11] ; match_lines[11] ; 6.233 ; 6.410 ; 6.878 ; 7.064 ;
; search_data[11] ; match_lines[12] ; 5.555 ; 5.667 ; 6.206 ; 6.325 ;
; search_data[11] ; match_lines[13] ; 5.696 ; 5.806 ; 6.335 ; 6.454 ;
; search_data[11] ; match_lines[14] ; 5.586 ; 5.728 ; 6.210 ; 6.359 ;
; search_data[11] ; match_lines[15] ; 5.878 ; 6.034 ; 6.526 ; 6.673 ;
; search_data[12] ; match_lines[0]  ; 5.505 ; 5.582 ; 6.135 ; 6.219 ;
; search_data[12] ; match_lines[1]  ; 6.390 ; 6.546 ; 7.057 ; 7.220 ;
; search_data[12] ; match_lines[2]  ; 5.648 ; 5.712 ; 6.297 ; 6.368 ;
; search_data[12] ; match_lines[3]  ; 6.111 ; 6.284 ; 6.735 ; 6.915 ;
; search_data[12] ; match_lines[4]  ; 5.747 ; 5.799 ; 6.388 ; 6.447 ;
; search_data[12] ; match_lines[5]  ; 6.317 ; 6.485 ; 6.963 ; 7.138 ;
; search_data[12] ; match_lines[6]  ; 5.988 ; 6.120 ; 6.619 ; 6.758 ;
; search_data[12] ; match_lines[7]  ; 5.863 ; 5.990 ; 6.503 ; 6.637 ;
; search_data[12] ; match_lines[8]  ; 6.026 ; 6.137 ; 6.614 ; 6.732 ;
; search_data[12] ; match_lines[9]  ; 6.149 ; 6.263 ; 6.807 ; 6.928 ;
; search_data[12] ; match_lines[10] ; 6.623 ; 6.753 ; 7.261 ; 7.398 ;
; search_data[12] ; match_lines[11] ; 6.270 ; 6.416 ; 6.956 ; 7.090 ;
; search_data[12] ; match_lines[12] ; 5.726 ; 5.815 ; 6.367 ; 6.463 ;
; search_data[12] ; match_lines[13] ; 5.833 ; 5.950 ; 6.488 ; 6.612 ;
; search_data[12] ; match_lines[14] ; 5.854 ; 5.972 ; 6.482 ; 6.607 ;
; search_data[12] ; match_lines[15] ; 6.237 ; 6.414 ; 6.877 ; 7.061 ;
; search_data[13] ; match_lines[0]  ; 5.117 ; 5.219 ; 5.748 ; 5.843 ;
; search_data[13] ; match_lines[1]  ; 5.605 ; 5.785 ; 6.231 ; 6.404 ;
; search_data[13] ; match_lines[2]  ; 5.110 ; 5.198 ; 5.763 ; 5.844 ;
; search_data[13] ; match_lines[3]  ; 5.711 ; 5.910 ; 6.344 ; 6.536 ;
; search_data[13] ; match_lines[4]  ; 5.110 ; 5.222 ; 5.740 ; 5.850 ;
; search_data[13] ; match_lines[5]  ; 5.774 ; 5.966 ; 6.420 ; 6.605 ;
; search_data[13] ; match_lines[6]  ; 5.578 ; 5.736 ; 6.228 ; 6.379 ;
; search_data[13] ; match_lines[7]  ; 5.293 ; 5.445 ; 5.910 ; 6.055 ;
; search_data[13] ; match_lines[8]  ; 5.834 ; 5.969 ; 6.473 ; 6.601 ;
; search_data[13] ; match_lines[9]  ; 5.491 ; 5.629 ; 6.122 ; 6.253 ;
; search_data[13] ; match_lines[10] ; 6.343 ; 6.476 ; 6.957 ; 7.099 ;
; search_data[13] ; match_lines[11] ; 5.281 ; 5.442 ; 5.890 ; 6.044 ;
; search_data[13] ; match_lines[12] ; 5.234 ; 5.347 ; 5.871 ; 5.977 ;
; search_data[13] ; match_lines[13] ; 5.569 ; 5.715 ; 6.223 ; 6.367 ;
; search_data[13] ; match_lines[14] ; 5.579 ; 5.754 ; 6.260 ; 6.366 ;
; search_data[13] ; match_lines[15] ; 5.593 ; 5.799 ; 6.211 ; 6.410 ;
; search_data[14] ; match_lines[0]  ; 5.329 ; 5.422 ; 5.921 ; 6.021 ;
; search_data[14] ; match_lines[1]  ; 6.227 ; 6.392 ; 6.859 ; 7.037 ;
; search_data[14] ; match_lines[2]  ; 5.751 ; 5.790 ; 6.370 ; 6.416 ;
; search_data[14] ; match_lines[3]  ; 5.856 ; 6.018 ; 6.484 ; 6.653 ;
; search_data[14] ; match_lines[4]  ; 5.523 ; 5.617 ; 6.148 ; 6.249 ;
; search_data[14] ; match_lines[5]  ; 6.406 ; 6.549 ; 7.053 ; 7.205 ;
; search_data[14] ; match_lines[6]  ; 5.655 ; 5.791 ; 6.250 ; 6.393 ;
; search_data[14] ; match_lines[7]  ; 5.855 ; 5.987 ; 6.505 ; 6.625 ;
; search_data[14] ; match_lines[8]  ; 5.977 ; 6.088 ; 6.597 ; 6.715 ;
; search_data[14] ; match_lines[9]  ; 5.917 ; 6.053 ; 6.541 ; 6.668 ;
; search_data[14] ; match_lines[10] ; 6.482 ; 6.607 ; 7.130 ; 7.264 ;
; search_data[14] ; match_lines[11] ; 5.882 ; 6.043 ; 6.516 ; 6.668 ;
; search_data[14] ; match_lines[12] ; 5.782 ; 5.904 ; 6.427 ; 6.537 ;
; search_data[14] ; match_lines[13] ; 5.658 ; 5.785 ; 6.278 ; 6.412 ;
; search_data[14] ; match_lines[14] ; 5.976 ; 6.106 ; 6.620 ; 6.757 ;
; search_data[14] ; match_lines[15] ; 5.814 ; 5.949 ; 6.434 ; 6.576 ;
; search_data[15] ; match_lines[0]  ; 5.372 ; 5.489 ; 6.033 ; 6.143 ;
; search_data[15] ; match_lines[1]  ; 5.837 ; 6.040 ; 6.464 ; 6.660 ;
; search_data[15] ; match_lines[2]  ; 5.384 ; 5.489 ; 6.049 ; 6.147 ;
; search_data[15] ; match_lines[3]  ; 6.005 ; 6.197 ; 6.668 ; 6.858 ;
; search_data[15] ; match_lines[4]  ; 5.179 ; 5.332 ; 5.822 ; 5.905 ;
; search_data[15] ; match_lines[5]  ; 6.108 ; 6.329 ; 6.790 ; 6.942 ;
; search_data[15] ; match_lines[6]  ; 5.679 ; 5.841 ; 6.323 ; 6.478 ;
; search_data[15] ; match_lines[7]  ; 5.672 ; 5.819 ; 6.330 ; 6.470 ;
; search_data[15] ; match_lines[8]  ; 6.424 ; 6.565 ; 7.124 ; 7.263 ;
; search_data[15] ; match_lines[9]  ; 5.856 ; 6.044 ; 6.532 ; 6.650 ;
; search_data[15] ; match_lines[10] ; 6.774 ; 6.916 ; 7.437 ; 7.570 ;
; search_data[15] ; match_lines[11] ; 5.511 ; 5.690 ; 6.138 ; 6.310 ;
; search_data[15] ; match_lines[12] ; 5.642 ; 5.812 ; 6.341 ; 6.442 ;
; search_data[15] ; match_lines[13] ; 5.630 ; 5.786 ; 6.270 ; 6.424 ;
; search_data[15] ; match_lines[14] ; 5.671 ; 5.826 ; 6.325 ; 6.473 ;
; search_data[15] ; match_lines[15] ; 5.362 ; 5.521 ; 5.972 ; 6.124 ;
+-----------------+-----------------+-------+-------+-------+-------+


+-------------------------------------------------------------------+
; Minimum Propagation Delay                                         ;
+-----------------+-----------------+-------+-------+-------+-------+
; Input Port      ; Output Port     ; RR    ; RF    ; FR    ; FF    ;
+-----------------+-----------------+-------+-------+-------+-------+
; search_data[0]  ; match_lines[0]  ; 5.673 ; 5.839 ; 6.288 ; 6.447 ;
; search_data[0]  ; match_lines[1]  ; 6.028 ; 6.244 ; 6.658 ; 6.867 ;
; search_data[0]  ; match_lines[2]  ; 5.454 ; 5.581 ; 6.088 ; 6.208 ;
; search_data[0]  ; match_lines[3]  ; 6.457 ; 6.719 ; 7.097 ; 7.355 ;
; search_data[0]  ; match_lines[4]  ; 5.847 ; 6.024 ; 6.490 ; 6.668 ;
; search_data[0]  ; match_lines[5]  ; 5.370 ; 5.560 ; 5.938 ; 6.121 ;
; search_data[0]  ; match_lines[6]  ; 6.035 ; 6.232 ; 6.669 ; 6.859 ;
; search_data[0]  ; match_lines[7]  ; 6.188 ; 6.427 ; 6.821 ; 7.053 ;
; search_data[0]  ; match_lines[8]  ; 6.152 ; 6.312 ; 6.775 ; 6.928 ;
; search_data[0]  ; match_lines[9]  ; 6.001 ; 6.178 ; 6.632 ; 6.805 ;
; search_data[0]  ; match_lines[10] ; 6.847 ; 7.085 ; 7.486 ; 7.717 ;
; search_data[0]  ; match_lines[11] ; 6.208 ; 6.430 ; 6.864 ; 7.079 ;
; search_data[0]  ; match_lines[12] ; 5.742 ; 5.928 ; 6.370 ; 6.549 ;
; search_data[0]  ; match_lines[13] ; 5.799 ; 5.991 ; 6.429 ; 6.614 ;
; search_data[0]  ; match_lines[14] ; 5.710 ; 5.897 ; 6.333 ; 6.513 ;
; search_data[0]  ; match_lines[15] ; 5.515 ; 5.721 ; 6.101 ; 6.308 ;
; search_data[1]  ; match_lines[0]  ; 5.240 ; 5.434 ; 5.864 ; 5.974 ;
; search_data[1]  ; match_lines[1]  ; 4.941 ; 5.121 ; 5.542 ; 5.673 ;
; search_data[1]  ; match_lines[2]  ; 5.444 ; 5.565 ; 6.099 ; 6.216 ;
; search_data[1]  ; match_lines[3]  ; 6.155 ; 6.374 ; 6.815 ; 7.027 ;
; search_data[1]  ; match_lines[4]  ; 5.205 ; 5.355 ; 5.810 ; 5.953 ;
; search_data[1]  ; match_lines[5]  ; 4.797 ; 4.937 ; 5.363 ; 5.492 ;
; search_data[1]  ; match_lines[6]  ; 5.656 ; 5.826 ; 6.287 ; 6.450 ;
; search_data[1]  ; match_lines[7]  ; 6.066 ; 6.278 ; 6.726 ; 6.931 ;
; search_data[1]  ; match_lines[8]  ; 6.200 ; 6.355 ; 6.854 ; 7.005 ;
; search_data[1]  ; match_lines[9]  ; 5.490 ; 5.627 ; 6.186 ; 6.281 ;
; search_data[1]  ; match_lines[10] ; 6.121 ; 6.336 ; 6.694 ; 6.902 ;
; search_data[1]  ; match_lines[11] ; 5.225 ; 5.428 ; 5.789 ; 5.985 ;
; search_data[1]  ; match_lines[12] ; 5.548 ; 5.729 ; 6.180 ; 6.357 ;
; search_data[1]  ; match_lines[13] ; 5.610 ; 5.783 ; 6.244 ; 6.410 ;
; search_data[1]  ; match_lines[14] ; 5.760 ; 5.942 ; 6.414 ; 6.592 ;
; search_data[1]  ; match_lines[15] ; 5.458 ; 5.651 ; 6.060 ; 6.249 ;
; search_data[2]  ; match_lines[0]  ; 6.039 ; 6.169 ; 6.683 ; 6.823 ;
; search_data[2]  ; match_lines[1]  ; 5.057 ; 5.235 ; 5.602 ; 5.769 ;
; search_data[2]  ; match_lines[2]  ; 5.545 ; 5.680 ; 6.160 ; 6.266 ;
; search_data[2]  ; match_lines[3]  ; 6.143 ; 6.340 ; 6.738 ; 6.942 ;
; search_data[2]  ; match_lines[4]  ; 5.559 ; 5.664 ; 6.181 ; 6.283 ;
; search_data[2]  ; match_lines[5]  ; 4.827 ; 4.980 ; 5.372 ; 5.514 ;
; search_data[2]  ; match_lines[6]  ; 6.089 ; 6.259 ; 6.701 ; 6.868 ;
; search_data[2]  ; match_lines[7]  ; 5.876 ; 6.041 ; 6.477 ; 6.649 ;
; search_data[2]  ; match_lines[8]  ; 6.306 ; 6.469 ; 6.895 ; 7.055 ;
; search_data[2]  ; match_lines[9]  ; 5.073 ; 5.204 ; 5.646 ; 5.770 ;
; search_data[2]  ; match_lines[10] ; 7.102 ; 7.304 ; 7.759 ; 7.968 ;
; search_data[2]  ; match_lines[11] ; 5.573 ; 5.735 ; 6.133 ; 6.302 ;
; search_data[2]  ; match_lines[12] ; 5.909 ; 6.063 ; 6.548 ; 6.709 ;
; search_data[2]  ; match_lines[13] ; 5.605 ; 5.771 ; 6.176 ; 6.349 ;
; search_data[2]  ; match_lines[14] ; 5.699 ; 5.818 ; 6.275 ; 6.405 ;
; search_data[2]  ; match_lines[15] ; 5.287 ; 5.427 ; 5.834 ; 5.981 ;
; search_data[3]  ; match_lines[0]  ; 5.188 ; 5.348 ; 5.761 ; 5.914 ;
; search_data[3]  ; match_lines[1]  ; 5.590 ; 5.787 ; 6.182 ; 6.372 ;
; search_data[3]  ; match_lines[2]  ; 5.073 ; 5.217 ; 5.645 ; 5.791 ;
; search_data[3]  ; match_lines[3]  ; 5.625 ; 5.853 ; 6.191 ; 6.412 ;
; search_data[3]  ; match_lines[4]  ; 5.094 ; 5.226 ; 5.677 ; 5.811 ;
; search_data[3]  ; match_lines[5]  ; 5.213 ; 5.379 ; 5.806 ; 5.965 ;
; search_data[3]  ; match_lines[6]  ; 5.114 ; 5.305 ; 5.654 ; 5.838 ;
; search_data[3]  ; match_lines[7]  ; 5.354 ; 5.541 ; 5.915 ; 6.095 ;
; search_data[3]  ; match_lines[8]  ; 5.889 ; 6.073 ; 6.467 ; 6.644 ;
; search_data[3]  ; match_lines[9]  ; 5.456 ; 5.631 ; 6.069 ; 6.202 ;
; search_data[3]  ; match_lines[10] ; 6.361 ; 6.585 ; 6.951 ; 7.168 ;
; search_data[3]  ; match_lines[11] ; 5.187 ; 5.380 ; 5.751 ; 5.937 ;
; search_data[3]  ; match_lines[12] ; 5.177 ; 5.353 ; 5.750 ; 5.919 ;
; search_data[3]  ; match_lines[13] ; 5.595 ; 5.815 ; 6.230 ; 6.382 ;
; search_data[3]  ; match_lines[14] ; 5.225 ; 5.382 ; 5.803 ; 5.953 ;
; search_data[3]  ; match_lines[15] ; 5.299 ; 5.461 ; 5.884 ; 6.039 ;
; search_data[4]  ; match_lines[0]  ; 5.919 ; 6.037 ; 6.569 ; 6.697 ;
; search_data[4]  ; match_lines[1]  ; 5.571 ; 5.717 ; 6.221 ; 6.334 ;
; search_data[4]  ; match_lines[2]  ; 5.745 ; 5.875 ; 6.386 ; 6.513 ;
; search_data[4]  ; match_lines[3]  ; 6.210 ; 6.440 ; 6.821 ; 7.048 ;
; search_data[4]  ; match_lines[4]  ; 5.955 ; 6.081 ; 6.620 ; 6.753 ;
; search_data[4]  ; match_lines[5]  ; 5.542 ; 5.661 ; 6.176 ; 6.290 ;
; search_data[4]  ; match_lines[6]  ; 6.033 ; 6.190 ; 6.675 ; 6.829 ;
; search_data[4]  ; match_lines[7]  ; 6.143 ; 6.333 ; 6.774 ; 6.959 ;
; search_data[4]  ; match_lines[8]  ; 6.353 ; 6.503 ; 6.962 ; 7.107 ;
; search_data[4]  ; match_lines[9]  ; 5.258 ; 5.369 ; 5.871 ; 5.977 ;
; search_data[4]  ; match_lines[10] ; 6.813 ; 7.019 ; 7.437 ; 7.650 ;
; search_data[4]  ; match_lines[11] ; 5.936 ; 6.124 ; 6.545 ; 6.728 ;
; search_data[4]  ; match_lines[12] ; 5.743 ; 5.883 ; 6.389 ; 6.536 ;
; search_data[4]  ; match_lines[13] ; 5.691 ; 5.841 ; 6.334 ; 6.479 ;
; search_data[4]  ; match_lines[14] ; 5.805 ; 5.956 ; 6.415 ; 6.561 ;
; search_data[4]  ; match_lines[15] ; 6.077 ; 6.278 ; 6.707 ; 6.903 ;
; search_data[5]  ; match_lines[0]  ; 5.309 ; 5.448 ; 5.947 ; 6.079 ;
; search_data[5]  ; match_lines[1]  ; 5.069 ; 5.214 ; 5.685 ; 5.823 ;
; search_data[5]  ; match_lines[2]  ; 5.481 ; 5.663 ; 6.164 ; 6.278 ;
; search_data[5]  ; match_lines[3]  ; 6.511 ; 6.768 ; 7.194 ; 7.453 ;
; search_data[5]  ; match_lines[4]  ; 5.273 ; 5.421 ; 5.901 ; 6.042 ;
; search_data[5]  ; match_lines[5]  ; 5.201 ; 5.353 ; 5.831 ; 5.979 ;
; search_data[5]  ; match_lines[6]  ; 5.770 ; 5.979 ; 6.453 ; 6.594 ;
; search_data[5]  ; match_lines[7]  ; 6.030 ; 6.240 ; 6.693 ; 6.896 ;
; search_data[5]  ; match_lines[8]  ; 6.289 ; 6.458 ; 6.948 ; 7.110 ;
; search_data[5]  ; match_lines[9]  ; 5.430 ; 5.566 ; 6.087 ; 6.225 ;
; search_data[5]  ; match_lines[10] ; 6.464 ; 6.701 ; 7.095 ; 7.325 ;
; search_data[5]  ; match_lines[11] ; 5.947 ; 6.194 ; 6.624 ; 6.804 ;
; search_data[5]  ; match_lines[12] ; 5.615 ; 5.783 ; 6.272 ; 6.442 ;
; search_data[5]  ; match_lines[13] ; 5.417 ; 5.593 ; 6.045 ; 6.217 ;
; search_data[5]  ; match_lines[14] ; 5.854 ; 6.055 ; 6.550 ; 6.683 ;
; search_data[5]  ; match_lines[15] ; 5.967 ; 6.186 ; 6.630 ; 6.842 ;
; search_data[6]  ; match_lines[0]  ; 5.920 ; 6.053 ; 6.555 ; 6.685 ;
; search_data[6]  ; match_lines[1]  ; 4.970 ; 5.080 ; 5.506 ; 5.627 ;
; search_data[6]  ; match_lines[2]  ; 5.359 ; 5.459 ; 5.955 ; 6.062 ;
; search_data[6]  ; match_lines[3]  ; 6.250 ; 6.467 ; 6.843 ; 7.071 ;
; search_data[6]  ; match_lines[4]  ; 5.496 ; 5.609 ; 6.114 ; 6.234 ;
; search_data[6]  ; match_lines[5]  ; 4.818 ; 4.912 ; 5.348 ; 5.449 ;
; search_data[6]  ; match_lines[6]  ; 6.009 ; 6.173 ; 6.596 ; 6.757 ;
; search_data[6]  ; match_lines[7]  ; 5.889 ; 6.060 ; 6.486 ; 6.664 ;
; search_data[6]  ; match_lines[8]  ; 6.333 ; 6.479 ; 6.913 ; 7.070 ;
; search_data[6]  ; match_lines[9]  ; 5.548 ; 5.642 ; 6.168 ; 6.269 ;
; search_data[6]  ; match_lines[10] ; 6.491 ; 6.712 ; 7.048 ; 7.279 ;
; search_data[6]  ; match_lines[11] ; 5.589 ; 5.777 ; 6.143 ; 6.338 ;
; search_data[6]  ; match_lines[12] ; 5.701 ; 5.813 ; 6.302 ; 6.421 ;
; search_data[6]  ; match_lines[13] ; 5.331 ; 5.461 ; 5.891 ; 6.028 ;
; search_data[6]  ; match_lines[14] ; 5.799 ; 5.937 ; 6.379 ; 6.528 ;
; search_data[6]  ; match_lines[15] ; 5.484 ; 5.623 ; 6.044 ; 6.190 ;
; search_data[7]  ; match_lines[0]  ; 5.422 ; 5.585 ; 6.048 ; 6.204 ;
; search_data[7]  ; match_lines[1]  ; 5.172 ; 5.311 ; 5.795 ; 5.936 ;
; search_data[7]  ; match_lines[2]  ; 5.232 ; 5.354 ; 5.854 ; 5.969 ;
; search_data[7]  ; match_lines[3]  ; 6.006 ; 6.247 ; 6.631 ; 6.865 ;
; search_data[7]  ; match_lines[4]  ; 5.312 ; 5.455 ; 5.932 ; 6.071 ;
; search_data[7]  ; match_lines[5]  ; 4.956 ; 5.081 ; 5.559 ; 5.677 ;
; search_data[7]  ; match_lines[6]  ; 5.746 ; 5.943 ; 6.368 ; 6.558 ;
; search_data[7]  ; match_lines[7]  ; 5.637 ; 5.839 ; 6.252 ; 6.447 ;
; search_data[7]  ; match_lines[8]  ; 6.142 ; 6.311 ; 6.777 ; 6.939 ;
; search_data[7]  ; match_lines[9]  ; 5.322 ; 5.479 ; 5.981 ; 6.071 ;
; search_data[7]  ; match_lines[10] ; 6.616 ; 6.865 ; 7.252 ; 7.497 ;
; search_data[7]  ; match_lines[11] ; 5.847 ; 6.066 ; 6.489 ; 6.701 ;
; search_data[7]  ; match_lines[12] ; 5.320 ; 5.471 ; 5.951 ; 6.095 ;
; search_data[7]  ; match_lines[13] ; 5.241 ; 5.394 ; 5.847 ; 5.993 ;
; search_data[7]  ; match_lines[14] ; 5.600 ; 5.771 ; 6.235 ; 6.399 ;
; search_data[7]  ; match_lines[15] ; 5.377 ; 5.547 ; 5.979 ; 6.142 ;
; search_data[8]  ; match_lines[0]  ; 5.386 ; 5.472 ; 6.009 ; 6.102 ;
; search_data[8]  ; match_lines[1]  ; 5.865 ; 6.012 ; 6.486 ; 6.630 ;
; search_data[8]  ; match_lines[2]  ; 5.052 ; 5.129 ; 5.643 ; 5.727 ;
; search_data[8]  ; match_lines[3]  ; 5.817 ; 5.993 ; 6.441 ; 6.624 ;
; search_data[8]  ; match_lines[4]  ; 5.162 ; 5.252 ; 5.767 ; 5.864 ;
; search_data[8]  ; match_lines[5]  ; 5.682 ; 5.820 ; 6.294 ; 6.439 ;
; search_data[8]  ; match_lines[6]  ; 5.838 ; 5.968 ; 6.489 ; 6.616 ;
; search_data[8]  ; match_lines[7]  ; 5.219 ; 5.316 ; 5.822 ; 5.929 ;
; search_data[8]  ; match_lines[8]  ; 5.843 ; 5.959 ; 6.449 ; 6.572 ;
; search_data[8]  ; match_lines[9]  ; 5.765 ; 5.910 ; 6.371 ; 6.523 ;
; search_data[8]  ; match_lines[10] ; 6.152 ; 6.288 ; 6.758 ; 6.901 ;
; search_data[8]  ; match_lines[11] ; 5.930 ; 6.109 ; 6.568 ; 6.758 ;
; search_data[8]  ; match_lines[12] ; 5.489 ; 5.597 ; 6.112 ; 6.227 ;
; search_data[8]  ; match_lines[13] ; 5.335 ; 5.450 ; 5.955 ; 6.067 ;
; search_data[8]  ; match_lines[14] ; 5.709 ; 5.837 ; 6.335 ; 6.470 ;
; search_data[8]  ; match_lines[15] ; 5.464 ; 5.609 ; 6.061 ; 6.217 ;
; search_data[9]  ; match_lines[0]  ; 5.195 ; 5.289 ; 5.825 ; 5.926 ;
; search_data[9]  ; match_lines[1]  ; 5.651 ; 5.850 ; 6.319 ; 6.450 ;
; search_data[9]  ; match_lines[2]  ; 5.051 ; 5.123 ; 5.643 ; 5.722 ;
; search_data[9]  ; match_lines[3]  ; 5.853 ; 6.029 ; 6.460 ; 6.643 ;
; search_data[9]  ; match_lines[4]  ; 5.210 ; 5.307 ; 5.827 ; 5.931 ;
; search_data[9]  ; match_lines[5]  ; 5.513 ; 5.704 ; 6.162 ; 6.285 ;
; search_data[9]  ; match_lines[6]  ; 5.877 ; 6.001 ; 6.507 ; 6.628 ;
; search_data[9]  ; match_lines[7]  ; 5.330 ; 5.432 ; 5.938 ; 6.051 ;
; search_data[9]  ; match_lines[8]  ; 5.999 ; 6.116 ; 6.610 ; 6.734 ;
; search_data[9]  ; match_lines[9]  ; 5.492 ; 5.668 ; 6.110 ; 6.279 ;
; search_data[9]  ; match_lines[10] ; 6.093 ; 6.252 ; 6.720 ; 6.872 ;
; search_data[9]  ; match_lines[11] ; 5.958 ; 6.137 ; 6.575 ; 6.765 ;
; search_data[9]  ; match_lines[12] ; 5.504 ; 5.607 ; 6.127 ; 6.237 ;
; search_data[9]  ; match_lines[13] ; 5.474 ; 5.582 ; 6.100 ; 6.215 ;
; search_data[9]  ; match_lines[14] ; 5.443 ; 5.583 ; 6.044 ; 6.191 ;
; search_data[9]  ; match_lines[15] ; 5.637 ; 5.783 ; 6.259 ; 6.412 ;
; search_data[10] ; match_lines[0]  ; 5.075 ; 5.177 ; 5.671 ; 5.780 ;
; search_data[10] ; match_lines[1]  ; 5.403 ; 5.565 ; 5.956 ; 6.125 ;
; search_data[10] ; match_lines[2]  ; 5.198 ; 5.281 ; 5.808 ; 5.902 ;
; search_data[10] ; match_lines[3]  ; 6.072 ; 6.244 ; 6.695 ; 6.864 ;
; search_data[10] ; match_lines[4]  ; 5.125 ; 5.211 ; 5.712 ; 5.795 ;
; search_data[10] ; match_lines[5]  ; 5.339 ; 5.476 ; 5.898 ; 6.042 ;
; search_data[10] ; match_lines[6]  ; 5.809 ; 5.929 ; 6.421 ; 6.548 ;
; search_data[10] ; match_lines[7]  ; 5.208 ; 5.302 ; 5.772 ; 5.877 ;
; search_data[10] ; match_lines[8]  ; 5.684 ; 5.808 ; 6.260 ; 6.391 ;
; search_data[10] ; match_lines[9]  ; 5.383 ; 5.476 ; 5.968 ; 6.068 ;
; search_data[10] ; match_lines[10] ; 6.165 ; 6.303 ; 6.746 ; 6.921 ;
; search_data[10] ; match_lines[11] ; 5.807 ; 5.994 ; 6.419 ; 6.613 ;
; search_data[10] ; match_lines[12] ; 5.261 ; 5.377 ; 5.860 ; 5.983 ;
; search_data[10] ; match_lines[13] ; 5.446 ; 5.526 ; 6.010 ; 6.101 ;
; search_data[10] ; match_lines[14] ; 5.377 ; 5.511 ; 5.952 ; 6.093 ;
; search_data[10] ; match_lines[15] ; 5.366 ; 5.521 ; 5.953 ; 6.105 ;
; search_data[11] ; match_lines[0]  ; 5.398 ; 5.481 ; 6.038 ; 6.128 ;
; search_data[11] ; match_lines[1]  ; 5.652 ; 5.876 ; 6.314 ; 6.471 ;
; search_data[11] ; match_lines[2]  ; 5.197 ; 5.275 ; 5.837 ; 5.912 ;
; search_data[11] ; match_lines[3]  ; 5.884 ; 6.071 ; 6.515 ; 6.697 ;
; search_data[11] ; match_lines[4]  ; 5.167 ; 5.257 ; 5.807 ; 5.904 ;
; search_data[11] ; match_lines[5]  ; 5.314 ; 5.482 ; 5.931 ; 6.092 ;
; search_data[11] ; match_lines[6]  ; 5.767 ; 5.903 ; 6.396 ; 6.542 ;
; search_data[11] ; match_lines[7]  ; 5.692 ; 5.760 ; 6.322 ; 6.385 ;
; search_data[11] ; match_lines[8]  ; 6.204 ; 6.316 ; 6.846 ; 6.955 ;
; search_data[11] ; match_lines[9]  ; 5.359 ; 5.514 ; 6.029 ; 6.117 ;
; search_data[11] ; match_lines[10] ; 6.035 ; 6.216 ; 6.678 ; 6.855 ;
; search_data[11] ; match_lines[11] ; 5.995 ; 6.174 ; 6.637 ; 6.811 ;
; search_data[11] ; match_lines[12] ; 5.358 ; 5.466 ; 5.999 ; 6.114 ;
; search_data[11] ; match_lines[13] ; 5.477 ; 5.594 ; 6.114 ; 6.226 ;
; search_data[11] ; match_lines[14] ; 5.390 ; 5.523 ; 6.004 ; 6.144 ;
; search_data[11] ; match_lines[15] ; 5.649 ; 5.789 ; 6.274 ; 6.425 ;
; search_data[12] ; match_lines[0]  ; 5.280 ; 5.347 ; 5.900 ; 5.974 ;
; search_data[12] ; match_lines[1]  ; 6.131 ; 6.277 ; 6.786 ; 6.939 ;
; search_data[12] ; match_lines[2]  ; 5.416 ; 5.468 ; 6.054 ; 6.113 ;
; search_data[12] ; match_lines[3]  ; 5.855 ; 6.023 ; 6.468 ; 6.643 ;
; search_data[12] ; match_lines[4]  ; 5.544 ; 5.591 ; 6.174 ; 6.228 ;
; search_data[12] ; match_lines[5]  ; 6.061 ; 6.215 ; 6.696 ; 6.857 ;
; search_data[12] ; match_lines[6]  ; 5.738 ; 5.869 ; 6.358 ; 6.496 ;
; search_data[12] ; match_lines[7]  ; 5.617 ; 5.743 ; 6.246 ; 6.379 ;
; search_data[12] ; match_lines[8]  ; 5.804 ; 5.903 ; 6.383 ; 6.489 ;
; search_data[12] ; match_lines[9]  ; 5.899 ; 6.002 ; 6.545 ; 6.655 ;
; search_data[12] ; match_lines[10] ; 6.411 ; 6.535 ; 7.038 ; 7.169 ;
; search_data[12] ; match_lines[11] ; 5.998 ; 6.122 ; 6.659 ; 6.793 ;
; search_data[12] ; match_lines[12] ; 5.493 ; 5.571 ; 6.123 ; 6.208 ;
; search_data[12] ; match_lines[13] ; 5.628 ; 5.739 ; 6.272 ; 6.390 ;
; search_data[12] ; match_lines[14] ; 5.617 ; 5.721 ; 6.235 ; 6.346 ;
; search_data[12] ; match_lines[15] ; 5.984 ; 6.146 ; 6.613 ; 6.782 ;
; search_data[13] ; match_lines[0]  ; 4.938 ; 5.036 ; 5.559 ; 5.650 ;
; search_data[13] ; match_lines[1]  ; 5.407 ; 5.584 ; 6.022 ; 6.192 ;
; search_data[13] ; match_lines[2]  ; 4.930 ; 5.013 ; 5.572 ; 5.648 ;
; search_data[13] ; match_lines[3]  ; 5.508 ; 5.698 ; 6.131 ; 6.314 ;
; search_data[13] ; match_lines[4]  ; 4.931 ; 5.037 ; 5.551 ; 5.653 ;
; search_data[13] ; match_lines[5]  ; 5.570 ; 5.755 ; 6.204 ; 6.382 ;
; search_data[13] ; match_lines[6]  ; 5.382 ; 5.535 ; 6.021 ; 6.167 ;
; search_data[13] ; match_lines[7]  ; 5.108 ; 5.255 ; 5.715 ; 5.855 ;
; search_data[13] ; match_lines[8]  ; 5.649 ; 5.779 ; 6.278 ; 6.401 ;
; search_data[13] ; match_lines[9]  ; 5.297 ; 5.431 ; 5.918 ; 6.045 ;
; search_data[13] ; match_lines[10] ; 6.120 ; 6.259 ; 6.733 ; 6.867 ;
; search_data[13] ; match_lines[11] ; 5.098 ; 5.252 ; 5.698 ; 5.845 ;
; search_data[13] ; match_lines[12] ; 5.050 ; 5.160 ; 5.677 ; 5.780 ;
; search_data[13] ; match_lines[13] ; 5.374 ; 5.514 ; 6.017 ; 6.153 ;
; search_data[13] ; match_lines[14] ; 5.384 ; 5.550 ; 6.053 ; 6.152 ;
; search_data[13] ; match_lines[15] ; 5.396 ; 5.594 ; 6.003 ; 6.194 ;
; search_data[14] ; match_lines[0]  ; 5.111 ; 5.193 ; 5.696 ; 5.785 ;
; search_data[14] ; match_lines[1]  ; 5.948 ; 6.125 ; 6.573 ; 6.747 ;
; search_data[14] ; match_lines[2]  ; 5.514 ; 5.542 ; 6.124 ; 6.159 ;
; search_data[14] ; match_lines[3]  ; 5.649 ; 5.803 ; 6.267 ; 6.428 ;
; search_data[14] ; match_lines[4]  ; 5.287 ; 5.380 ; 5.902 ; 6.002 ;
; search_data[14] ; match_lines[5]  ; 6.126 ; 6.270 ; 6.771 ; 6.910 ;
; search_data[14] ; match_lines[6]  ; 5.418 ; 5.551 ; 6.004 ; 6.144 ;
; search_data[14] ; match_lines[7]  ; 5.597 ; 5.709 ; 6.224 ; 6.346 ;
; search_data[14] ; match_lines[8]  ; 5.788 ; 5.895 ; 6.398 ; 6.512 ;
; search_data[14] ; match_lines[9]  ; 5.646 ; 5.774 ; 6.248 ; 6.387 ;
; search_data[14] ; match_lines[10] ; 6.255 ; 6.387 ; 6.900 ; 7.027 ;
; search_data[14] ; match_lines[11] ; 5.625 ; 5.763 ; 6.236 ; 6.385 ;
; search_data[14] ; match_lines[12] ; 5.527 ; 5.629 ; 6.149 ; 6.261 ;
; search_data[14] ; match_lines[13] ; 5.460 ; 5.581 ; 6.070 ; 6.198 ;
; search_data[14] ; match_lines[14] ; 5.724 ; 5.851 ; 6.358 ; 6.492 ;
; search_data[14] ; match_lines[15] ; 5.577 ; 5.699 ; 6.187 ; 6.316 ;
; search_data[15] ; match_lines[0]  ; 5.185 ; 5.297 ; 5.835 ; 5.940 ;
; search_data[15] ; match_lines[1]  ; 5.631 ; 5.829 ; 6.248 ; 6.439 ;
; search_data[15] ; match_lines[2]  ; 5.194 ; 5.294 ; 5.847 ; 5.940 ;
; search_data[15] ; match_lines[3]  ; 5.793 ; 5.976 ; 6.445 ; 6.624 ;
; search_data[15] ; match_lines[4]  ; 4.999 ; 5.144 ; 5.631 ; 5.708 ;
; search_data[15] ; match_lines[5]  ; 5.892 ; 6.105 ; 6.561 ; 6.707 ;
; search_data[15] ; match_lines[6]  ; 5.481 ; 5.636 ; 6.114 ; 6.262 ;
; search_data[15] ; match_lines[7]  ; 5.473 ; 5.615 ; 6.120 ; 6.255 ;
; search_data[15] ; match_lines[8]  ; 6.217 ; 6.353 ; 6.904 ; 7.036 ;
; search_data[15] ; match_lines[9]  ; 5.649 ; 5.831 ; 6.313 ; 6.427 ;
; search_data[15] ; match_lines[10] ; 6.535 ; 6.662 ; 7.173 ; 7.311 ;
; search_data[15] ; match_lines[11] ; 5.320 ; 5.491 ; 5.937 ; 6.101 ;
; search_data[15] ; match_lines[12] ; 5.446 ; 5.609 ; 6.131 ; 6.227 ;
; search_data[15] ; match_lines[13] ; 5.433 ; 5.583 ; 6.063 ; 6.209 ;
; search_data[15] ; match_lines[14] ; 5.471 ; 5.620 ; 6.114 ; 6.256 ;
; search_data[15] ; match_lines[15] ; 5.175 ; 5.328 ; 5.775 ; 5.921 ;
+-----------------+-----------------+-------+-------+-------+-------+


---------------------------------------------
; Fast 1200mV 0C Model Metastability Report ;
---------------------------------------------
No synchronizer chains to report.


+-----------------------------------------------------------------------------+
; Multicorner Timing Analysis Summary                                         ;
+------------------+-------+-------+----------+---------+---------------------+
; Clock            ; Setup ; Hold  ; Recovery ; Removal ; Minimum Pulse Width ;
+------------------+-------+-------+----------+---------+---------------------+
; Worst-case Slack ; 0.293 ; 0.186 ; N/A      ; N/A     ; -3.000              ;
;  clk             ; 0.293 ; 0.186 ; N/A      ; N/A     ; -3.000              ;
; Design-wide TNS  ; 0.0   ; 0.0   ; 0.0      ; 0.0     ; -544.429            ;
;  clk             ; 0.000 ; 0.000 ; N/A      ; N/A     ; -544.429            ;
+------------------+-------+-------+----------+---------+---------------------+


+-------------------------------------------------------------------------------+
; Setup Times                                                                   ;
+-------------------+------------+-------+-------+------------+-----------------+
; Data Port         ; Clock Port ; Rise  ; Fall  ; Clock Edge ; Clock Reference ;
+-------------------+------------+-------+-------+------------+-----------------+
; reset             ; clk        ; 4.387 ; 4.861 ; Rise       ; clk             ;
; write_address[*]  ; clk        ; 4.899 ; 5.431 ; Rise       ; clk             ;
;  write_address[0] ; clk        ; 4.899 ; 5.431 ; Rise       ; clk             ;
;  write_address[1] ; clk        ; 4.824 ; 5.367 ; Rise       ; clk             ;
;  write_address[2] ; clk        ; 4.817 ; 5.365 ; Rise       ; clk             ;
;  write_address[3] ; clk        ; 4.645 ; 5.138 ; Rise       ; clk             ;
; write_data[*]     ; clk        ; 3.320 ; 3.793 ; Rise       ; clk             ;
;  write_data[0]    ; clk        ; 2.920 ; 3.390 ; Rise       ; clk             ;
;  write_data[1]    ; clk        ; 1.056 ; 1.080 ; Rise       ; clk             ;
;  write_data[2]    ; clk        ; 3.320 ; 3.793 ; Rise       ; clk             ;
;  write_data[3]    ; clk        ; 2.403 ; 2.883 ; Rise       ; clk             ;
;  write_data[4]    ; clk        ; 2.609 ; 3.116 ; Rise       ; clk             ;
;  write_data[5]    ; clk        ; 3.014 ; 3.501 ; Rise       ; clk             ;
;  write_data[6]    ; clk        ; 2.564 ; 3.018 ; Rise       ; clk             ;
;  write_data[7]    ; clk        ; 2.555 ; 3.049 ; Rise       ; clk             ;
;  write_data[8]    ; clk        ; 2.511 ; 3.009 ; Rise       ; clk             ;
;  write_data[9]    ; clk        ; 2.414 ; 2.896 ; Rise       ; clk             ;
;  write_data[10]   ; clk        ; 1.918 ; 2.348 ; Rise       ; clk             ;
;  write_data[11]   ; clk        ; 2.923 ; 3.420 ; Rise       ; clk             ;
;  write_data[12]   ; clk        ; 3.214 ; 3.660 ; Rise       ; clk             ;
;  write_data[13]   ; clk        ; 2.592 ; 3.066 ; Rise       ; clk             ;
;  write_data[14]   ; clk        ; 2.587 ; 3.094 ; Rise       ; clk             ;
;  write_data[15]   ; clk        ; 2.302 ; 2.766 ; Rise       ; clk             ;
; write_enable      ; clk        ; 4.652 ; 5.147 ; Rise       ; clk             ;
; write_x_mask[*]   ; clk        ; 3.284 ; 3.749 ; Rise       ; clk             ;
;  write_x_mask[0]  ; clk        ; 2.875 ; 3.329 ; Rise       ; clk             ;
;  write_x_mask[1]  ; clk        ; 3.284 ; 3.749 ; Rise       ; clk             ;
;  write_x_mask[2]  ; clk        ; 3.016 ; 3.516 ; Rise       ; clk             ;
;  write_x_mask[3]  ; clk        ; 0.881 ; 0.922 ; Rise       ; clk             ;
;  write_x_mask[4]  ; clk        ; 3.153 ; 3.654 ; Rise       ; clk             ;
;  write_x_mask[5]  ; clk        ; 2.619 ; 3.137 ; Rise       ; clk             ;
;  write_x_mask[6]  ; clk        ; 2.384 ; 2.844 ; Rise       ; clk             ;
;  write_x_mask[7]  ; clk        ; 2.602 ; 3.047 ; Rise       ; clk             ;
;  write_x_mask[8]  ; clk        ; 2.978 ; 3.485 ; Rise       ; clk             ;
;  write_x_mask[9]  ; clk        ; 2.590 ; 3.057 ; Rise       ; clk             ;
;  write_x_mask[10] ; clk        ; 1.992 ; 2.434 ; Rise       ; clk             ;
;  write_x_mask[11] ; clk        ; 2.740 ; 3.196 ; Rise       ; clk             ;
;  write_x_mask[12] ; clk        ; 2.343 ; 2.865 ; Rise       ; clk             ;
;  write_x_mask[13] ; clk        ; 2.269 ; 2.716 ; Rise       ; clk             ;
;  write_x_mask[14] ; clk        ; 2.547 ; 3.031 ; Rise       ; clk             ;
;  write_x_mask[15] ; clk        ; 2.878 ; 3.347 ; Rise       ; clk             ;
+-------------------+------------+-------+-------+------------+-----------------+


+---------------------------------------------------------------------------------+
; Hold Times                                                                      ;
+-------------------+------------+--------+--------+------------+-----------------+
; Data Port         ; Clock Port ; Rise   ; Fall   ; Clock Edge ; Clock Reference ;
+-------------------+------------+--------+--------+------------+-----------------+
; reset             ; clk        ; -0.958 ; -1.540 ; Rise       ; clk             ;
; write_address[*]  ; clk        ; -0.878 ; -1.518 ; Rise       ; clk             ;
;  write_address[0] ; clk        ; -0.964 ; -1.587 ; Rise       ; clk             ;
;  write_address[1] ; clk        ; -1.030 ; -1.604 ; Rise       ; clk             ;
;  write_address[2] ; clk        ; -0.878 ; -1.518 ; Rise       ; clk             ;
;  write_address[3] ; clk        ; -1.007 ; -1.664 ; Rise       ; clk             ;
; write_data[*]     ; clk        ; 0.005  ; -0.009 ; Rise       ; clk             ;
;  write_data[0]    ; clk        ; -0.824 ; -1.412 ; Rise       ; clk             ;
;  write_data[1]    ; clk        ; 0.005  ; -0.009 ; Rise       ; clk             ;
;  write_data[2]    ; clk        ; -0.889 ; -1.482 ; Rise       ; clk             ;
;  write_data[3]    ; clk        ; -0.529 ; -1.083 ; Rise       ; clk             ;
;  write_data[4]    ; clk        ; -0.777 ; -1.376 ; Rise       ; clk             ;
;  write_data[5]    ; clk        ; -0.881 ; -1.465 ; Rise       ; clk             ;
;  write_data[6]    ; clk        ; -0.615 ; -1.168 ; Rise       ; clk             ;
;  write_data[7]    ; clk        ; -0.828 ; -1.435 ; Rise       ; clk             ;
;  write_data[8]    ; clk        ; -0.902 ; -1.517 ; Rise       ; clk             ;
;  write_data[9]    ; clk        ; -0.853 ; -1.456 ; Rise       ; clk             ;
;  write_data[10]   ; clk        ; -0.452 ; -0.991 ; Rise       ; clk             ;
;  write_data[11]   ; clk        ; -0.891 ; -1.489 ; Rise       ; clk             ;
;  write_data[12]   ; clk        ; -0.877 ; -1.456 ; Rise       ; clk             ;
;  write_data[13]   ; clk        ; -0.834 ; -1.431 ; Rise       ; clk             ;
;  write_data[14]   ; clk        ; -0.850 ; -1.454 ; Rise       ; clk             ;
;  write_data[15]   ; clk        ; -0.506 ; -1.053 ; Rise       ; clk             ;
; write_enable      ; clk        ; -1.059 ; -1.682 ; Rise       ; clk             ;
; write_x_mask[*]   ; clk        ; 0.335  ; 0.246  ; Rise       ; clk             ;
;  write_x_mask[0]  ; clk        ; -0.730 ; -1.294 ; Rise       ; clk             ;
;  write_x_mask[1]  ; clk        ; -0.904 ; -1.496 ; Rise       ; clk             ;
;  write_x_mask[2]  ; clk        ; -0.889 ; -1.499 ; Rise       ; clk             ;
;  write_x_mask[3]  ; clk        ; 0.335  ; 0.246  ; Rise       ; clk             ;
;  write_x_mask[4]  ; clk        ; -0.852 ; -1.463 ; Rise       ; clk             ;
;  write_x_mask[5]  ; clk        ; -0.895 ; -1.498 ; Rise       ; clk             ;
;  write_x_mask[6]  ; clk        ; -0.802 ; -1.398 ; Rise       ; clk             ;
;  write_x_mask[7]  ; clk        ; -0.983 ; -1.592 ; Rise       ; clk             ;
;  write_x_mask[8]  ; clk        ; -0.963 ; -1.569 ; Rise       ; clk             ;
;  write_x_mask[9]  ; clk        ; -0.872 ; -1.480 ; Rise       ; clk             ;
;  write_x_mask[10] ; clk        ; -0.368 ; -0.887 ; Rise       ; clk             ;
;  write_x_mask[11] ; clk        ; -0.643 ; -1.209 ; Rise       ; clk             ;
;  write_x_mask[12] ; clk        ; -0.818 ; -1.430 ; Rise       ; clk             ;
;  write_x_mask[13] ; clk        ; -0.699 ; -1.261 ; Rise       ; clk             ;
;  write_x_mask[14] ; clk        ; -0.781 ; -1.376 ; Rise       ; clk             ;
;  write_x_mask[15] ; clk        ; -0.796 ; -1.380 ; Rise       ; clk             ;
+-------------------+------------+--------+--------+------------+-----------------+


+--------------------------------------------------------------------------------+
; Clock to Output Times                                                          ;
+------------------+------------+--------+--------+------------+-----------------+
; Data Port        ; Clock Port ; Rise   ; Fall   ; Clock Edge ; Clock Reference ;
+------------------+------------+--------+--------+------------+-----------------+
; match_lines[*]   ; clk        ; 11.289 ; 11.422 ; Rise       ; clk             ;
;  match_lines[0]  ; clk        ; 9.599  ; 9.632  ; Rise       ; clk             ;
;  match_lines[1]  ; clk        ; 10.428 ; 10.552 ; Rise       ; clk             ;
;  match_lines[2]  ; clk        ; 9.034  ; 9.049  ; Rise       ; clk             ;
;  match_lines[3]  ; clk        ; 10.753 ; 10.784 ; Rise       ; clk             ;
;  match_lines[4]  ; clk        ; 9.224  ; 9.306  ; Rise       ; clk             ;
;  match_lines[5]  ; clk        ; 9.941  ; 10.065 ; Rise       ; clk             ;
;  match_lines[6]  ; clk        ; 10.212 ; 10.228 ; Rise       ; clk             ;
;  match_lines[7]  ; clk        ; 10.449 ; 10.521 ; Rise       ; clk             ;
;  match_lines[8]  ; clk        ; 10.278 ; 10.336 ; Rise       ; clk             ;
;  match_lines[9]  ; clk        ; 10.025 ; 10.100 ; Rise       ; clk             ;
;  match_lines[10] ; clk        ; 11.289 ; 11.422 ; Rise       ; clk             ;
;  match_lines[11] ; clk        ; 10.151 ; 10.273 ; Rise       ; clk             ;
;  match_lines[12] ; clk        ; 9.415  ; 9.488  ; Rise       ; clk             ;
;  match_lines[13] ; clk        ; 9.963  ; 10.028 ; Rise       ; clk             ;
;  match_lines[14] ; clk        ; 9.564  ; 9.550  ; Rise       ; clk             ;
;  match_lines[15] ; clk        ; 9.650  ; 9.676  ; Rise       ; clk             ;
+------------------+------------+--------+--------+------------+-----------------+


+------------------------------------------------------------------------------+
; Minimum Clock to Output Times                                                ;
+------------------+------------+-------+-------+------------+-----------------+
; Data Port        ; Clock Port ; Rise  ; Fall  ; Clock Edge ; Clock Reference ;
+------------------+------------+-------+-------+------------+-----------------+
; match_lines[*]   ; clk        ; 4.072 ; 4.159 ; Rise       ; clk             ;
;  match_lines[0]  ; clk        ; 4.162 ; 4.264 ; Rise       ; clk             ;
;  match_lines[1]  ; clk        ; 4.353 ; 4.488 ; Rise       ; clk             ;
;  match_lines[2]  ; clk        ; 4.072 ; 4.159 ; Rise       ; clk             ;
;  match_lines[3]  ; clk        ; 4.701 ; 4.879 ; Rise       ; clk             ;
;  match_lines[4]  ; clk        ; 4.164 ; 4.265 ; Rise       ; clk             ;
;  match_lines[5]  ; clk        ; 4.292 ; 4.421 ; Rise       ; clk             ;
;  match_lines[6]  ; clk        ; 4.527 ; 4.684 ; Rise       ; clk             ;
;  match_lines[7]  ; clk        ; 4.412 ; 4.558 ; Rise       ; clk             ;
;  match_lines[8]  ; clk        ; 4.860 ; 4.991 ; Rise       ; clk             ;
;  match_lines[9]  ; clk        ; 4.315 ; 4.431 ; Rise       ; clk             ;
;  match_lines[10] ; clk        ; 5.211 ; 5.374 ; Rise       ; clk             ;
;  match_lines[11] ; clk        ; 4.480 ; 4.638 ; Rise       ; clk             ;
;  match_lines[12] ; clk        ; 4.252 ; 4.366 ; Rise       ; clk             ;
;  match_lines[13] ; clk        ; 4.448 ; 4.583 ; Rise       ; clk             ;
;  match_lines[14] ; clk        ; 4.486 ; 4.625 ; Rise       ; clk             ;
;  match_lines[15] ; clk        ; 4.500 ; 4.657 ; Rise       ; clk             ;
+------------------+------------+-------+-------+------------+-----------------+


+-----------------------------------------------------------------------+
; Progagation Delay                                                     ;
+-----------------+-----------------+--------+--------+--------+--------+
; Input Port      ; Output Port     ; RR     ; RF     ; FR     ; FF     ;
+-----------------+-----------------+--------+--------+--------+--------+
; search_data[0]  ; match_lines[0]  ; 10.351 ; 10.316 ; 10.799 ; 10.755 ;
; search_data[0]  ; match_lines[1]  ; 11.092 ; 11.158 ; 11.564 ; 11.621 ;
; search_data[0]  ; match_lines[2]  ; 9.850  ; 9.799  ; 10.307 ; 10.247 ;
; search_data[0]  ; match_lines[3]  ; 11.829 ; 11.853 ; 12.312 ; 12.324 ;
; search_data[0]  ; match_lines[4]  ; 10.669 ; 10.725 ; 11.147 ; 11.195 ;
; search_data[0]  ; match_lines[5]  ; 9.772  ; 9.840  ; 10.212 ; 10.271 ;
; search_data[0]  ; match_lines[6]  ; 11.034 ; 10.991 ; 11.491 ; 11.439 ;
; search_data[0]  ; match_lines[7]  ; 11.321 ; 11.327 ; 11.787 ; 11.784 ;
; search_data[0]  ; match_lines[8]  ; 10.881 ; 10.872 ; 11.349 ; 11.331 ;
; search_data[0]  ; match_lines[9]  ; 11.067 ; 11.150 ; 11.540 ; 11.611 ;
; search_data[0]  ; match_lines[10] ; 12.175 ; 12.255 ; 12.643 ; 12.714 ;
; search_data[0]  ; match_lines[11] ; 11.275 ; 11.336 ; 11.736 ; 11.788 ;
; search_data[0]  ; match_lines[12] ; 10.425 ; 10.424 ; 10.881 ; 10.871 ;
; search_data[0]  ; match_lines[13] ; 10.567 ; 10.565 ; 11.034 ; 11.023 ;
; search_data[0]  ; match_lines[14] ; 10.324 ; 10.285 ; 10.792 ; 10.744 ;
; search_data[0]  ; match_lines[15] ; 9.989  ; 10.010 ; 10.453 ; 10.466 ;
; search_data[1]  ; match_lines[0]  ; 9.488  ; 9.527  ; 10.015 ; 9.902  ;
; search_data[1]  ; match_lines[1]  ; 8.913  ; 8.970  ; 9.421  ; 9.390  ;
; search_data[1]  ; match_lines[2]  ; 9.895  ; 9.869  ; 10.373 ; 10.335 ;
; search_data[1]  ; match_lines[3]  ; 11.199 ; 11.194 ; 11.684 ; 11.670 ;
; search_data[1]  ; match_lines[4]  ; 9.451  ; 9.452  ; 9.915  ; 9.907  ;
; search_data[1]  ; match_lines[5]  ; 8.613  ; 8.640  ; 9.065  ; 9.068  ;
; search_data[1]  ; match_lines[6]  ; 10.290 ; 10.235 ; 10.756 ; 10.692 ;
; search_data[1]  ; match_lines[7]  ; 11.030 ; 11.024 ; 11.515 ; 11.500 ;
; search_data[1]  ; match_lines[8]  ; 10.999 ; 11.016 ; 11.500 ; 11.505 ;
; search_data[1]  ; match_lines[9]  ; 9.923  ; 9.938  ; 10.458 ; 10.400 ;
; search_data[1]  ; match_lines[10] ; 10.799 ; 10.851 ; 11.243 ; 11.286 ;
; search_data[1]  ; match_lines[11] ; 9.410  ; 9.445  ; 9.854  ; 9.880  ;
; search_data[1]  ; match_lines[12] ; 10.094 ; 10.119 ; 10.581 ; 10.594 ;
; search_data[1]  ; match_lines[13] ; 10.186 ; 10.158 ; 10.656 ; 10.619 ;
; search_data[1]  ; match_lines[14] ; 10.444 ; 10.431 ; 10.945 ; 10.920 ;
; search_data[1]  ; match_lines[15] ; 9.917  ; 9.936  ; 10.374 ; 10.381 ;
; search_data[2]  ; match_lines[0]  ; 11.045 ; 11.006 ; 11.538 ; 11.471 ;
; search_data[2]  ; match_lines[1]  ; 9.183  ; 9.223  ; 9.624  ; 9.641  ;
; search_data[2]  ; match_lines[2]  ; 10.016 ; 10.023 ; 10.497 ; 10.410 ;
; search_data[2]  ; match_lines[3]  ; 11.177 ; 11.195 ; 11.625 ; 11.652 ;
; search_data[2]  ; match_lines[4]  ; 10.106 ; 10.017 ; 10.555 ; 10.480 ;
; search_data[2]  ; match_lines[5]  ; 8.655  ; 8.685  ; 9.097  ; 9.104  ;
; search_data[2]  ; match_lines[6]  ; 11.131 ; 11.085 ; 11.570 ; 11.538 ;
; search_data[2]  ; match_lines[7]  ; 10.686 ; 10.659 ; 11.135 ; 11.117 ;
; search_data[2]  ; match_lines[8]  ; 11.295 ; 11.293 ; 11.747 ; 11.759 ;
; search_data[2]  ; match_lines[9]  ; 9.190  ; 9.171  ; 9.634  ; 9.606  ;
; search_data[2]  ; match_lines[10] ; 12.633 ; 12.707 ; 13.103 ; 13.186 ;
; search_data[2]  ; match_lines[11] ; 10.082 ; 10.090 ; 10.511 ; 10.528 ;
; search_data[2]  ; match_lines[12] ; 10.795 ; 10.795 ; 11.260 ; 11.269 ;
; search_data[2]  ; match_lines[13] ; 10.209 ; 10.210 ; 10.648 ; 10.658 ;
; search_data[2]  ; match_lines[14] ; 10.420 ; 10.329 ; 10.877 ; 10.767 ;
; search_data[2]  ; match_lines[15] ; 9.610  ; 9.555  ; 10.033 ; 9.987  ;
; search_data[3]  ; match_lines[0]  ; 9.383  ; 9.339  ; 9.826  ; 9.773  ;
; search_data[3]  ; match_lines[1]  ; 10.215 ; 10.236 ; 10.663 ; 10.675 ;
; search_data[3]  ; match_lines[2]  ; 9.167  ; 9.185  ; 9.601  ; 9.614  ;
; search_data[3]  ; match_lines[3]  ; 10.215 ; 10.234 ; 10.642 ; 10.652 ;
; search_data[3]  ; match_lines[4]  ; 9.220  ; 9.207  ; 9.677  ; 9.659  ;
; search_data[3]  ; match_lines[5]  ; 9.390  ; 9.410  ; 9.854  ; 9.865  ;
; search_data[3]  ; match_lines[6]  ; 9.243  ; 9.228  ; 9.680  ; 9.656  ;
; search_data[3]  ; match_lines[7]  ; 9.703  ; 9.679  ; 10.123 ; 10.090 ;
; search_data[3]  ; match_lines[8]  ; 10.417 ; 10.446 ; 10.864 ; 10.884 ;
; search_data[3]  ; match_lines[9]  ; 10.002 ; 10.088 ; 10.505 ; 10.518 ;
; search_data[3]  ; match_lines[10] ; 11.198 ; 11.275 ; 11.645 ; 11.713 ;
; search_data[3]  ; match_lines[11] ; 9.314  ; 9.325  ; 9.766  ; 9.768  ;
; search_data[3]  ; match_lines[12] ; 9.376  ; 9.380  ; 9.819  ; 9.814  ;
; search_data[3]  ; match_lines[13] ; 10.128 ; 10.206 ; 10.640 ; 10.591 ;
; search_data[3]  ; match_lines[14] ; 9.448  ; 9.349  ; 9.894  ; 9.786  ;
; search_data[3]  ; match_lines[15] ; 9.569  ; 9.518  ; 10.008 ; 9.948  ;
; search_data[4]  ; match_lines[0]  ; 10.817 ; 10.736 ; 11.325 ; 11.216 ;
; search_data[4]  ; match_lines[1]  ; 10.100 ; 10.133 ; 10.633 ; 10.571 ;
; search_data[4]  ; match_lines[2]  ; 10.517 ; 10.471 ; 10.998 ; 10.966 ;
; search_data[4]  ; match_lines[3]  ; 11.306 ; 11.297 ; 11.780 ; 11.785 ;
; search_data[4]  ; match_lines[4]  ; 10.821 ; 10.810 ; 11.321 ; 11.319 ;
; search_data[4]  ; match_lines[5]  ; 9.996  ; 9.967  ; 10.472 ; 10.446 ;
; search_data[4]  ; match_lines[6]  ; 11.046 ; 10.984 ; 11.528 ; 11.480 ;
; search_data[4]  ; match_lines[7]  ; 11.228 ; 11.147 ; 11.720 ; 11.642 ;
; search_data[4]  ; match_lines[8]  ; 11.355 ; 11.336 ; 11.827 ; 11.811 ;
; search_data[4]  ; match_lines[9]  ; 9.492  ; 9.436  ; 9.963  ; 9.910  ;
; search_data[4]  ; match_lines[10] ; 12.073 ; 12.162 ; 12.551 ; 12.649 ;
; search_data[4]  ; match_lines[11] ; 10.790 ; 10.816 ; 11.253 ; 11.282 ;
; search_data[4]  ; match_lines[12] ; 10.384 ; 10.349 ; 10.875 ; 10.849 ;
; search_data[4]  ; match_lines[13] ; 10.307 ; 10.280 ; 10.795 ; 10.771 ;
; search_data[4]  ; match_lines[14] ; 10.608 ; 10.509 ; 11.079 ; 10.983 ;
; search_data[4]  ; match_lines[15] ; 11.104 ; 11.074 ; 11.595 ; 11.568 ;
; search_data[5]  ; match_lines[0]  ; 9.552  ; 9.468  ; 10.070 ; 9.977  ;
; search_data[5]  ; match_lines[1]  ; 9.062  ; 9.061  ; 9.563  ; 9.553  ;
; search_data[5]  ; match_lines[2]  ; 9.923  ; 9.981  ; 10.483 ; 10.414 ;
; search_data[5]  ; match_lines[3]  ; 11.804 ; 11.870 ; 12.338 ; 12.399 ;
; search_data[5]  ; match_lines[4]  ; 9.484  ; 9.477  ; 10.001 ; 9.985  ;
; search_data[5]  ; match_lines[5]  ; 9.301  ; 9.338  ; 9.824  ; 9.851  ;
; search_data[5]  ; match_lines[6]  ; 10.452 ; 10.494 ; 11.012 ; 10.927 ;
; search_data[5]  ; match_lines[7]  ; 10.921 ; 10.869 ; 11.434 ; 11.373 ;
; search_data[5]  ; match_lines[8]  ; 11.127 ; 11.136 ; 11.640 ; 11.640 ;
; search_data[5]  ; match_lines[9]  ; 9.729  ; 9.743  ; 10.254 ; 10.263 ;
; search_data[5]  ; match_lines[10] ; 11.342 ; 11.433 ; 11.862 ; 11.944 ;
; search_data[5]  ; match_lines[11] ; 10.693 ; 10.818 ; 11.253 ; 11.249 ;
; search_data[5]  ; match_lines[12] ; 10.138 ; 10.151 ; 10.672 ; 10.680 ;
; search_data[5]  ; match_lines[13] ; 9.726  ; 9.773  ; 10.241 ; 10.278 ;
; search_data[5]  ; match_lines[14] ; 10.595 ; 10.596 ; 11.161 ; 11.035 ;
; search_data[5]  ; match_lines[15] ; 10.799 ; 10.796 ; 11.313 ; 11.301 ;
; search_data[6]  ; match_lines[0]  ; 10.824 ; 10.759 ; 11.312 ; 11.261 ;
; search_data[6]  ; match_lines[1]  ; 8.981  ; 8.949  ; 9.409  ; 9.358  ;
; search_data[6]  ; match_lines[2]  ; 9.754  ; 9.720  ; 10.211 ; 10.186 ;
; search_data[6]  ; match_lines[3]  ; 11.473 ; 11.500 ; 11.938 ; 11.946 ;
; search_data[6]  ; match_lines[4]  ; 9.960  ; 9.924  ; 10.435 ; 10.408 ;
; search_data[6]  ; match_lines[5]  ; 8.659  ; 8.655  ; 9.084  ; 9.089  ;
; search_data[6]  ; match_lines[6]  ; 10.973 ; 10.925 ; 11.433 ; 11.399 ;
; search_data[6]  ; match_lines[7]  ; 10.719 ; 10.711 ; 11.177 ; 11.178 ;
; search_data[6]  ; match_lines[8]  ; 11.335 ; 11.356 ; 11.774 ; 11.776 ;
; search_data[6]  ; match_lines[9]  ; 10.047 ; 10.016 ; 10.504 ; 10.482 ;
; search_data[6]  ; match_lines[10] ; 11.516 ; 11.611 ; 11.948 ; 12.015 ;
; search_data[6]  ; match_lines[11] ; 10.091 ; 10.149 ; 10.532 ; 10.599 ;
; search_data[6]  ; match_lines[12] ; 10.398 ; 10.360 ; 10.828 ; 10.799 ;
; search_data[6]  ; match_lines[13] ; 9.689  ; 9.679  ; 10.108 ; 10.107 ;
; search_data[6]  ; match_lines[14] ; 10.590 ; 10.533 ; 11.029 ; 10.953 ;
; search_data[6]  ; match_lines[15] ; 9.973  ; 9.945  ; 10.391 ; 10.372 ;
; search_data[7]  ; match_lines[0]  ; 9.792  ; 9.757  ; 10.297 ; 10.253 ;
; search_data[7]  ; match_lines[1]  ; 9.312  ; 9.330  ; 9.804  ; 9.817  ;
; search_data[7]  ; match_lines[2]  ; 9.450  ; 9.419  ; 9.928  ; 9.888  ;
; search_data[7]  ; match_lines[3]  ; 10.921 ; 10.955 ; 11.396 ; 11.421 ;
; search_data[7]  ; match_lines[4]  ; 9.631  ; 9.645  ; 10.125 ; 10.129 ;
; search_data[7]  ; match_lines[5]  ; 8.874  ; 8.871  ; 9.350  ; 9.338  ;
; search_data[7]  ; match_lines[6]  ; 10.440 ; 10.414 ; 10.918 ; 10.883 ;
; search_data[7]  ; match_lines[7]  ; 10.202 ; 10.195 ; 10.687 ; 10.671 ;
; search_data[7]  ; match_lines[8]  ; 10.854 ; 10.882 ; 11.349 ; 11.368 ;
; search_data[7]  ; match_lines[9]  ; 9.568  ; 9.614  ; 10.099 ; 10.016 ;
; search_data[7]  ; match_lines[10] ; 11.667 ; 11.806 ; 12.184 ; 12.313 ;
; search_data[7]  ; match_lines[11] ; 10.558 ; 10.618 ; 11.035 ; 11.086 ;
; search_data[7]  ; match_lines[12] ; 9.626  ; 9.582  ; 10.128 ; 10.075 ;
; search_data[7]  ; match_lines[13] ; 9.449  ; 9.442  ; 9.928  ; 9.912  ;
; search_data[7]  ; match_lines[14] ; 10.111 ; 10.059 ; 10.606 ; 10.545 ;
; search_data[7]  ; match_lines[15] ; 9.716  ; 9.689  ; 10.190 ; 10.154 ;
; search_data[8]  ; match_lines[0]  ; 9.724  ; 9.709  ; 10.193 ; 10.187 ;
; search_data[8]  ; match_lines[1]  ; 10.733 ; 10.665 ; 11.202 ; 11.148 ;
; search_data[8]  ; match_lines[2]  ; 9.068  ; 9.058  ; 9.523  ; 9.522  ;
; search_data[8]  ; match_lines[3]  ; 10.561 ; 10.524 ; 11.029 ; 11.001 ;
; search_data[8]  ; match_lines[4]  ; 9.312  ; 9.314  ; 9.778  ; 9.789  ;
; search_data[8]  ; match_lines[5]  ; 10.328 ; 10.306 ; 10.790 ; 10.777 ;
; search_data[8]  ; match_lines[6]  ; 10.655 ; 10.546 ; 11.132 ; 11.037 ;
; search_data[8]  ; match_lines[7]  ; 9.438  ; 9.369  ; 9.919  ; 9.822  ;
; search_data[8]  ; match_lines[8]  ; 10.292 ; 10.247 ; 10.760 ; 10.724 ;
; search_data[8]  ; match_lines[9]  ; 10.505 ; 10.470 ; 10.973 ; 10.947 ;
; search_data[8]  ; match_lines[10] ; 10.872 ; 10.906 ; 11.333 ; 11.376 ;
; search_data[8]  ; match_lines[11] ; 10.754 ; 10.785 ; 11.235 ; 11.247 ;
; search_data[8]  ; match_lines[12] ; 9.945  ; 9.891  ; 10.414 ; 10.369 ;
; search_data[8]  ; match_lines[13] ; 9.658  ; 9.589  ; 10.142 ; 10.087 ;
; search_data[8]  ; match_lines[14] ; 10.310 ; 10.247 ; 10.783 ; 10.729 ;
; search_data[8]  ; match_lines[15] ; 9.921  ; 9.900  ; 10.384 ; 10.344 ;
; search_data[9]  ; match_lines[0]  ; 9.362  ; 9.313  ; 9.838  ; 9.798  ;
; search_data[9]  ; match_lines[1]  ; 10.280 ; 10.316 ; 10.803 ; 10.712 ;
; search_data[9]  ; match_lines[2]  ; 9.081  ; 9.069  ; 9.533  ; 9.530  ;
; search_data[9]  ; match_lines[3]  ; 10.571 ; 10.553 ; 11.047 ; 11.038 ;
; search_data[9]  ; match_lines[4]  ; 9.416  ; 9.411  ; 9.884  ; 9.888  ;
; search_data[9]  ; match_lines[5]  ; 9.922  ; 9.976  ; 10.445 ; 10.372 ;
; search_data[9]  ; match_lines[6]  ; 10.669 ; 10.575 ; 11.153 ; 11.073 ;
; search_data[9]  ; match_lines[7]  ; 9.605  ; 9.539  ; 10.101 ; 10.016 ;
; search_data[9]  ; match_lines[8]  ; 10.554 ; 10.530 ; 11.035 ; 11.020 ;
; search_data[9]  ; match_lines[9]  ; 9.926  ; 9.893  ; 10.416 ; 10.374 ;
; search_data[9]  ; match_lines[10] ; 10.674 ; 10.712 ; 11.139 ; 11.168 ;
; search_data[9]  ; match_lines[11] ; 10.756 ; 10.806 ; 11.244 ; 11.275 ;
; search_data[9]  ; match_lines[12] ; 9.940  ; 9.881  ; 10.417 ; 10.367 ;
; search_data[9]  ; match_lines[13] ; 9.874  ; 9.847  ; 10.353 ; 10.335 ;
; search_data[9]  ; match_lines[14] ; 9.841  ; 9.776  ; 10.302 ; 10.246 ;
; search_data[9]  ; match_lines[15] ; 10.180 ; 10.180 ; 10.660 ; 10.669 ;
; search_data[10] ; match_lines[0]  ; 9.146  ; 9.111  ; 9.597  ; 9.571  ;
; search_data[10] ; match_lines[1]  ; 9.835  ; 9.845  ; 10.273 ; 10.292 ;
; search_data[10] ; match_lines[2]  ; 9.421  ; 9.401  ; 9.885  ; 9.846  ;
; search_data[10] ; match_lines[3]  ; 11.059 ; 11.008 ; 11.512 ; 11.475 ;
; search_data[10] ; match_lines[4]  ; 9.291  ; 9.262  ; 9.739  ; 9.724  ;
; search_data[10] ; match_lines[5]  ; 9.674  ; 9.676  ; 10.111 ; 10.122 ;
; search_data[10] ; match_lines[6]  ; 10.535 ; 10.488 ; 10.981 ; 10.943 ;
; search_data[10] ; match_lines[7]  ; 9.414  ; 9.356  ; 9.852  ; 9.775  ;
; search_data[10] ; match_lines[8]  ; 10.027 ; 9.994  ; 10.463 ; 10.439 ;
; search_data[10] ; match_lines[9]  ; 9.787  ; 9.714  ; 10.218 ; 10.154 ;
; search_data[10] ; match_lines[10] ; 10.871 ; 10.878 ; 11.291 ; 11.342 ;
; search_data[10] ; match_lines[11] ; 10.463 ; 10.524 ; 10.909 ; 10.979 ;
; search_data[10] ; match_lines[12] ; 9.518  ; 9.457  ; 9.969  ; 9.917  ;
; search_data[10] ; match_lines[13] ; 9.833  ; 9.798  ; 10.271 ; 10.217 ;
; search_data[10] ; match_lines[14] ; 9.704  ; 9.647  ; 10.140 ; 10.092 ;
; search_data[10] ; match_lines[15] ; 9.736  ; 9.701  ; 10.181 ; 10.160 ;
; search_data[11] ; match_lines[0]  ; 9.715  ; 9.698  ; 10.225 ; 10.217 ;
; search_data[11] ; match_lines[1]  ; 10.222 ; 10.308 ; 10.771 ; 10.728 ;
; search_data[11] ; match_lines[2]  ; 9.361  ; 9.303  ; 9.864  ; 9.820  ;
; search_data[11] ; match_lines[3]  ; 10.675 ; 10.624 ; 11.176 ; 11.128 ;
; search_data[11] ; match_lines[4]  ; 9.307  ; 9.289  ; 9.800  ; 9.791  ;
; search_data[11] ; match_lines[5]  ; 9.564  ; 9.568  ; 10.055 ; 10.050 ;
; search_data[11] ; match_lines[6]  ; 10.483 ; 10.421 ; 10.990 ; 10.900 ;
; search_data[11] ; match_lines[7]  ; 10.207 ; 10.139 ; 10.708 ; 10.643 ;
; search_data[11] ; match_lines[8]  ; 10.990 ; 10.934 ; 11.494 ; 11.452 ;
; search_data[11] ; match_lines[9]  ; 9.688  ; 9.692  ; 10.232 ; 10.107 ;
; search_data[11] ; match_lines[10] ; 10.579 ; 10.669 ; 11.100 ; 11.180 ;
; search_data[11] ; match_lines[11] ; 10.802 ; 10.828 ; 11.298 ; 11.327 ;
; search_data[11] ; match_lines[12] ; 9.679  ; 9.604  ; 10.188 ; 10.122 ;
; search_data[11] ; match_lines[13] ; 9.887  ; 9.844  ; 10.389 ; 10.349 ;
; search_data[11] ; match_lines[14] ; 9.711  ; 9.634  ; 10.204 ; 10.136 ;
; search_data[11] ; match_lines[15] ; 10.209 ; 10.202 ; 10.728 ; 10.702 ;
; search_data[12] ; match_lines[0]  ; 9.547  ; 9.484  ; 9.998  ; 9.944  ;
; search_data[12] ; match_lines[1]  ; 11.153 ; 11.137 ; 11.604 ; 11.597 ;
; search_data[12] ; match_lines[2]  ; 9.790  ; 9.757  ; 10.221 ; 10.197 ;
; search_data[12] ; match_lines[3]  ; 10.607 ; 10.621 ; 11.056 ; 11.079 ;
; search_data[12] ; match_lines[4]  ; 9.944  ; 9.910  ; 10.392 ; 10.367 ;
; search_data[12] ; match_lines[5]  ; 10.982 ; 11.011 ; 11.420 ; 11.458 ;
; search_data[12] ; match_lines[6]  ; 10.413 ; 10.387 ; 10.849 ; 10.832 ;
; search_data[12] ; match_lines[7]  ; 10.167 ; 10.130 ; 10.628 ; 10.600 ;
; search_data[12] ; match_lines[8]  ; 10.226 ; 10.245 ; 10.652 ; 10.680 ;
; search_data[12] ; match_lines[9]  ; 10.737 ; 10.691 ; 11.178 ; 11.141 ;
; search_data[12] ; match_lines[10] ; 11.232 ; 11.246 ; 11.679 ; 11.702 ;
; search_data[12] ; match_lines[11] ; 10.855 ; 10.888 ; 11.333 ; 11.338 ;
; search_data[12] ; match_lines[12] ; 9.941  ; 9.861  ; 10.389 ; 10.318 ;
; search_data[12] ; match_lines[13] ; 10.122 ; 10.031 ; 10.584 ; 10.502 ;
; search_data[12] ; match_lines[14] ; 10.123 ; 10.055 ; 10.577 ; 10.518 ;
; search_data[12] ; match_lines[15] ; 10.832 ; 10.841 ; 11.294 ; 11.312 ;
; search_data[13] ; match_lines[0]  ; 8.911  ; 8.852  ; 9.385  ; 9.317  ;
; search_data[13] ; match_lines[1]  ; 9.790  ; 9.776  ; 10.268 ; 10.245 ;
; search_data[13] ; match_lines[2]  ; 8.825  ; 8.794  ; 9.317  ; 9.277  ;
; search_data[13] ; match_lines[3]  ; 9.978  ; 9.996  ; 10.452 ; 10.461 ;
; search_data[13] ; match_lines[4]  ; 8.898  ; 8.916  ; 9.383  ; 9.391  ;
; search_data[13] ; match_lines[5]  ; 10.025 ; 10.055 ; 10.511 ; 10.532 ;
; search_data[13] ; match_lines[6]  ; 9.677  ; 9.656  ; 10.168 ; 10.138 ;
; search_data[13] ; match_lines[7]  ; 9.222  ; 9.188  ; 9.690  ; 9.647  ;
; search_data[13] ; match_lines[8]  ; 9.955  ; 9.977  ; 10.434 ; 10.447 ;
; search_data[13] ; match_lines[9]  ; 9.609  ; 9.565  ; 10.083 ; 10.030 ;
; search_data[13] ; match_lines[10] ; 10.807 ; 10.794 ; 11.273 ; 11.263 ;
; search_data[13] ; match_lines[11] ; 9.143  ; 9.172  ; 9.609  ; 9.629  ;
; search_data[13] ; match_lines[12] ; 9.111  ; 9.034  ; 9.587  ; 9.501  ;
; search_data[13] ; match_lines[13] ; 9.725  ; 9.683  ; 10.219 ; 10.167 ;
; search_data[13] ; match_lines[14] ; 9.741  ; 9.748  ; 10.272 ; 10.150 ;
; search_data[13] ; match_lines[15] ; 9.768  ; 9.767  ; 10.236 ; 10.226 ;
; search_data[14] ; match_lines[0]  ; 9.232  ; 9.186  ; 9.672  ; 9.635  ;
; search_data[14] ; match_lines[1]  ; 10.877 ; 10.831 ; 11.364 ; 11.332 ;
; search_data[14] ; match_lines[2]  ; 9.907  ; 9.918  ; 10.368 ; 10.388 ;
; search_data[14] ; match_lines[3]  ; 10.194 ; 10.174 ; 10.656 ; 10.645 ;
; search_data[14] ; match_lines[4]  ; 9.563  ; 9.566  ; 10.023 ; 10.035 ;
; search_data[14] ; match_lines[5]  ; 11.123 ; 11.149 ; 11.607 ; 11.636 ;
; search_data[14] ; match_lines[6]  ; 9.816  ; 9.801  ; 10.257 ; 10.251 ;
; search_data[14] ; match_lines[7]  ; 10.144 ; 10.136 ; 10.640 ; 10.604 ;
; search_data[14] ; match_lines[8]  ; 10.162 ; 10.160 ; 10.622 ; 10.629 ;
; search_data[14] ; match_lines[9]  ; 10.299 ; 10.273 ; 10.774 ; 10.729 ;
; search_data[14] ; match_lines[10] ; 11.006 ; 10.982 ; 11.490 ; 11.469 ;
; search_data[14] ; match_lines[11] ; 10.143 ; 10.191 ; 10.634 ; 10.663 ;
; search_data[14] ; match_lines[12] ; 10.063 ; 10.029 ; 10.553 ; 10.491 ;
; search_data[14] ; match_lines[13] ; 9.817  ; 9.749  ; 10.269 ; 10.210 ;
; search_data[14] ; match_lines[14] ; 10.353 ; 10.298 ; 10.827 ; 10.781 ;
; search_data[14] ; match_lines[15] ; 10.063 ; 10.041 ; 10.515 ; 10.502 ;
; search_data[15] ; match_lines[0]  ; 9.333  ; 9.289  ; 9.813  ; 9.760  ;
; search_data[15] ; match_lines[1]  ; 10.228 ; 10.215 ; 10.686 ; 10.664 ;
; search_data[15] ; match_lines[2]  ; 9.329  ; 9.322  ; 9.800  ; 9.784  ;
; search_data[15] ; match_lines[3]  ; 10.448 ; 10.479 ; 10.942 ; 10.963 ;
; search_data[15] ; match_lines[4]  ; 8.992  ; 9.071  ; 9.495  ; 9.447  ;
; search_data[15] ; match_lines[5]  ; 10.636 ; 10.730 ; 11.146 ; 11.111 ;
; search_data[15] ; match_lines[6]  ; 9.861  ; 9.850  ; 10.324 ; 10.304 ;
; search_data[15] ; match_lines[7]  ; 9.844  ; 9.833  ; 10.306 ; 10.286 ;
; search_data[15] ; match_lines[8]  ; 10.969 ; 11.018 ; 11.469 ; 11.508 ;
; search_data[15] ; match_lines[9]  ; 10.199 ; 10.252 ; 10.712 ; 10.638 ;
; search_data[15] ; match_lines[10] ; 11.543 ; 11.559 ; 12.027 ; 12.024 ;
; search_data[15] ; match_lines[11] ; 9.521  ; 9.575  ; 9.979  ; 10.024 ;
; search_data[15] ; match_lines[12] ; 9.830  ; 9.866  ; 10.364 ; 10.271 ;
; search_data[15] ; match_lines[13] ; 9.805  ; 9.787  ; 10.278 ; 10.250 ;
; search_data[15] ; match_lines[14] ; 9.856  ; 9.804  ; 10.330 ; 10.269 ;
; search_data[15] ; match_lines[15] ; 9.294  ; 9.274  ; 9.753  ; 9.724  ;
+-----------------+-----------------+--------+--------+--------+--------+


+-------------------------------------------------------------------+
; Minimum Progagation Delay                                         ;
+-----------------+-----------------+-------+-------+-------+-------+
; Input Port      ; Output Port     ; RR    ; RF    ; FR    ; FF    ;
+-----------------+-----------------+-------+-------+-------+-------+
; search_data[0]  ; match_lines[0]  ; 5.673 ; 5.839 ; 6.288 ; 6.447 ;
; search_data[0]  ; match_lines[1]  ; 6.028 ; 6.244 ; 6.658 ; 6.867 ;
; search_data[0]  ; match_lines[2]  ; 5.454 ; 5.581 ; 6.088 ; 6.208 ;
; search_data[0]  ; match_lines[3]  ; 6.457 ; 6.719 ; 7.097 ; 7.355 ;
; search_data[0]  ; match_lines[4]  ; 5.847 ; 6.024 ; 6.490 ; 6.668 ;
; search_data[0]  ; match_lines[5]  ; 5.370 ; 5.560 ; 5.938 ; 6.121 ;
; search_data[0]  ; match_lines[6]  ; 6.035 ; 6.232 ; 6.669 ; 6.859 ;
; search_data[0]  ; match_lines[7]  ; 6.188 ; 6.427 ; 6.821 ; 7.053 ;
; search_data[0]  ; match_lines[8]  ; 6.152 ; 6.312 ; 6.775 ; 6.928 ;
; search_data[0]  ; match_lines[9]  ; 6.001 ; 6.178 ; 6.632 ; 6.805 ;
; search_data[0]  ; match_lines[10] ; 6.847 ; 7.085 ; 7.486 ; 7.717 ;
; search_data[0]  ; match_lines[11] ; 6.208 ; 6.430 ; 6.864 ; 7.079 ;
; search_data[0]  ; match_lines[12] ; 5.742 ; 5.928 ; 6.370 ; 6.549 ;
; search_data[0]  ; match_lines[13] ; 5.799 ; 5.991 ; 6.429 ; 6.614 ;
; search_data[0]  ; match_lines[14] ; 5.710 ; 5.897 ; 6.333 ; 6.513 ;
; search_data[0]  ; match_lines[15] ; 5.515 ; 5.721 ; 6.101 ; 6.308 ;
; search_data[1]  ; match_lines[0]  ; 5.240 ; 5.434 ; 5.864 ; 5.974 ;
; search_data[1]  ; match_lines[1]  ; 4.941 ; 5.121 ; 5.542 ; 5.673 ;
; search_data[1]  ; match_lines[2]  ; 5.444 ; 5.565 ; 6.099 ; 6.216 ;
; search_data[1]  ; match_lines[3]  ; 6.155 ; 6.374 ; 6.815 ; 7.027 ;
; search_data[1]  ; match_lines[4]  ; 5.205 ; 5.355 ; 5.810 ; 5.953 ;
; search_data[1]  ; match_lines[5]  ; 4.797 ; 4.937 ; 5.363 ; 5.492 ;
; search_data[1]  ; match_lines[6]  ; 5.656 ; 5.826 ; 6.287 ; 6.450 ;
; search_data[1]  ; match_lines[7]  ; 6.066 ; 6.278 ; 6.726 ; 6.931 ;
; search_data[1]  ; match_lines[8]  ; 6.200 ; 6.355 ; 6.854 ; 7.005 ;
; search_data[1]  ; match_lines[9]  ; 5.490 ; 5.627 ; 6.186 ; 6.281 ;
; search_data[1]  ; match_lines[10] ; 6.121 ; 6.336 ; 6.694 ; 6.902 ;
; search_data[1]  ; match_lines[11] ; 5.225 ; 5.428 ; 5.789 ; 5.985 ;
; search_data[1]  ; match_lines[12] ; 5.548 ; 5.729 ; 6.180 ; 6.357 ;
; search_data[1]  ; match_lines[13] ; 5.610 ; 5.783 ; 6.244 ; 6.410 ;
; search_data[1]  ; match_lines[14] ; 5.760 ; 5.942 ; 6.414 ; 6.592 ;
; search_data[1]  ; match_lines[15] ; 5.458 ; 5.651 ; 6.060 ; 6.249 ;
; search_data[2]  ; match_lines[0]  ; 6.039 ; 6.169 ; 6.683 ; 6.823 ;
; search_data[2]  ; match_lines[1]  ; 5.057 ; 5.235 ; 5.602 ; 5.769 ;
; search_data[2]  ; match_lines[2]  ; 5.545 ; 5.680 ; 6.160 ; 6.266 ;
; search_data[2]  ; match_lines[3]  ; 6.143 ; 6.340 ; 6.738 ; 6.942 ;
; search_data[2]  ; match_lines[4]  ; 5.559 ; 5.664 ; 6.181 ; 6.283 ;
; search_data[2]  ; match_lines[5]  ; 4.827 ; 4.980 ; 5.372 ; 5.514 ;
; search_data[2]  ; match_lines[6]  ; 6.089 ; 6.259 ; 6.701 ; 6.868 ;
; search_data[2]  ; match_lines[7]  ; 5.876 ; 6.041 ; 6.477 ; 6.649 ;
; search_data[2]  ; match_lines[8]  ; 6.306 ; 6.469 ; 6.895 ; 7.055 ;
; search_data[2]  ; match_lines[9]  ; 5.073 ; 5.204 ; 5.646 ; 5.770 ;
; search_data[2]  ; match_lines[10] ; 7.102 ; 7.304 ; 7.759 ; 7.968 ;
; search_data[2]  ; match_lines[11] ; 5.573 ; 5.735 ; 6.133 ; 6.302 ;
; search_data[2]  ; match_lines[12] ; 5.909 ; 6.063 ; 6.548 ; 6.709 ;
; search_data[2]  ; match_lines[13] ; 5.605 ; 5.771 ; 6.176 ; 6.349 ;
; search_data[2]  ; match_lines[14] ; 5.699 ; 5.818 ; 6.275 ; 6.405 ;
; search_data[2]  ; match_lines[15] ; 5.287 ; 5.427 ; 5.834 ; 5.981 ;
; search_data[3]  ; match_lines[0]  ; 5.188 ; 5.348 ; 5.761 ; 5.914 ;
; search_data[3]  ; match_lines[1]  ; 5.590 ; 5.787 ; 6.182 ; 6.372 ;
; search_data[3]  ; match_lines[2]  ; 5.073 ; 5.217 ; 5.645 ; 5.791 ;
; search_data[3]  ; match_lines[3]  ; 5.625 ; 5.853 ; 6.191 ; 6.412 ;
; search_data[3]  ; match_lines[4]  ; 5.094 ; 5.226 ; 5.677 ; 5.811 ;
; search_data[3]  ; match_lines[5]  ; 5.213 ; 5.379 ; 5.806 ; 5.965 ;
; search_data[3]  ; match_lines[6]  ; 5.114 ; 5.305 ; 5.654 ; 5.838 ;
; search_data[3]  ; match_lines[7]  ; 5.354 ; 5.541 ; 5.915 ; 6.095 ;
; search_data[3]  ; match_lines[8]  ; 5.889 ; 6.073 ; 6.467 ; 6.644 ;
; search_data[3]  ; match_lines[9]  ; 5.456 ; 5.631 ; 6.069 ; 6.202 ;
; search_data[3]  ; match_lines[10] ; 6.361 ; 6.585 ; 6.951 ; 7.168 ;
; search_data[3]  ; match_lines[11] ; 5.187 ; 5.380 ; 5.751 ; 5.937 ;
; search_data[3]  ; match_lines[12] ; 5.177 ; 5.353 ; 5.750 ; 5.919 ;
; search_data[3]  ; match_lines[13] ; 5.595 ; 5.815 ; 6.230 ; 6.382 ;
; search_data[3]  ; match_lines[14] ; 5.225 ; 5.382 ; 5.803 ; 5.953 ;
; search_data[3]  ; match_lines[15] ; 5.299 ; 5.461 ; 5.884 ; 6.039 ;
; search_data[4]  ; match_lines[0]  ; 5.919 ; 6.037 ; 6.569 ; 6.697 ;
; search_data[4]  ; match_lines[1]  ; 5.571 ; 5.717 ; 6.221 ; 6.334 ;
; search_data[4]  ; match_lines[2]  ; 5.745 ; 5.875 ; 6.386 ; 6.513 ;
; search_data[4]  ; match_lines[3]  ; 6.210 ; 6.440 ; 6.821 ; 7.048 ;
; search_data[4]  ; match_lines[4]  ; 5.955 ; 6.081 ; 6.620 ; 6.753 ;
; search_data[4]  ; match_lines[5]  ; 5.542 ; 5.661 ; 6.176 ; 6.290 ;
; search_data[4]  ; match_lines[6]  ; 6.033 ; 6.190 ; 6.675 ; 6.829 ;
; search_data[4]  ; match_lines[7]  ; 6.143 ; 6.333 ; 6.774 ; 6.959 ;
; search_data[4]  ; match_lines[8]  ; 6.353 ; 6.503 ; 6.962 ; 7.107 ;
; search_data[4]  ; match_lines[9]  ; 5.258 ; 5.369 ; 5.871 ; 5.977 ;
; search_data[4]  ; match_lines[10] ; 6.813 ; 7.019 ; 7.437 ; 7.650 ;
; search_data[4]  ; match_lines[11] ; 5.936 ; 6.124 ; 6.545 ; 6.728 ;
; search_data[4]  ; match_lines[12] ; 5.743 ; 5.883 ; 6.389 ; 6.536 ;
; search_data[4]  ; match_lines[13] ; 5.691 ; 5.841 ; 6.334 ; 6.479 ;
; search_data[4]  ; match_lines[14] ; 5.805 ; 5.956 ; 6.415 ; 6.561 ;
; search_data[4]  ; match_lines[15] ; 6.077 ; 6.278 ; 6.707 ; 6.903 ;
; search_data[5]  ; match_lines[0]  ; 5.309 ; 5.448 ; 5.947 ; 6.079 ;
; search_data[5]  ; match_lines[1]  ; 5.069 ; 5.214 ; 5.685 ; 5.823 ;
; search_data[5]  ; match_lines[2]  ; 5.481 ; 5.663 ; 6.164 ; 6.278 ;
; search_data[5]  ; match_lines[3]  ; 6.511 ; 6.768 ; 7.194 ; 7.453 ;
; search_data[5]  ; match_lines[4]  ; 5.273 ; 5.421 ; 5.901 ; 6.042 ;
; search_data[5]  ; match_lines[5]  ; 5.201 ; 5.353 ; 5.831 ; 5.979 ;
; search_data[5]  ; match_lines[6]  ; 5.770 ; 5.979 ; 6.453 ; 6.594 ;
; search_data[5]  ; match_lines[7]  ; 6.030 ; 6.240 ; 6.693 ; 6.896 ;
; search_data[5]  ; match_lines[8]  ; 6.289 ; 6.458 ; 6.948 ; 7.110 ;
; search_data[5]  ; match_lines[9]  ; 5.430 ; 5.566 ; 6.087 ; 6.225 ;
; search_data[5]  ; match_lines[10] ; 6.464 ; 6.701 ; 7.095 ; 7.325 ;
; search_data[5]  ; match_lines[11] ; 5.947 ; 6.194 ; 6.624 ; 6.804 ;
; search_data[5]  ; match_lines[12] ; 5.615 ; 5.783 ; 6.272 ; 6.442 ;
; search_data[5]  ; match_lines[13] ; 5.417 ; 5.593 ; 6.045 ; 6.217 ;
; search_data[5]  ; match_lines[14] ; 5.854 ; 6.055 ; 6.550 ; 6.683 ;
; search_data[5]  ; match_lines[15] ; 5.967 ; 6.186 ; 6.630 ; 6.842 ;
; search_data[6]  ; match_lines[0]  ; 5.920 ; 6.053 ; 6.555 ; 6.685 ;
; search_data[6]  ; match_lines[1]  ; 4.970 ; 5.080 ; 5.506 ; 5.627 ;
; search_data[6]  ; match_lines[2]  ; 5.359 ; 5.459 ; 5.955 ; 6.062 ;
; search_data[6]  ; match_lines[3]  ; 6.250 ; 6.467 ; 6.843 ; 7.071 ;
; search_data[6]  ; match_lines[4]  ; 5.496 ; 5.609 ; 6.114 ; 6.234 ;
; search_data[6]  ; match_lines[5]  ; 4.818 ; 4.912 ; 5.348 ; 5.449 ;
; search_data[6]  ; match_lines[6]  ; 6.009 ; 6.173 ; 6.596 ; 6.757 ;
; search_data[6]  ; match_lines[7]  ; 5.889 ; 6.060 ; 6.486 ; 6.664 ;
; search_data[6]  ; match_lines[8]  ; 6.333 ; 6.479 ; 6.913 ; 7.070 ;
; search_data[6]  ; match_lines[9]  ; 5.548 ; 5.642 ; 6.168 ; 6.269 ;
; search_data[6]  ; match_lines[10] ; 6.491 ; 6.712 ; 7.048 ; 7.279 ;
; search_data[6]  ; match_lines[11] ; 5.589 ; 5.777 ; 6.143 ; 6.338 ;
; search_data[6]  ; match_lines[12] ; 5.701 ; 5.813 ; 6.302 ; 6.421 ;
; search_data[6]  ; match_lines[13] ; 5.331 ; 5.461 ; 5.891 ; 6.028 ;
; search_data[6]  ; match_lines[14] ; 5.799 ; 5.937 ; 6.379 ; 6.528 ;
; search_data[6]  ; match_lines[15] ; 5.484 ; 5.623 ; 6.044 ; 6.190 ;
; search_data[7]  ; match_lines[0]  ; 5.422 ; 5.585 ; 6.048 ; 6.204 ;
; search_data[7]  ; match_lines[1]  ; 5.172 ; 5.311 ; 5.795 ; 5.936 ;
; search_data[7]  ; match_lines[2]  ; 5.232 ; 5.354 ; 5.854 ; 5.969 ;
; search_data[7]  ; match_lines[3]  ; 6.006 ; 6.247 ; 6.631 ; 6.865 ;
; search_data[7]  ; match_lines[4]  ; 5.312 ; 5.455 ; 5.932 ; 6.071 ;
; search_data[7]  ; match_lines[5]  ; 4.956 ; 5.081 ; 5.559 ; 5.677 ;
; search_data[7]  ; match_lines[6]  ; 5.746 ; 5.943 ; 6.368 ; 6.558 ;
; search_data[7]  ; match_lines[7]  ; 5.637 ; 5.839 ; 6.252 ; 6.447 ;
; search_data[7]  ; match_lines[8]  ; 6.142 ; 6.311 ; 6.777 ; 6.939 ;
; search_data[7]  ; match_lines[9]  ; 5.322 ; 5.479 ; 5.981 ; 6.071 ;
; search_data[7]  ; match_lines[10] ; 6.616 ; 6.865 ; 7.252 ; 7.497 ;
; search_data[7]  ; match_lines[11] ; 5.847 ; 6.066 ; 6.489 ; 6.701 ;
; search_data[7]  ; match_lines[12] ; 5.320 ; 5.471 ; 5.951 ; 6.095 ;
; search_data[7]  ; match_lines[13] ; 5.241 ; 5.394 ; 5.847 ; 5.993 ;
; search_data[7]  ; match_lines[14] ; 5.600 ; 5.771 ; 6.235 ; 6.399 ;
; search_data[7]  ; match_lines[15] ; 5.377 ; 5.547 ; 5.979 ; 6.142 ;
; search_data[8]  ; match_lines[0]  ; 5.386 ; 5.472 ; 6.009 ; 6.102 ;
; search_data[8]  ; match_lines[1]  ; 5.865 ; 6.012 ; 6.486 ; 6.630 ;
; search_data[8]  ; match_lines[2]  ; 5.052 ; 5.129 ; 5.643 ; 5.727 ;
; search_data[8]  ; match_lines[3]  ; 5.817 ; 5.993 ; 6.441 ; 6.624 ;
; search_data[8]  ; match_lines[4]  ; 5.162 ; 5.252 ; 5.767 ; 5.864 ;
; search_data[8]  ; match_lines[5]  ; 5.682 ; 5.820 ; 6.294 ; 6.439 ;
; search_data[8]  ; match_lines[6]  ; 5.838 ; 5.968 ; 6.489 ; 6.616 ;
; search_data[8]  ; match_lines[7]  ; 5.219 ; 5.316 ; 5.822 ; 5.929 ;
; search_data[8]  ; match_lines[8]  ; 5.843 ; 5.959 ; 6.449 ; 6.572 ;
; search_data[8]  ; match_lines[9]  ; 5.765 ; 5.910 ; 6.371 ; 6.523 ;
; search_data[8]  ; match_lines[10] ; 6.152 ; 6.288 ; 6.758 ; 6.901 ;
; search_data[8]  ; match_lines[11] ; 5.930 ; 6.109 ; 6.568 ; 6.758 ;
; search_data[8]  ; match_lines[12] ; 5.489 ; 5.597 ; 6.112 ; 6.227 ;
; search_data[8]  ; match_lines[13] ; 5.335 ; 5.450 ; 5.955 ; 6.067 ;
; search_data[8]  ; match_lines[14] ; 5.709 ; 5.837 ; 6.335 ; 6.470 ;
; search_data[8]  ; match_lines[15] ; 5.464 ; 5.609 ; 6.061 ; 6.217 ;
; search_data[9]  ; match_lines[0]  ; 5.195 ; 5.289 ; 5.825 ; 5.926 ;
; search_data[9]  ; match_lines[1]  ; 5.651 ; 5.850 ; 6.319 ; 6.450 ;
; search_data[9]  ; match_lines[2]  ; 5.051 ; 5.123 ; 5.643 ; 5.722 ;
; search_data[9]  ; match_lines[3]  ; 5.853 ; 6.029 ; 6.460 ; 6.643 ;
; search_data[9]  ; match_lines[4]  ; 5.210 ; 5.307 ; 5.827 ; 5.931 ;
; search_data[9]  ; match_lines[5]  ; 5.513 ; 5.704 ; 6.162 ; 6.285 ;
; search_data[9]  ; match_lines[6]  ; 5.877 ; 6.001 ; 6.507 ; 6.628 ;
; search_data[9]  ; match_lines[7]  ; 5.330 ; 5.432 ; 5.938 ; 6.051 ;
; search_data[9]  ; match_lines[8]  ; 5.999 ; 6.116 ; 6.610 ; 6.734 ;
; search_data[9]  ; match_lines[9]  ; 5.492 ; 5.668 ; 6.110 ; 6.279 ;
; search_data[9]  ; match_lines[10] ; 6.093 ; 6.252 ; 6.720 ; 6.872 ;
; search_data[9]  ; match_lines[11] ; 5.958 ; 6.137 ; 6.575 ; 6.765 ;
; search_data[9]  ; match_lines[12] ; 5.504 ; 5.607 ; 6.127 ; 6.237 ;
; search_data[9]  ; match_lines[13] ; 5.474 ; 5.582 ; 6.100 ; 6.215 ;
; search_data[9]  ; match_lines[14] ; 5.443 ; 5.583 ; 6.044 ; 6.191 ;
; search_data[9]  ; match_lines[15] ; 5.637 ; 5.783 ; 6.259 ; 6.412 ;
; search_data[10] ; match_lines[0]  ; 5.075 ; 5.177 ; 5.671 ; 5.780 ;
; search_data[10] ; match_lines[1]  ; 5.403 ; 5.565 ; 5.956 ; 6.125 ;
; search_data[10] ; match_lines[2]  ; 5.198 ; 5.281 ; 5.808 ; 5.902 ;
; search_data[10] ; match_lines[3]  ; 6.072 ; 6.244 ; 6.695 ; 6.864 ;
; search_data[10] ; match_lines[4]  ; 5.125 ; 5.211 ; 5.712 ; 5.795 ;
; search_data[10] ; match_lines[5]  ; 5.339 ; 5.476 ; 5.898 ; 6.042 ;
; search_data[10] ; match_lines[6]  ; 5.809 ; 5.929 ; 6.421 ; 6.548 ;
; search_data[10] ; match_lines[7]  ; 5.208 ; 5.302 ; 5.772 ; 5.877 ;
; search_data[10] ; match_lines[8]  ; 5.684 ; 5.808 ; 6.260 ; 6.391 ;
; search_data[10] ; match_lines[9]  ; 5.383 ; 5.476 ; 5.968 ; 6.068 ;
; search_data[10] ; match_lines[10] ; 6.165 ; 6.303 ; 6.746 ; 6.921 ;
; search_data[10] ; match_lines[11] ; 5.807 ; 5.994 ; 6.419 ; 6.613 ;
; search_data[10] ; match_lines[12] ; 5.261 ; 5.377 ; 5.860 ; 5.983 ;
; search_data[10] ; match_lines[13] ; 5.446 ; 5.526 ; 6.010 ; 6.101 ;
; search_data[10] ; match_lines[14] ; 5.377 ; 5.511 ; 5.952 ; 6.093 ;
; search_data[10] ; match_lines[15] ; 5.366 ; 5.521 ; 5.953 ; 6.105 ;
; search_data[11] ; match_lines[0]  ; 5.398 ; 5.481 ; 6.038 ; 6.128 ;
; search_data[11] ; match_lines[1]  ; 5.652 ; 5.876 ; 6.314 ; 6.471 ;
; search_data[11] ; match_lines[2]  ; 5.197 ; 5.275 ; 5.837 ; 5.912 ;
; search_data[11] ; match_lines[3]  ; 5.884 ; 6.071 ; 6.515 ; 6.697 ;
; search_data[11] ; match_lines[4]  ; 5.167 ; 5.257 ; 5.807 ; 5.904 ;
; search_data[11] ; match_lines[5]  ; 5.314 ; 5.482 ; 5.931 ; 6.092 ;
; search_data[11] ; match_lines[6]  ; 5.767 ; 5.903 ; 6.396 ; 6.542 ;
; search_data[11] ; match_lines[7]  ; 5.692 ; 5.760 ; 6.322 ; 6.385 ;
; search_data[11] ; match_lines[8]  ; 6.204 ; 6.316 ; 6.846 ; 6.955 ;
; search_data[11] ; match_lines[9]  ; 5.359 ; 5.514 ; 6.029 ; 6.117 ;
; search_data[11] ; match_lines[10] ; 6.035 ; 6.216 ; 6.678 ; 6.855 ;
; search_data[11] ; match_lines[11] ; 5.995 ; 6.174 ; 6.637 ; 6.811 ;
; search_data[11] ; match_lines[12] ; 5.358 ; 5.466 ; 5.999 ; 6.114 ;
; search_data[11] ; match_lines[13] ; 5.477 ; 5.594 ; 6.114 ; 6.226 ;
; search_data[11] ; match_lines[14] ; 5.390 ; 5.523 ; 6.004 ; 6.144 ;
; search_data[11] ; match_lines[15] ; 5.649 ; 5.789 ; 6.274 ; 6.425 ;
; search_data[12] ; match_lines[0]  ; 5.280 ; 5.347 ; 5.900 ; 5.974 ;
; search_data[12] ; match_lines[1]  ; 6.131 ; 6.277 ; 6.786 ; 6.939 ;
; search_data[12] ; match_lines[2]  ; 5.416 ; 5.468 ; 6.054 ; 6.113 ;
; search_data[12] ; match_lines[3]  ; 5.855 ; 6.023 ; 6.468 ; 6.643 ;
; search_data[12] ; match_lines[4]  ; 5.544 ; 5.591 ; 6.174 ; 6.228 ;
; search_data[12] ; match_lines[5]  ; 6.061 ; 6.215 ; 6.696 ; 6.857 ;
; search_data[12] ; match_lines[6]  ; 5.738 ; 5.869 ; 6.358 ; 6.496 ;
; search_data[12] ; match_lines[7]  ; 5.617 ; 5.743 ; 6.246 ; 6.379 ;
; search_data[12] ; match_lines[8]  ; 5.804 ; 5.903 ; 6.383 ; 6.489 ;
; search_data[12] ; match_lines[9]  ; 5.899 ; 6.002 ; 6.545 ; 6.655 ;
; search_data[12] ; match_lines[10] ; 6.411 ; 6.535 ; 7.038 ; 7.169 ;
; search_data[12] ; match_lines[11] ; 5.998 ; 6.122 ; 6.659 ; 6.793 ;
; search_data[12] ; match_lines[12] ; 5.493 ; 5.571 ; 6.123 ; 6.208 ;
; search_data[12] ; match_lines[13] ; 5.628 ; 5.739 ; 6.272 ; 6.390 ;
; search_data[12] ; match_lines[14] ; 5.617 ; 5.721 ; 6.235 ; 6.346 ;
; search_data[12] ; match_lines[15] ; 5.984 ; 6.146 ; 6.613 ; 6.782 ;
; search_data[13] ; match_lines[0]  ; 4.938 ; 5.036 ; 5.559 ; 5.650 ;
; search_data[13] ; match_lines[1]  ; 5.407 ; 5.584 ; 6.022 ; 6.192 ;
; search_data[13] ; match_lines[2]  ; 4.930 ; 5.013 ; 5.572 ; 5.648 ;
; search_data[13] ; match_lines[3]  ; 5.508 ; 5.698 ; 6.131 ; 6.314 ;
; search_data[13] ; match_lines[4]  ; 4.931 ; 5.037 ; 5.551 ; 5.653 ;
; search_data[13] ; match_lines[5]  ; 5.570 ; 5.755 ; 6.204 ; 6.382 ;
; search_data[13] ; match_lines[6]  ; 5.382 ; 5.535 ; 6.021 ; 6.167 ;
; search_data[13] ; match_lines[7]  ; 5.108 ; 5.255 ; 5.715 ; 5.855 ;
; search_data[13] ; match_lines[8]  ; 5.649 ; 5.779 ; 6.278 ; 6.401 ;
; search_data[13] ; match_lines[9]  ; 5.297 ; 5.431 ; 5.918 ; 6.045 ;
; search_data[13] ; match_lines[10] ; 6.120 ; 6.259 ; 6.733 ; 6.867 ;
; search_data[13] ; match_lines[11] ; 5.098 ; 5.252 ; 5.698 ; 5.845 ;
; search_data[13] ; match_lines[12] ; 5.050 ; 5.160 ; 5.677 ; 5.780 ;
; search_data[13] ; match_lines[13] ; 5.374 ; 5.514 ; 6.017 ; 6.153 ;
; search_data[13] ; match_lines[14] ; 5.384 ; 5.550 ; 6.053 ; 6.152 ;
; search_data[13] ; match_lines[15] ; 5.396 ; 5.594 ; 6.003 ; 6.194 ;
; search_data[14] ; match_lines[0]  ; 5.111 ; 5.193 ; 5.696 ; 5.785 ;
; search_data[14] ; match_lines[1]  ; 5.948 ; 6.125 ; 6.573 ; 6.747 ;
; search_data[14] ; match_lines[2]  ; 5.514 ; 5.542 ; 6.124 ; 6.159 ;
; search_data[14] ; match_lines[3]  ; 5.649 ; 5.803 ; 6.267 ; 6.428 ;
; search_data[14] ; match_lines[4]  ; 5.287 ; 5.380 ; 5.902 ; 6.002 ;
; search_data[14] ; match_lines[5]  ; 6.126 ; 6.270 ; 6.771 ; 6.910 ;
; search_data[14] ; match_lines[6]  ; 5.418 ; 5.551 ; 6.004 ; 6.144 ;
; search_data[14] ; match_lines[7]  ; 5.597 ; 5.709 ; 6.224 ; 6.346 ;
; search_data[14] ; match_lines[8]  ; 5.788 ; 5.895 ; 6.398 ; 6.512 ;
; search_data[14] ; match_lines[9]  ; 5.646 ; 5.774 ; 6.248 ; 6.387 ;
; search_data[14] ; match_lines[10] ; 6.255 ; 6.387 ; 6.900 ; 7.027 ;
; search_data[14] ; match_lines[11] ; 5.625 ; 5.763 ; 6.236 ; 6.385 ;
; search_data[14] ; match_lines[12] ; 5.527 ; 5.629 ; 6.149 ; 6.261 ;
; search_data[14] ; match_lines[13] ; 5.460 ; 5.581 ; 6.070 ; 6.198 ;
; search_data[14] ; match_lines[14] ; 5.724 ; 5.851 ; 6.358 ; 6.492 ;
; search_data[14] ; match_lines[15] ; 5.577 ; 5.699 ; 6.187 ; 6.316 ;
; search_data[15] ; match_lines[0]  ; 5.185 ; 5.297 ; 5.835 ; 5.940 ;
; search_data[15] ; match_lines[1]  ; 5.631 ; 5.829 ; 6.248 ; 6.439 ;
; search_data[15] ; match_lines[2]  ; 5.194 ; 5.294 ; 5.847 ; 5.940 ;
; search_data[15] ; match_lines[3]  ; 5.793 ; 5.976 ; 6.445 ; 6.624 ;
; search_data[15] ; match_lines[4]  ; 4.999 ; 5.144 ; 5.631 ; 5.708 ;
; search_data[15] ; match_lines[5]  ; 5.892 ; 6.105 ; 6.561 ; 6.707 ;
; search_data[15] ; match_lines[6]  ; 5.481 ; 5.636 ; 6.114 ; 6.262 ;
; search_data[15] ; match_lines[7]  ; 5.473 ; 5.615 ; 6.120 ; 6.255 ;
; search_data[15] ; match_lines[8]  ; 6.217 ; 6.353 ; 6.904 ; 7.036 ;
; search_data[15] ; match_lines[9]  ; 5.649 ; 5.831 ; 6.313 ; 6.427 ;
; search_data[15] ; match_lines[10] ; 6.535 ; 6.662 ; 7.173 ; 7.311 ;
; search_data[15] ; match_lines[11] ; 5.320 ; 5.491 ; 5.937 ; 6.101 ;
; search_data[15] ; match_lines[12] ; 5.446 ; 5.609 ; 6.131 ; 6.227 ;
; search_data[15] ; match_lines[13] ; 5.433 ; 5.583 ; 6.063 ; 6.209 ;
; search_data[15] ; match_lines[14] ; 5.471 ; 5.620 ; 6.114 ; 6.256 ;
; search_data[15] ; match_lines[15] ; 5.175 ; 5.328 ; 5.775 ; 5.921 ;
+-----------------+-----------------+-------+-------+-------+-------+


+--------------------------------------------------------------------------------------------------------------------------------------------------------------------------------------------------------------------------------------------------------------------------------------------------------------------------------------------------------------------------------------------------------------------+
; Board Trace Model Assignments                                                                                                                                                                                                                                                                                                                                                                                      ;
+-----------------+--------------+-------------------+-------------------------+-------------------------+---------------+---------------------+----------------+------------------+--------+------------------+------------------------+------------------------+--------------+---------------+-----------------+-------+---------------------+--------------------+---------------+-----------------+-------------+
; Pin             ; I/O Standard ; Near Tline Length ; Near Tline L per Length ; Near Tline C per Length ; Near Series R ; Near Differential R ; Near Pull-up R ; Near Pull-down R ; Near C ; Far Tline Length ; Far Tline L per Length ; Far Tline C per Length ; Far Series R ; Far Pull-up R ; Far Pull-down R ; Far C ; Termination Voltage ; Far Differential R ; EBD File Name ; EBD Signal Name ; EBD Far-end ;
+-----------------+--------------+-------------------+-------------------------+-------------------------+---------------+---------------------+----------------+------------------+--------+------------------+------------------------+------------------------+--------------+---------------+-----------------+-------+---------------------+--------------------+---------------+-----------------+-------------+
; match_lines[0]  ; 2.5 V        ; 0 in              ; 0 H/in                  ; 0 F/in                  ; short         ; -                   ; open           ; open             ; open   ; 0 in             ; 0 H/in                 ; 0 F/in                 ; short        ; open          ; open            ; open  ; 0 V                 ; -                  ; n/a           ; n/a             ; n/a         ;
; match_lines[1]  ; 2.5 V        ; 0 in              ; 0 H/in                  ; 0 F/in                  ; short         ; -                   ; open           ; open             ; open   ; 0 in             ; 0 H/in                 ; 0 F/in                 ; short        ; open          ; open            ; open  ; 0 V                 ; -                  ; n/a           ; n/a             ; n/a         ;
; match_lines[2]  ; 2.5 V        ; 0 in              ; 0 H/in                  ; 0 F/in                  ; short         ; -                   ; open           ; open             ; open   ; 0 in             ; 0 H/in                 ; 0 F/in                 ; short        ; open          ; open            ; open  ; 0 V                 ; -                  ; n/a           ; n/a             ; n/a         ;
; match_lines[3]  ; 2.5 V        ; 0 in              ; 0 H/in                  ; 0 F/in                  ; short         ; -                   ; open           ; open             ; open   ; 0 in             ; 0 H/in                 ; 0 F/in                 ; short        ; open          ; open            ; open  ; 0 V                 ; -                  ; n/a           ; n/a             ; n/a         ;
; match_lines[4]  ; 2.5 V        ; 0 in              ; 0 H/in                  ; 0 F/in                  ; short         ; -                   ; open           ; open             ; open   ; 0 in             ; 0 H/in                 ; 0 F/in                 ; short        ; open          ; open            ; open  ; 0 V                 ; -                  ; n/a           ; n/a             ; n/a         ;
; match_lines[5]  ; 2.5 V        ; 0 in              ; 0 H/in                  ; 0 F/in                  ; short         ; -                   ; open           ; open             ; open   ; 0 in             ; 0 H/in                 ; 0 F/in                 ; short        ; open          ; open            ; open  ; 0 V                 ; -                  ; n/a           ; n/a             ; n/a         ;
; match_lines[6]  ; 2.5 V        ; 0 in              ; 0 H/in                  ; 0 F/in                  ; short         ; -                   ; open           ; open             ; open   ; 0 in             ; 0 H/in                 ; 0 F/in                 ; short        ; open          ; open            ; open  ; 0 V                 ; -                  ; n/a           ; n/a             ; n/a         ;
; match_lines[7]  ; 2.5 V        ; 0 in              ; 0 H/in                  ; 0 F/in                  ; short         ; -                   ; open           ; open             ; open   ; 0 in             ; 0 H/in                 ; 0 F/in                 ; short        ; open          ; open            ; open  ; 0 V                 ; -                  ; n/a           ; n/a             ; n/a         ;
; match_lines[8]  ; 2.5 V        ; 0 in              ; 0 H/in                  ; 0 F/in                  ; short         ; -                   ; open           ; open             ; open   ; 0 in             ; 0 H/in                 ; 0 F/in                 ; short        ; open          ; open            ; open  ; 0 V                 ; -                  ; n/a           ; n/a             ; n/a         ;
; match_lines[9]  ; 2.5 V        ; 0 in              ; 0 H/in                  ; 0 F/in                  ; short         ; -                   ; open           ; open             ; open   ; 0 in             ; 0 H/in                 ; 0 F/in                 ; short        ; open          ; open            ; open  ; 0 V                 ; -                  ; n/a           ; n/a             ; n/a         ;
; match_lines[10] ; 2.5 V        ; 0 in              ; 0 H/in                  ; 0 F/in                  ; short         ; -                   ; open           ; open             ; open   ; 0 in             ; 0 H/in                 ; 0 F/in                 ; short        ; open          ; open            ; open  ; 0 V                 ; -                  ; n/a           ; n/a             ; n/a         ;
; match_lines[11] ; 2.5 V        ; 0 in              ; 0 H/in                  ; 0 F/in                  ; short         ; -                   ; open           ; open             ; open   ; 0 in             ; 0 H/in                 ; 0 F/in                 ; short        ; open          ; open            ; open  ; 0 V                 ; -                  ; n/a           ; n/a             ; n/a         ;
; match_lines[12] ; 2.5 V        ; 0 in              ; 0 H/in                  ; 0 F/in                  ; short         ; -                   ; open           ; open             ; open   ; 0 in             ; 0 H/in                 ; 0 F/in                 ; short        ; open          ; open            ; open  ; 0 V                 ; -                  ; n/a           ; n/a             ; n/a         ;
; match_lines[13] ; 2.5 V        ; 0 in              ; 0 H/in                  ; 0 F/in                  ; short         ; -                   ; open           ; open             ; open   ; 0 in             ; 0 H/in                 ; 0 F/in                 ; short        ; open          ; open            ; open  ; 0 V                 ; -                  ; n/a           ; n/a             ; n/a         ;
; match_lines[14] ; 2.5 V        ; 0 in              ; 0 H/in                  ; 0 F/in                  ; short         ; -                   ; open           ; open             ; open   ; 0 in             ; 0 H/in                 ; 0 F/in                 ; short        ; open          ; open            ; open  ; 0 V                 ; -                  ; n/a           ; n/a             ; n/a         ;
; match_lines[15] ; 2.5 V        ; 0 in              ; 0 H/in                  ; 0 F/in                  ; short         ; -                   ; open           ; open             ; open   ; 0 in             ; 0 H/in                 ; 0 F/in                 ; short        ; open          ; open            ; open  ; 0 V                 ; -                  ; n/a           ; n/a             ; n/a         ;
; ~ALTERA_NCEO~   ; 2.5 V        ; 0 in              ; 0 H/in                  ; 0 F/in                  ; short         ; -                   ; open           ; open             ; open   ; 0 in             ; 0 H/in                 ; 0 F/in                 ; short        ; open          ; open            ; open  ; 0 V                 ; -                  ; n/a           ; n/a             ; n/a         ;
; ~ALTERA_DCLK~   ; 2.5 V        ; 0 in              ; 0 H/in                  ; 0 F/in                  ; short         ; -                   ; open           ; open             ; open   ; 0 in             ; 0 H/in                 ; 0 F/in                 ; short        ; open          ; open            ; open  ; 0 V                 ; -                  ; n/a           ; n/a             ; n/a         ;
+-----------------+--------------+-------------------+-------------------------+-------------------------+---------------+---------------------+----------------+------------------+--------+------------------+------------------------+------------------------+--------------+---------------+-----------------+-------+---------------------+--------------------+---------------+-----------------+-------------+


+---------------------------------------------------------------------+
; Input Transition Times                                              ;
+------------------+--------------+-----------------+-----------------+
; Pin              ; I/O Standard ; 10-90 Rise Time ; 90-10 Fall Time ;
+------------------+--------------+-----------------+-----------------+
; search_data[0]   ; 2.5 V        ; 2000 ps         ; 2000 ps         ;
; search_data[1]   ; 2.5 V        ; 2000 ps         ; 2000 ps         ;
; search_data[3]   ; 2.5 V        ; 2000 ps         ; 2000 ps         ;
; search_data[2]   ; 2.5 V        ; 2000 ps         ; 2000 ps         ;
; search_data[5]   ; 2.5 V        ; 2000 ps         ; 2000 ps         ;
; search_data[4]   ; 2.5 V        ; 2000 ps         ; 2000 ps         ;
; search_data[7]   ; 2.5 V        ; 2000 ps         ; 2000 ps         ;
; search_data[6]   ; 2.5 V        ; 2000 ps         ; 2000 ps         ;
; search_data[8]   ; 2.5 V        ; 2000 ps         ; 2000 ps         ;
; search_data[9]   ; 2.5 V        ; 2000 ps         ; 2000 ps         ;
; search_data[10]  ; 2.5 V        ; 2000 ps         ; 2000 ps         ;
; search_data[11]  ; 2.5 V        ; 2000 ps         ; 2000 ps         ;
; search_data[13]  ; 2.5 V        ; 2000 ps         ; 2000 ps         ;
; search_data[12]  ; 2.5 V        ; 2000 ps         ; 2000 ps         ;
; search_data[15]  ; 2.5 V        ; 2000 ps         ; 2000 ps         ;
; search_data[14]  ; 2.5 V        ; 2000 ps         ; 2000 ps         ;
; clk              ; 2.5 V        ; 2000 ps         ; 2000 ps         ;
; write_address[0] ; 2.5 V        ; 2000 ps         ; 2000 ps         ;
; write_address[1] ; 2.5 V        ; 2000 ps         ; 2000 ps         ;
; write_enable     ; 2.5 V        ; 2000 ps         ; 2000 ps         ;
; write_address[2] ; 2.5 V        ; 2000 ps         ; 2000 ps         ;
; write_address[3] ; 2.5 V        ; 2000 ps         ; 2000 ps         ;
; reset            ; 2.5 V        ; 2000 ps         ; 2000 ps         ;
; write_x_mask[0]  ; 2.5 V        ; 2000 ps         ; 2000 ps         ;
; write_data[0]    ; 2.5 V        ; 2000 ps         ; 2000 ps         ;
; write_x_mask[1]  ; 2.5 V        ; 2000 ps         ; 2000 ps         ;
; write_data[1]    ; 2.5 V        ; 2000 ps         ; 2000 ps         ;
; write_x_mask[3]  ; 2.5 V        ; 2000 ps         ; 2000 ps         ;
; write_data[3]    ; 2.5 V        ; 2000 ps         ; 2000 ps         ;
; write_data[2]    ; 2.5 V        ; 2000 ps         ; 2000 ps         ;
; write_x_mask[2]  ; 2.5 V        ; 2000 ps         ; 2000 ps         ;
; write_x_mask[5]  ; 2.5 V        ; 2000 ps         ; 2000 ps         ;
; write_data[5]    ; 2.5 V        ; 2000 ps         ; 2000 ps         ;
; write_data[4]    ; 2.5 V        ; 2000 ps         ; 2000 ps         ;
; write_x_mask[4]  ; 2.5 V        ; 2000 ps         ; 2000 ps         ;
; write_x_mask[7]  ; 2.5 V        ; 2000 ps         ; 2000 ps         ;
; write_data[7]    ; 2.5 V        ; 2000 ps         ; 2000 ps         ;
; write_data[6]    ; 2.5 V        ; 2000 ps         ; 2000 ps         ;
; write_x_mask[6]  ; 2.5 V        ; 2000 ps         ; 2000 ps         ;
; write_data[8]    ; 2.5 V        ; 2000 ps         ; 2000 ps         ;
; write_x_mask[8]  ; 2.5 V        ; 2000 ps         ; 2000 ps         ;
; write_data[9]    ; 2.5 V        ; 2000 ps         ; 2000 ps         ;
; write_x_mask[9]  ; 2.5 V        ; 2000 ps         ; 2000 ps         ;
; write_data[10]   ; 2.5 V        ; 2000 ps         ; 2000 ps         ;
; write_x_mask[10] ; 2.5 V        ; 2000 ps         ; 2000 ps         ;
; write_data[11]   ; 2.5 V        ; 2000 ps         ; 2000 ps         ;
; write_x_mask[11] ; 2.5 V        ; 2000 ps         ; 2000 ps         ;
; write_x_mask[13] ; 2.5 V        ; 2000 ps         ; 2000 ps         ;
; write_data[13]   ; 2.5 V        ; 2000 ps         ; 2000 ps         ;
; write_data[12]   ; 2.5 V        ; 2000 ps         ; 2000 ps         ;
; write_x_mask[12] ; 2.5 V        ; 2000 ps         ; 2000 ps         ;
; write_x_mask[15] ; 2.5 V        ; 2000 ps         ; 2000 ps         ;
; write_data[15]   ; 2.5 V        ; 2000 ps         ; 2000 ps         ;
; write_data[14]   ; 2.5 V        ; 2000 ps         ; 2000 ps         ;
; write_x_mask[14] ; 2.5 V        ; 2000 ps         ; 2000 ps         ;
; ~ALTERA_DATA0~   ; 2.5 V        ; 2000 ps         ; 2000 ps         ;
; ~ALTERA_ASDO~    ; 2.5 V        ; 2000 ps         ; 2000 ps         ;
; ~ALTERA_NCSO~    ; 2.5 V        ; 2000 ps         ; 2000 ps         ;
+------------------+--------------+-----------------+-----------------+


+----------------------------------------------------------------------------------------------------------------------------------------------------------------------------------------------------------------------------------------------------------------------------------------------------------------------------------------------------------------------------------------------------------------------------------------------------------------------------------------------------------------------------------------------------------------------------------------------------------------------------------------------------------------------------------------------+
; Signal Integrity Metrics (Slow 1200mv 0c Model)                                                                                                                                                                                                                                                                                                                                                                                                                                                                                                                                                                                                                                              ;
+-----------------+--------------+---------------------+---------------------+------------------------------+------------------------------+---------------------+---------------------+--------------------------------------+--------------------------------------+-----------------------------+-----------------------------+----------------------------+----------------------------+-----------------------------+-----------------------------+--------------------+--------------------+-------------------------------------+-------------------------------------+----------------------------+----------------------------+---------------------------+---------------------------+
; Pin             ; I/O Standard ; Board Delay on Rise ; Board Delay on Fall ; Steady State Voh at FPGA Pin ; Steady State Vol at FPGA Pin ; Voh Max at FPGA Pin ; Vol Min at FPGA Pin ; Ringback Voltage on Rise at FPGA Pin ; Ringback Voltage on Fall at FPGA Pin ; 10-90 Rise Time at FPGA Pin ; 90-10 Fall Time at FPGA Pin ; Monotonic Rise at FPGA Pin ; Monotonic Fall at FPGA Pin ; Steady State Voh at Far-end ; Steady State Vol at Far-end ; Voh Max at Far-end ; Vol Min at Far-end ; Ringback Voltage on Rise at Far-end ; Ringback Voltage on Fall at Far-end ; 10-90 Rise Time at Far-end ; 90-10 Fall Time at Far-end ; Monotonic Rise at Far-end ; Monotonic Fall at Far-end ;
+-----------------+--------------+---------------------+---------------------+------------------------------+------------------------------+---------------------+---------------------+--------------------------------------+--------------------------------------+-----------------------------+-----------------------------+----------------------------+----------------------------+-----------------------------+-----------------------------+--------------------+--------------------+-------------------------------------+-------------------------------------+----------------------------+----------------------------+---------------------------+---------------------------+
; match_lines[0]  ; 2.5 V        ; 0 s                 ; 0 s                 ; 2.32 V                       ; 7.29e-09 V                   ; 2.39 V              ; -0.00317 V          ; 0.179 V                              ; 0.007 V                              ; 4.7e-10 s                   ; 4.72e-10 s                  ; No                         ; Yes                        ; 2.32 V                      ; 7.29e-09 V                  ; 2.39 V             ; -0.00317 V         ; 0.179 V                             ; 0.007 V                             ; 4.7e-10 s                  ; 4.72e-10 s                 ; No                        ; Yes                       ;
; match_lines[1]  ; 2.5 V        ; 0 s                 ; 0 s                 ; 2.32 V                       ; 7.29e-09 V                   ; 2.39 V              ; -0.00317 V          ; 0.179 V                              ; 0.007 V                              ; 4.7e-10 s                   ; 4.72e-10 s                  ; No                         ; Yes                        ; 2.32 V                      ; 7.29e-09 V                  ; 2.39 V             ; -0.00317 V         ; 0.179 V                             ; 0.007 V                             ; 4.7e-10 s                  ; 4.72e-10 s                 ; No                        ; Yes                       ;
; match_lines[2]  ; 2.5 V        ; 0 s                 ; 0 s                 ; 2.32 V                       ; 7.29e-09 V                   ; 2.39 V              ; -0.00339 V          ; 0.206 V                              ; 0.007 V                              ; 2.77e-10 s                  ; 3.24e-10 s                  ; Yes                        ; Yes                        ; 2.32 V                      ; 7.29e-09 V                  ; 2.39 V             ; -0.00339 V         ; 0.206 V                             ; 0.007 V                             ; 2.77e-10 s                 ; 3.24e-10 s                 ; Yes                       ; Yes                       ;
; match_lines[3]  ; 2.5 V        ; 0 s                 ; 0 s                 ; 2.32 V                       ; 7.29e-09 V                   ; 2.39 V              ; -0.00317 V          ; 0.179 V                              ; 0.007 V                              ; 4.7e-10 s                   ; 4.72e-10 s                  ; No                         ; Yes                        ; 2.32 V                      ; 7.29e-09 V                  ; 2.39 V             ; -0.00317 V         ; 0.179 V                             ; 0.007 V                             ; 4.7e-10 s                  ; 4.72e-10 s                 ; No                        ; Yes                       ;
; match_lines[4]  ; 2.5 V        ; 0 s                 ; 0 s                 ; 2.32 V                       ; 7.29e-09 V                   ; 2.39 V              ; -0.00339 V          ; 0.206 V                              ; 0.007 V                              ; 2.77e-10 s                  ; 3.24e-10 s                  ; Yes                        ; Yes                        ; 2.32 V                      ; 7.29e-09 V                  ; 2.39 V             ; -0.00339 V         ; 0.206 V                             ; 0.007 V                             ; 2.77e-10 s                 ; 3.24e-10 s                 ; Yes                       ; Yes                       ;
; match_lines[5]  ; 2.5 V        ; 0 s                 ; 0 s                 ; 2.32 V                       ; 7.29e-09 V                   ; 2.39 V              ; -0.00317 V          ; 0.179 V                              ; 0.007 V                              ; 4.7e-10 s                   ; 4.72e-10 s                  ; No                         ; Yes                        ; 2.32 V                      ; 7.29e-09 V                  ; 2.39 V             ; -0.00317 V         ; 0.179 V                             ; 0.007 V                             ; 4.7e-10 s                  ; 4.72e-10 s                 ; No                        ; Yes                       ;
; match_lines[6]  ; 2.5 V        ; 0 s                 ; 0 s                 ; 2.32 V                       ; 7.29e-09 V                   ; 2.39 V              ; -0.00317 V          ; 0.179 V                              ; 0.007 V                              ; 4.7e-10 s                   ; 4.72e-10 s                  ; No                         ; Yes                        ; 2.32 V                      ; 7.29e-09 V                  ; 2.39 V             ; -0.00317 V         ; 0.179 V                             ; 0.007 V                             ; 4.7e-10 s                  ; 4.72e-10 s                 ; No                        ; Yes                       ;
; match_lines[7]  ; 2.5 V        ; 0 s                 ; 0 s                 ; 2.32 V                       ; 7.29e-09 V                   ; 2.39 V              ; -0.00317 V          ; 0.179 V                              ; 0.007 V                              ; 4.7e-10 s                   ; 4.72e-10 s                  ; No                         ; Yes                        ; 2.32 V                      ; 7.29e-09 V                  ; 2.39 V             ; -0.00317 V         ; 0.179 V                             ; 0.007 V                             ; 4.7e-10 s                  ; 4.72e-10 s                 ; No                        ; Yes                       ;
; match_lines[8]  ; 2.5 V        ; 0 s                 ; 0 s                 ; 2.32 V                       ; 7.29e-09 V                   ; 2.34 V              ; -0.00668 V          ; 0.218 V                              ; 0.076 V                              ; 1.92e-09 s                  ; 1.81e-09 s                  ; No                         ; Yes                        ; 2.32 V                      ; 7.29e-09 V                  ; 2.34 V             ; -0.00668 V         ; 0.218 V                             ; 0.076 V                             ; 1.92e-09 s                 ; 1.81e-09 s                 ; No                        ; Yes                       ;
; match_lines[9]  ; 2.5 V        ; 0 s                 ; 0 s                 ; 2.32 V                       ; 7.29e-09 V                   ; 2.39 V              ; -0.00317 V          ; 0.179 V                              ; 0.007 V                              ; 4.7e-10 s                   ; 4.72e-10 s                  ; No                         ; Yes                        ; 2.32 V                      ; 7.29e-09 V                  ; 2.39 V             ; -0.00317 V         ; 0.179 V                             ; 0.007 V                             ; 4.7e-10 s                  ; 4.72e-10 s                 ; No                        ; Yes                       ;
; match_lines[10] ; 2.5 V        ; 0 s                 ; 0 s                 ; 2.32 V                       ; 7.29e-09 V                   ; 2.34 V              ; -0.00668 V          ; 0.218 V                              ; 0.076 V                              ; 1.92e-09 s                  ; 1.81e-09 s                  ; No                         ; Yes                        ; 2.32 V                      ; 7.29e-09 V                  ; 2.34 V             ; -0.00668 V         ; 0.218 V                             ; 0.076 V                             ; 1.92e-09 s                 ; 1.81e-09 s                 ; No                        ; Yes                       ;
; match_lines[11] ; 2.5 V        ; 0 s                 ; 0 s                 ; 2.32 V                       ; 7.29e-09 V                   ; 2.39 V              ; -0.00317 V          ; 0.179 V                              ; 0.007 V                              ; 4.7e-10 s                   ; 4.72e-10 s                  ; No                         ; Yes                        ; 2.32 V                      ; 7.29e-09 V                  ; 2.39 V             ; -0.00317 V         ; 0.179 V                             ; 0.007 V                             ; 4.7e-10 s                  ; 4.72e-10 s                 ; No                        ; Yes                       ;
; match_lines[12] ; 2.5 V        ; 0 s                 ; 0 s                 ; 2.32 V                       ; 7.29e-09 V                   ; 2.39 V              ; -0.00317 V          ; 0.179 V                              ; 0.007 V                              ; 4.7e-10 s                   ; 4.72e-10 s                  ; No                         ; Yes                        ; 2.32 V                      ; 7.29e-09 V                  ; 2.39 V             ; -0.00317 V         ; 0.179 V                             ; 0.007 V                             ; 4.7e-10 s                  ; 4.72e-10 s                 ; No                        ; Yes                       ;
; match_lines[13] ; 2.5 V        ; 0 s                 ; 0 s                 ; 2.32 V                       ; 7.29e-09 V                   ; 2.39 V              ; -0.00317 V          ; 0.179 V                              ; 0.007 V                              ; 4.7e-10 s                   ; 4.72e-10 s                  ; No                         ; Yes                        ; 2.32 V                      ; 7.29e-09 V                  ; 2.39 V             ; -0.00317 V         ; 0.179 V                             ; 0.007 V                             ; 4.7e-10 s                  ; 4.72e-10 s                 ; No                        ; Yes                       ;
; match_lines[14] ; 2.5 V        ; 0 s                 ; 0 s                 ; 2.32 V                       ; 7.29e-09 V                   ; 2.39 V              ; -0.00317 V          ; 0.179 V                              ; 0.007 V                              ; 4.7e-10 s                   ; 4.72e-10 s                  ; No                         ; Yes                        ; 2.32 V                      ; 7.29e-09 V                  ; 2.39 V             ; -0.00317 V         ; 0.179 V                             ; 0.007 V                             ; 4.7e-10 s                  ; 4.72e-10 s                 ; No                        ; Yes                       ;
; match_lines[15] ; 2.5 V        ; 0 s                 ; 0 s                 ; 2.32 V                       ; 7.29e-09 V                   ; 2.39 V              ; -0.00317 V          ; 0.179 V                              ; 0.007 V                              ; 4.7e-10 s                   ; 4.72e-10 s                  ; No                         ; Yes                        ; 2.32 V                      ; 7.29e-09 V                  ; 2.39 V             ; -0.00317 V         ; 0.179 V                             ; 0.007 V                             ; 4.7e-10 s                  ; 4.72e-10 s                 ; No                        ; Yes                       ;
; ~ALTERA_NCEO~   ; 2.5 V        ; 0 s                 ; 0 s                 ; 2.32 V                       ; 4.76e-09 V                   ; 2.4 V               ; -0.034 V            ; 0.102 V                              ; 0.065 V                              ; 2.49e-10 s                  ; 3.49e-10 s                  ; Yes                        ; Yes                        ; 2.32 V                      ; 4.76e-09 V                  ; 2.4 V              ; -0.034 V           ; 0.102 V                             ; 0.065 V                             ; 2.49e-10 s                 ; 3.49e-10 s                 ; Yes                       ; Yes                       ;
; ~ALTERA_DCLK~   ; 2.5 V        ; 0 s                 ; 0 s                 ; 2.32 V                       ; 5.94e-09 V                   ; 2.39 V              ; -0.0344 V           ; 0.156 V                              ; 0.089 V                              ; 2.68e-10 s                  ; 2.6e-10 s                   ; Yes                        ; Yes                        ; 2.32 V                      ; 5.94e-09 V                  ; 2.39 V             ; -0.0344 V          ; 0.156 V                             ; 0.089 V                             ; 2.68e-10 s                 ; 2.6e-10 s                  ; Yes                       ; Yes                       ;
+-----------------+--------------+---------------------+---------------------+------------------------------+------------------------------+---------------------+---------------------+--------------------------------------+--------------------------------------+-----------------------------+-----------------------------+----------------------------+----------------------------+-----------------------------+-----------------------------+--------------------+--------------------+-------------------------------------+-------------------------------------+----------------------------+----------------------------+---------------------------+---------------------------+


+----------------------------------------------------------------------------------------------------------------------------------------------------------------------------------------------------------------------------------------------------------------------------------------------------------------------------------------------------------------------------------------------------------------------------------------------------------------------------------------------------------------------------------------------------------------------------------------------------------------------------------------------------------------------------------------------+
; Signal Integrity Metrics (Slow 1200mv 85c Model)                                                                                                                                                                                                                                                                                                                                                                                                                                                                                                                                                                                                                                             ;
+-----------------+--------------+---------------------+---------------------+------------------------------+------------------------------+---------------------+---------------------+--------------------------------------+--------------------------------------+-----------------------------+-----------------------------+----------------------------+----------------------------+-----------------------------+-----------------------------+--------------------+--------------------+-------------------------------------+-------------------------------------+----------------------------+----------------------------+---------------------------+---------------------------+
; Pin             ; I/O Standard ; Board Delay on Rise ; Board Delay on Fall ; Steady State Voh at FPGA Pin ; Steady State Vol at FPGA Pin ; Voh Max at FPGA Pin ; Vol Min at FPGA Pin ; Ringback Voltage on Rise at FPGA Pin ; Ringback Voltage on Fall at FPGA Pin ; 10-90 Rise Time at FPGA Pin ; 90-10 Fall Time at FPGA Pin ; Monotonic Rise at FPGA Pin ; Monotonic Fall at FPGA Pin ; Steady State Voh at Far-end ; Steady State Vol at Far-end ; Voh Max at Far-end ; Vol Min at Far-end ; Ringback Voltage on Rise at Far-end ; Ringback Voltage on Fall at Far-end ; 10-90 Rise Time at Far-end ; 90-10 Fall Time at Far-end ; Monotonic Rise at Far-end ; Monotonic Fall at Far-end ;
+-----------------+--------------+---------------------+---------------------+------------------------------+------------------------------+---------------------+---------------------+--------------------------------------+--------------------------------------+-----------------------------+-----------------------------+----------------------------+----------------------------+-----------------------------+-----------------------------+--------------------+--------------------+-------------------------------------+-------------------------------------+----------------------------+----------------------------+---------------------------+---------------------------+
; match_lines[0]  ; 2.5 V        ; 0 s                 ; 0 s                 ; 2.32 V                       ; 1.21e-06 V                   ; 2.36 V              ; -0.00833 V          ; 0.113 V                              ; 0.035 V                              ; 6.32e-10 s                  ; 5.89e-10 s                  ; No                         ; Yes                        ; 2.32 V                      ; 1.21e-06 V                  ; 2.36 V             ; -0.00833 V         ; 0.113 V                             ; 0.035 V                             ; 6.32e-10 s                 ; 5.89e-10 s                 ; No                        ; Yes                       ;
; match_lines[1]  ; 2.5 V        ; 0 s                 ; 0 s                 ; 2.32 V                       ; 1.21e-06 V                   ; 2.36 V              ; -0.00833 V          ; 0.113 V                              ; 0.035 V                              ; 6.32e-10 s                  ; 5.89e-10 s                  ; No                         ; Yes                        ; 2.32 V                      ; 1.21e-06 V                  ; 2.36 V             ; -0.00833 V         ; 0.113 V                             ; 0.035 V                             ; 6.32e-10 s                 ; 5.89e-10 s                 ; No                        ; Yes                       ;
; match_lines[2]  ; 2.5 V        ; 0 s                 ; 0 s                 ; 2.32 V                       ; 1.21e-06 V                   ; 2.37 V              ; -0.00606 V          ; 0.107 V                              ; 0.021 V                              ; 4.26e-10 s                  ; 4.03e-10 s                  ; Yes                        ; Yes                        ; 2.32 V                      ; 1.21e-06 V                  ; 2.37 V             ; -0.00606 V         ; 0.107 V                             ; 0.021 V                             ; 4.26e-10 s                 ; 4.03e-10 s                 ; Yes                       ; Yes                       ;
; match_lines[3]  ; 2.5 V        ; 0 s                 ; 0 s                 ; 2.32 V                       ; 1.21e-06 V                   ; 2.36 V              ; -0.00833 V          ; 0.113 V                              ; 0.035 V                              ; 6.32e-10 s                  ; 5.89e-10 s                  ; No                         ; Yes                        ; 2.32 V                      ; 1.21e-06 V                  ; 2.36 V             ; -0.00833 V         ; 0.113 V                             ; 0.035 V                             ; 6.32e-10 s                 ; 5.89e-10 s                 ; No                        ; Yes                       ;
; match_lines[4]  ; 2.5 V        ; 0 s                 ; 0 s                 ; 2.32 V                       ; 1.21e-06 V                   ; 2.37 V              ; -0.00606 V          ; 0.107 V                              ; 0.021 V                              ; 4.26e-10 s                  ; 4.03e-10 s                  ; Yes                        ; Yes                        ; 2.32 V                      ; 1.21e-06 V                  ; 2.37 V             ; -0.00606 V         ; 0.107 V                             ; 0.021 V                             ; 4.26e-10 s                 ; 4.03e-10 s                 ; Yes                       ; Yes                       ;
; match_lines[5]  ; 2.5 V        ; 0 s                 ; 0 s                 ; 2.32 V                       ; 1.21e-06 V                   ; 2.36 V              ; -0.00833 V          ; 0.113 V                              ; 0.035 V                              ; 6.32e-10 s                  ; 5.89e-10 s                  ; No                         ; Yes                        ; 2.32 V                      ; 1.21e-06 V                  ; 2.36 V             ; -0.00833 V         ; 0.113 V                             ; 0.035 V                             ; 6.32e-10 s                 ; 5.89e-10 s                 ; No                        ; Yes                       ;
; match_lines[6]  ; 2.5 V        ; 0 s                 ; 0 s                 ; 2.32 V                       ; 1.21e-06 V                   ; 2.36 V              ; -0.00833 V          ; 0.113 V                              ; 0.035 V                              ; 6.32e-10 s                  ; 5.89e-10 s                  ; No                         ; Yes                        ; 2.32 V                      ; 1.21e-06 V                  ; 2.36 V             ; -0.00833 V         ; 0.113 V                             ; 0.035 V                             ; 6.32e-10 s                 ; 5.89e-10 s                 ; No                        ; Yes                       ;
; match_lines[7]  ; 2.5 V        ; 0 s                 ; 0 s                 ; 2.32 V                       ; 1.21e-06 V                   ; 2.36 V              ; -0.00833 V          ; 0.113 V                              ; 0.035 V                              ; 6.32e-10 s                  ; 5.89e-10 s                  ; No                         ; Yes                        ; 2.32 V                      ; 1.21e-06 V                  ; 2.36 V             ; -0.00833 V         ; 0.113 V                             ; 0.035 V                             ; 6.32e-10 s                 ; 5.89e-10 s                 ; No                        ; Yes                       ;
; match_lines[8]  ; 2.5 V        ; 0 s                 ; 0 s                 ; 2.32 V                       ; 1.21e-06 V                   ; 2.33 V              ; -0.00286 V          ; 0.193 V                              ; 0.042 V                              ; 2.32e-09 s                  ; 2.21e-09 s                  ; Yes                        ; Yes                        ; 2.32 V                      ; 1.21e-06 V                  ; 2.33 V             ; -0.00286 V         ; 0.193 V                             ; 0.042 V                             ; 2.32e-09 s                 ; 2.21e-09 s                 ; Yes                       ; Yes                       ;
; match_lines[9]  ; 2.5 V        ; 0 s                 ; 0 s                 ; 2.32 V                       ; 1.21e-06 V                   ; 2.36 V              ; -0.00833 V          ; 0.113 V                              ; 0.035 V                              ; 6.32e-10 s                  ; 5.89e-10 s                  ; No                         ; Yes                        ; 2.32 V                      ; 1.21e-06 V                  ; 2.36 V             ; -0.00833 V         ; 0.113 V                             ; 0.035 V                             ; 6.32e-10 s                 ; 5.89e-10 s                 ; No                        ; Yes                       ;
; match_lines[10] ; 2.5 V        ; 0 s                 ; 0 s                 ; 2.32 V                       ; 1.21e-06 V                   ; 2.33 V              ; -0.00286 V          ; 0.193 V                              ; 0.042 V                              ; 2.32e-09 s                  ; 2.21e-09 s                  ; Yes                        ; Yes                        ; 2.32 V                      ; 1.21e-06 V                  ; 2.33 V             ; -0.00286 V         ; 0.193 V                             ; 0.042 V                             ; 2.32e-09 s                 ; 2.21e-09 s                 ; Yes                       ; Yes                       ;
; match_lines[11] ; 2.5 V        ; 0 s                 ; 0 s                 ; 2.32 V                       ; 1.21e-06 V                   ; 2.36 V              ; -0.00833 V          ; 0.113 V                              ; 0.035 V                              ; 6.32e-10 s                  ; 5.89e-10 s                  ; No                         ; Yes                        ; 2.32 V                      ; 1.21e-06 V                  ; 2.36 V             ; -0.00833 V         ; 0.113 V                             ; 0.035 V                             ; 6.32e-10 s                 ; 5.89e-10 s                 ; No                        ; Yes                       ;
; match_lines[12] ; 2.5 V        ; 0 s                 ; 0 s                 ; 2.32 V                       ; 1.21e-06 V                   ; 2.36 V              ; -0.00833 V          ; 0.113 V                              ; 0.035 V                              ; 6.32e-10 s                  ; 5.89e-10 s                  ; No                         ; Yes                        ; 2.32 V                      ; 1.21e-06 V                  ; 2.36 V             ; -0.00833 V         ; 0.113 V                             ; 0.035 V                             ; 6.32e-10 s                 ; 5.89e-10 s                 ; No                        ; Yes                       ;
; match_lines[13] ; 2.5 V        ; 0 s                 ; 0 s                 ; 2.32 V                       ; 1.21e-06 V                   ; 2.36 V              ; -0.00833 V          ; 0.113 V                              ; 0.035 V                              ; 6.32e-10 s                  ; 5.89e-10 s                  ; No                         ; Yes                        ; 2.32 V                      ; 1.21e-06 V                  ; 2.36 V             ; -0.00833 V         ; 0.113 V                             ; 0.035 V                             ; 6.32e-10 s                 ; 5.89e-10 s                 ; No                        ; Yes                       ;
; match_lines[14] ; 2.5 V        ; 0 s                 ; 0 s                 ; 2.32 V                       ; 1.21e-06 V                   ; 2.36 V              ; -0.00833 V          ; 0.113 V                              ; 0.035 V                              ; 6.32e-10 s                  ; 5.89e-10 s                  ; No                         ; Yes                        ; 2.32 V                      ; 1.21e-06 V                  ; 2.36 V             ; -0.00833 V         ; 0.113 V                             ; 0.035 V                             ; 6.32e-10 s                 ; 5.89e-10 s                 ; No                        ; Yes                       ;
; match_lines[15] ; 2.5 V        ; 0 s                 ; 0 s                 ; 2.32 V                       ; 1.21e-06 V                   ; 2.36 V              ; -0.00833 V          ; 0.113 V                              ; 0.035 V                              ; 6.32e-10 s                  ; 5.89e-10 s                  ; No                         ; Yes                        ; 2.32 V                      ; 1.21e-06 V                  ; 2.36 V             ; -0.00833 V         ; 0.113 V                             ; 0.035 V                             ; 6.32e-10 s                 ; 5.89e-10 s                 ; No                        ; Yes                       ;
; ~ALTERA_NCEO~   ; 2.5 V        ; 0 s                 ; 0 s                 ; 2.32 V                       ; 7.93e-07 V                   ; 2.37 V              ; -0.0278 V           ; 0.106 V                              ; 0.115 V                              ; 2.69e-10 s                  ; 4.05e-10 s                  ; Yes                        ; Yes                        ; 2.32 V                      ; 7.93e-07 V                  ; 2.37 V             ; -0.0278 V          ; 0.106 V                             ; 0.115 V                             ; 2.69e-10 s                 ; 4.05e-10 s                 ; Yes                       ; Yes                       ;
; ~ALTERA_DCLK~   ; 2.5 V        ; 0 s                 ; 0 s                 ; 2.32 V                       ; 9.76e-07 V                   ; 2.36 V              ; -0.00439 V          ; 0.088 V                              ; 0.007 V                              ; 4.05e-10 s                  ; 3.35e-10 s                  ; Yes                        ; Yes                        ; 2.32 V                      ; 9.76e-07 V                  ; 2.36 V             ; -0.00439 V         ; 0.088 V                             ; 0.007 V                             ; 4.05e-10 s                 ; 3.35e-10 s                 ; Yes                       ; Yes                       ;
+-----------------+--------------+---------------------+---------------------+------------------------------+------------------------------+---------------------+---------------------+--------------------------------------+--------------------------------------+-----------------------------+-----------------------------+----------------------------+----------------------------+-----------------------------+-----------------------------+--------------------+--------------------+-------------------------------------+-------------------------------------+----------------------------+----------------------------+---------------------------+---------------------------+


+----------------------------------------------------------------------------------------------------------------------------------------------------------------------------------------------------------------------------------------------------------------------------------------------------------------------------------------------------------------------------------------------------------------------------------------------------------------------------------------------------------------------------------------------------------------------------------------------------------------------------------------------------------------------------------------------+
; Signal Integrity Metrics (Fast 1200mv 0c Model)                                                                                                                                                                                                                                                                                                                                                                                                                                                                                                                                                                                                                                              ;
+-----------------+--------------+---------------------+---------------------+------------------------------+------------------------------+---------------------+---------------------+--------------------------------------+--------------------------------------+-----------------------------+-----------------------------+----------------------------+----------------------------+-----------------------------+-----------------------------+--------------------+--------------------+-------------------------------------+-------------------------------------+----------------------------+----------------------------+---------------------------+---------------------------+
; Pin             ; I/O Standard ; Board Delay on Rise ; Board Delay on Fall ; Steady State Voh at FPGA Pin ; Steady State Vol at FPGA Pin ; Voh Max at FPGA Pin ; Vol Min at FPGA Pin ; Ringback Voltage on Rise at FPGA Pin ; Ringback Voltage on Fall at FPGA Pin ; 10-90 Rise Time at FPGA Pin ; 90-10 Fall Time at FPGA Pin ; Monotonic Rise at FPGA Pin ; Monotonic Fall at FPGA Pin ; Steady State Voh at Far-end ; Steady State Vol at Far-end ; Voh Max at Far-end ; Vol Min at Far-end ; Ringback Voltage on Rise at Far-end ; Ringback Voltage on Fall at Far-end ; 10-90 Rise Time at Far-end ; 90-10 Fall Time at Far-end ; Monotonic Rise at Far-end ; Monotonic Fall at Far-end ;
+-----------------+--------------+---------------------+---------------------+------------------------------+------------------------------+---------------------+---------------------+--------------------------------------+--------------------------------------+-----------------------------+-----------------------------+----------------------------+----------------------------+-----------------------------+-----------------------------+--------------------+--------------------+-------------------------------------+-------------------------------------+----------------------------+----------------------------+---------------------------+---------------------------+
; match_lines[0]  ; 2.5 V        ; 0 s                 ; 0 s                 ; 2.62 V                       ; 4.66e-08 V                   ; 2.72 V              ; -0.0215 V           ; 0.161 V                              ; 0.061 V                              ; 4.44e-10 s                  ; 4.06e-10 s                  ; No                         ; Yes                        ; 2.62 V                      ; 4.66e-08 V                  ; 2.72 V             ; -0.0215 V          ; 0.161 V                             ; 0.061 V                             ; 4.44e-10 s                 ; 4.06e-10 s                 ; No                        ; Yes                       ;
; match_lines[1]  ; 2.5 V        ; 0 s                 ; 0 s                 ; 2.62 V                       ; 4.66e-08 V                   ; 2.72 V              ; -0.0215 V           ; 0.161 V                              ; 0.061 V                              ; 4.44e-10 s                  ; 4.06e-10 s                  ; No                         ; Yes                        ; 2.62 V                      ; 4.66e-08 V                  ; 2.72 V             ; -0.0215 V          ; 0.161 V                             ; 0.061 V                             ; 4.44e-10 s                 ; 4.06e-10 s                 ; No                        ; Yes                       ;
; match_lines[2]  ; 2.5 V        ; 0 s                 ; 0 s                 ; 2.62 V                       ; 4.66e-08 V                   ; 2.73 V              ; -0.0205 V           ; 0.17 V                               ; 0.027 V                              ; 2.58e-10 s                  ; 2.57e-10 s                  ; Yes                        ; Yes                        ; 2.62 V                      ; 4.66e-08 V                  ; 2.73 V             ; -0.0205 V          ; 0.17 V                              ; 0.027 V                             ; 2.58e-10 s                 ; 2.57e-10 s                 ; Yes                       ; Yes                       ;
; match_lines[3]  ; 2.5 V        ; 0 s                 ; 0 s                 ; 2.62 V                       ; 4.66e-08 V                   ; 2.72 V              ; -0.0215 V           ; 0.161 V                              ; 0.061 V                              ; 4.44e-10 s                  ; 4.06e-10 s                  ; No                         ; Yes                        ; 2.62 V                      ; 4.66e-08 V                  ; 2.72 V             ; -0.0215 V          ; 0.161 V                             ; 0.061 V                             ; 4.44e-10 s                 ; 4.06e-10 s                 ; No                        ; Yes                       ;
; match_lines[4]  ; 2.5 V        ; 0 s                 ; 0 s                 ; 2.62 V                       ; 4.66e-08 V                   ; 2.73 V              ; -0.0205 V           ; 0.17 V                               ; 0.027 V                              ; 2.58e-10 s                  ; 2.57e-10 s                  ; Yes                        ; Yes                        ; 2.62 V                      ; 4.66e-08 V                  ; 2.73 V             ; -0.0205 V          ; 0.17 V                              ; 0.027 V                             ; 2.58e-10 s                 ; 2.57e-10 s                 ; Yes                       ; Yes                       ;
; match_lines[5]  ; 2.5 V        ; 0 s                 ; 0 s                 ; 2.62 V                       ; 4.66e-08 V                   ; 2.72 V              ; -0.0215 V           ; 0.161 V                              ; 0.061 V                              ; 4.44e-10 s                  ; 4.06e-10 s                  ; No                         ; Yes                        ; 2.62 V                      ; 4.66e-08 V                  ; 2.72 V             ; -0.0215 V          ; 0.161 V                             ; 0.061 V                             ; 4.44e-10 s                 ; 4.06e-10 s                 ; No                        ; Yes                       ;
; match_lines[6]  ; 2.5 V        ; 0 s                 ; 0 s                 ; 2.62 V                       ; 4.66e-08 V                   ; 2.72 V              ; -0.0215 V           ; 0.161 V                              ; 0.061 V                              ; 4.44e-10 s                  ; 4.06e-10 s                  ; No                         ; Yes                        ; 2.62 V                      ; 4.66e-08 V                  ; 2.72 V             ; -0.0215 V          ; 0.161 V                             ; 0.061 V                             ; 4.44e-10 s                 ; 4.06e-10 s                 ; No                        ; Yes                       ;
; match_lines[7]  ; 2.5 V        ; 0 s                 ; 0 s                 ; 2.62 V                       ; 4.66e-08 V                   ; 2.72 V              ; -0.0215 V           ; 0.161 V                              ; 0.061 V                              ; 4.44e-10 s                  ; 4.06e-10 s                  ; No                         ; Yes                        ; 2.62 V                      ; 4.66e-08 V                  ; 2.72 V             ; -0.0215 V          ; 0.161 V                             ; 0.061 V                             ; 4.44e-10 s                 ; 4.06e-10 s                 ; No                        ; Yes                       ;
; match_lines[8]  ; 2.5 V        ; 0 s                 ; 0 s                 ; 2.62 V                       ; 4.66e-08 V                   ; 2.65 V              ; -0.0115 V           ; 0.219 V                              ; 0.115 V                              ; 1.64e-09 s                  ; 1.57e-09 s                  ; No                         ; Yes                        ; 2.62 V                      ; 4.66e-08 V                  ; 2.65 V             ; -0.0115 V          ; 0.219 V                             ; 0.115 V                             ; 1.64e-09 s                 ; 1.57e-09 s                 ; No                        ; Yes                       ;
; match_lines[9]  ; 2.5 V        ; 0 s                 ; 0 s                 ; 2.62 V                       ; 4.66e-08 V                   ; 2.72 V              ; -0.0215 V           ; 0.161 V                              ; 0.061 V                              ; 4.44e-10 s                  ; 4.06e-10 s                  ; No                         ; Yes                        ; 2.62 V                      ; 4.66e-08 V                  ; 2.72 V             ; -0.0215 V          ; 0.161 V                             ; 0.061 V                             ; 4.44e-10 s                 ; 4.06e-10 s                 ; No                        ; Yes                       ;
; match_lines[10] ; 2.5 V        ; 0 s                 ; 0 s                 ; 2.62 V                       ; 4.66e-08 V                   ; 2.65 V              ; -0.0115 V           ; 0.219 V                              ; 0.115 V                              ; 1.64e-09 s                  ; 1.57e-09 s                  ; No                         ; Yes                        ; 2.62 V                      ; 4.66e-08 V                  ; 2.65 V             ; -0.0115 V          ; 0.219 V                             ; 0.115 V                             ; 1.64e-09 s                 ; 1.57e-09 s                 ; No                        ; Yes                       ;
; match_lines[11] ; 2.5 V        ; 0 s                 ; 0 s                 ; 2.62 V                       ; 4.66e-08 V                   ; 2.72 V              ; -0.0215 V           ; 0.161 V                              ; 0.061 V                              ; 4.44e-10 s                  ; 4.06e-10 s                  ; No                         ; Yes                        ; 2.62 V                      ; 4.66e-08 V                  ; 2.72 V             ; -0.0215 V          ; 0.161 V                             ; 0.061 V                             ; 4.44e-10 s                 ; 4.06e-10 s                 ; No                        ; Yes                       ;
; match_lines[12] ; 2.5 V        ; 0 s                 ; 0 s                 ; 2.62 V                       ; 4.66e-08 V                   ; 2.72 V              ; -0.0215 V           ; 0.161 V                              ; 0.061 V                              ; 4.44e-10 s                  ; 4.06e-10 s                  ; No                         ; Yes                        ; 2.62 V                      ; 4.66e-08 V                  ; 2.72 V             ; -0.0215 V          ; 0.161 V                             ; 0.061 V                             ; 4.44e-10 s                 ; 4.06e-10 s                 ; No                        ; Yes                       ;
; match_lines[13] ; 2.5 V        ; 0 s                 ; 0 s                 ; 2.62 V                       ; 4.66e-08 V                   ; 2.72 V              ; -0.0215 V           ; 0.161 V                              ; 0.061 V                              ; 4.44e-10 s                  ; 4.06e-10 s                  ; No                         ; Yes                        ; 2.62 V                      ; 4.66e-08 V                  ; 2.72 V             ; -0.0215 V          ; 0.161 V                             ; 0.061 V                             ; 4.44e-10 s                 ; 4.06e-10 s                 ; No                        ; Yes                       ;
; match_lines[14] ; 2.5 V        ; 0 s                 ; 0 s                 ; 2.62 V                       ; 4.66e-08 V                   ; 2.72 V              ; -0.0215 V           ; 0.161 V                              ; 0.061 V                              ; 4.44e-10 s                  ; 4.06e-10 s                  ; No                         ; Yes                        ; 2.62 V                      ; 4.66e-08 V                  ; 2.72 V             ; -0.0215 V          ; 0.161 V                             ; 0.061 V                             ; 4.44e-10 s                 ; 4.06e-10 s                 ; No                        ; Yes                       ;
; match_lines[15] ; 2.5 V        ; 0 s                 ; 0 s                 ; 2.62 V                       ; 4.66e-08 V                   ; 2.72 V              ; -0.0215 V           ; 0.161 V                              ; 0.061 V                              ; 4.44e-10 s                  ; 4.06e-10 s                  ; No                         ; Yes                        ; 2.62 V                      ; 4.66e-08 V                  ; 2.72 V             ; -0.0215 V          ; 0.161 V                             ; 0.061 V                             ; 4.44e-10 s                 ; 4.06e-10 s                 ; No                        ; Yes                       ;
; ~ALTERA_NCEO~   ; 2.5 V        ; 0 s                 ; 0 s                 ; 2.62 V                       ; 3.06e-08 V                   ; 2.86 V              ; -0.0341 V           ; 0.364 V                              ; 0.046 V                              ; 1.17e-10 s                  ; 2.6e-10 s                   ; No                         ; Yes                        ; 2.62 V                      ; 3.06e-08 V                  ; 2.86 V             ; -0.0341 V          ; 0.364 V                             ; 0.046 V                             ; 1.17e-10 s                 ; 2.6e-10 s                  ; No                        ; Yes                       ;
; ~ALTERA_DCLK~   ; 2.5 V        ; 0 s                 ; 0 s                 ; 2.62 V                       ; 3.81e-08 V                   ; 2.72 V              ; -0.0542 V           ; 0.144 V                              ; 0.087 V                              ; 2.55e-10 s                  ; 2.14e-10 s                  ; Yes                        ; Yes                        ; 2.62 V                      ; 3.81e-08 V                  ; 2.72 V             ; -0.0542 V          ; 0.144 V                             ; 0.087 V                             ; 2.55e-10 s                 ; 2.14e-10 s                 ; Yes                       ; Yes                       ;
+-----------------+--------------+---------------------+---------------------+------------------------------+------------------------------+---------------------+---------------------+--------------------------------------+--------------------------------------+-----------------------------+-----------------------------+----------------------------+----------------------------+-----------------------------+-----------------------------+--------------------+--------------------+-------------------------------------+-------------------------------------+----------------------------+----------------------------+---------------------------+---------------------------+


+-------------------------------------------------------------------+
; Setup Transfers                                                   ;
+------------+----------+----------+----------+----------+----------+
; From Clock ; To Clock ; RR Paths ; FR Paths ; RF Paths ; FF Paths ;
+------------+----------+----------+----------+----------+----------+
; clk        ; clk      ; 16       ; 0        ; 0        ; 0        ;
+------------+----------+----------+----------+----------+----------+
Entries labeled "false path" only account for clock-to-clock false paths and not path-based false paths. As a result, actual path counts may be lower than reported.


+-------------------------------------------------------------------+
; Hold Transfers                                                    ;
+------------+----------+----------+----------+----------+----------+
; From Clock ; To Clock ; RR Paths ; FR Paths ; RF Paths ; FF Paths ;
+------------+----------+----------+----------+----------+----------+
; clk        ; clk      ; 16       ; 0        ; 0        ; 0        ;
+------------+----------+----------+----------+----------+----------+
Entries labeled "false path" only account for clock-to-clock false paths and not path-based false paths. As a result, actual path counts may be lower than reported.


---------------
; Report TCCS ;
---------------
No dedicated SERDES Transmitter circuitry present in device or used in design


---------------
; Report RSKM ;
---------------
No dedicated SERDES Receiver circuitry present in device or used in design


+------------------------------------------------+
; Unconstrained Paths                            ;
+---------------------------------+-------+------+
; Property                        ; Setup ; Hold ;
+---------------------------------+-------+------+
; Illegal Clocks                  ; 0     ; 0    ;
; Unconstrained Clocks            ; 0     ; 0    ;
; Unconstrained Input Ports       ; 54    ; 54   ;
; Unconstrained Input Port Paths  ; 3936  ; 3936 ;
; Unconstrained Output Ports      ; 16    ; 16   ;
; Unconstrained Output Port Paths ; 784   ; 784  ;
+---------------------------------+-------+------+


+------------------------------------+
; TimeQuest Timing Analyzer Messages ;
+------------------------------------+
Info: *******************************************************************
Info: Running Quartus II 64-Bit TimeQuest Timing Analyzer
    Info: Version 13.0.1 Build 232 06/12/2013 Service Pack 1 SJ Web Edition
    Info: Processing started: Sat Sep 12 20:59:20 2026
Info: Command: quartus_sta exp9 -c exp9
Info: qsta_default_script.tcl version: #1
Warning (20028): Parallel compilation is not licensed and has been disabled
Info (21076): High junction temperature operating condition is not set. Assuming a default value of '85'.
Info (21076): Low junction temperature operating condition is not set. Assuming a default value of '0'.
Critical Warning (332012): Synopsys Design Constraints File file not found: 'exp9.sdc'. A Synopsys Design Constraints File is required by the TimeQuest Timing Analyzer to get proper timing constraints. Without it, the Compiler will not properly optimize the design.
Info (332142): No user constrained base clocks found in the design. Calling "derive_clocks -period 1.0"
Info (332105): Deriving Clocks
    Info (332105): create_clock -period 1.000 -name clk clk
Info (332143): No user constrained clock uncertainty found in the design. Calling "derive_clock_uncertainty"
Info (332123): Deriving Clock Uncertainty. Please refer to report_sdc in TimeQuest to see clock uncertainties.
Info: Found TIMEQUEST_REPORT_SCRIPT_INCLUDE_DEFAULT_ANALYSIS = ON
Info: Analyzing Slow 1200mV 85C Model
Info (332146): Worst-case setup slack is 0.293
    Info (332119):     Slack End Point TNS Clock 
    Info (332119): ========= ============= =====================
    Info (332119):     0.293         0.000 clk 
Info (332146): Worst-case hold slack is 0.355
    Info (332119):     Slack End Point TNS Clock 
    Info (332119): ========= ============= =====================
    Info (332119):     0.355         0.000 clk 
Info (332140): No Recovery paths to report
Info (332140): No Removal paths to report
Critical Warning (332148): Timing requirements not met
    Info (11105): For recommendations on closing timing, run Report Timing Closure Recommendations in the TimeQuest Timing Analyzer.
Info (332146): Worst-case minimum pulse width slack is -3.000
    Info (332119):     Slack End Point TNS Clock 
    Info (332119): ========= ============= =====================
    Info (332119):    -3.000      -531.000 clk 
Info: Analyzing Slow 1200mV 0C Model
Info (334003): Started post-fitting delay annotation
Info (334004): Delay annotation completed successfully
Info (332123): Deriving Clock Uncertainty. Please refer to report_sdc in TimeQuest to see clock uncertainties.
Info (332146): Worst-case setup slack is 0.376
    Info (332119):     Slack End Point TNS Clock 
    Info (332119): ========= ============= =====================
    Info (332119):     0.376         0.000 clk 
Info (332146): Worst-case hold slack is 0.310
    Info (332119):     Slack End Point TNS Clock 
    Info (332119): ========= ============= =====================
    Info (332119):     0.310         0.000 clk 
Info (332140): No Recovery paths to report
Info (332140): No Removal paths to report
Critical Warning (332148): Timing requirements not met
    Info (11105): For recommendations on closing timing, run Report Timing Closure Recommendations in the TimeQuest Timing Analyzer.
Info (332146): Worst-case minimum pulse width slack is -3.000
    Info (332119):     Slack End Point TNS Clock 
    Info (332119): ========= ============= =====================
    Info (332119):    -3.000      -531.000 clk 
Info: Analyzing Fast 1200mV 0C Model
Info (332123): Deriving Clock Uncertainty. Please refer to report_sdc in TimeQuest to see clock uncertainties.
Info (332146): Worst-case setup slack is 0.600
    Info (332119):     Slack End Point TNS Clock 
    Info (332119): ========= ============= =====================
    Info (332119):     0.600         0.000 clk 
Info (332146): Worst-case hold slack is 0.186
    Info (332119):     Slack End Point TNS Clock 
    Info (332119): ========= ============= =====================
    Info (332119):     0.186         0.000 clk 
Info (332140): No Recovery paths to report
Info (332140): No Removal paths to report
Critical Warning (332148): Timing requirements not met
    Info (11105): For recommendations on closing timing, run Report Timing Closure Recommendations in the TimeQuest Timing Analyzer.
Info (332146): Worst-case minimum pulse width slack is -3.000
    Info (332119):     Slack End Point TNS Clock 
    Info (332119): ========= ============= =====================
    Info (332119):    -3.000      -544.429 clk 
Info (332102): Design is not fully constrained for setup requirements
Info (332102): Design is not fully constrained for hold requirements
Info: Quartus II 64-Bit TimeQuest Timing Analyzer was successful. 0 errors, 5 warnings
    Info: Peak virtual memory: 4627 megabytes
    Info: Processing ended: Sat Sep 12 20:59:22 2026
    Info: Elapsed time: 00:00:02
    Info: Total CPU time (on all processors): 00:00:02


